/*
SQLyog Ultimate v11.11 (64 bit)
MySQL - 5.5.5-10.1.25-MariaDB : Database - assets
*********************************************************************
*/

/*!40101 SET NAMES utf8 */;

/*!40101 SET SQL_MODE=''*/;

/*!40014 SET @OLD_UNIQUE_CHECKS=@@UNIQUE_CHECKS, UNIQUE_CHECKS=0 */;
/*!40014 SET @OLD_FOREIGN_KEY_CHECKS=@@FOREIGN_KEY_CHECKS, FOREIGN_KEY_CHECKS=0 */;
/*!40101 SET @OLD_SQL_MODE=@@SQL_MODE, SQL_MODE='NO_AUTO_VALUE_ON_ZERO' */;
/*!40111 SET @OLD_SQL_NOTES=@@SQL_NOTES, SQL_NOTES=0 */;
CREATE DATABASE /*!32312 IF NOT EXISTS*/`assets` /*!40100 DEFAULT CHARACTER SET latin1 */;

USE `assets`;

/*Table structure for table `m_account` */

DROP TABLE IF EXISTS `m_account`;

CREATE TABLE `m_account` (
  `code` int(11) NOT NULL,
  `description` varchar(255) NOT NULL,
  `category_code` int(11) NOT NULL,
  `account_group` varchar(25) DEFAULT NULL,
  `active` tinyint(1) DEFAULT NULL,
  `created_datetime` datetime DEFAULT NULL,
  `created_by` int(3) DEFAULT NULL,
  `modified_datetime` datetime DEFAULT NULL,
  `modified_by` int(3) DEFAULT NULL,
  PRIMARY KEY (`code`),
  KEY `fk_account_account_category1_idx` (`category_code`)
) ENGINE=InnoDB DEFAULT CHARSET=latin1;

/*Data for the table `m_account` */

insert  into `m_account`(`code`,`description`,`category_code`,`account_group`,`active`,`created_datetime`,`created_by`,`modified_datetime`,`modified_by`) values (10000,'Cash Salse',1,'',0,'2018-02-28 11:37:20',17,'2018-04-29 05:08:38',17),(10001,'Receiprts bills',1,'',NULL,'2018-02-28 11:37:37',17,'2018-02-28 11:37:37',17),(10002,'43243',1,'',NULL,'2018-02-28 11:37:42',17,'2018-02-28 11:37:42',17),(10003,'2342',1,'',NULL,'2018-02-28 11:37:45',17,'2018-02-28 11:37:45',17),(20000,'324234',2,'2342',NULL,'2018-02-28 11:37:51',17,'2018-02-28 11:37:51',17),(20001,'2423',2,'',NULL,'2018-02-28 11:37:59',17,'2018-02-28 11:37:59',17),(40000,'4523454',4,'523452345',NULL,'2018-02-28 11:38:14',17,'2018-02-28 11:38:14',17);

/*Table structure for table `m_account_category` */

DROP TABLE IF EXISTS `m_account_category`;

CREATE TABLE `m_account_category` (
  `code` int(11) NOT NULL,
  `description` varchar(255) DEFAULT NULL,
  `parent_code` int(11) DEFAULT NULL,
  `type` varchar(255) DEFAULT NULL,
  `path` varchar(100) DEFAULT NULL,
  `created_datetime` datetime DEFAULT NULL,
  `created_by` int(3) DEFAULT NULL,
  `modified_datetime` datetime DEFAULT NULL,
  `modified_by` int(3) DEFAULT NULL,
  PRIMARY KEY (`code`),
  KEY `fk_account_category_account_category1_idx` (`parent_code`)
) ENGINE=InnoDB DEFAULT CHARSET=latin1;

/*Data for the table `m_account_category` */

insert  into `m_account_category`(`code`,`description`,`parent_code`,`type`,`path`,`created_datetime`,`created_by`,`modified_datetime`,`modified_by`) values (1,'Income',0,'BALANCE_SHEET',NULL,'2018-02-28 08:38:45',17,'2018-02-28 08:38:45',17),(2,'Expense',0,NULL,NULL,'2018-02-28 08:38:50',17,'2018-02-28 08:38:50',17),(3,'Asset',0,NULL,NULL,'2018-02-28 08:38:56',17,'2018-02-28 08:38:56',17),(4,'Liability',0,NULL,NULL,'2018-02-28 08:39:00',17,'2018-02-28 08:49:22',17),(5,'Equity',0,NULL,NULL,'2018-02-28 08:39:11',17,'2018-02-28 08:39:11',17),(6,'Ordinary Income',1,'PROFIT_AND_LOSS',NULL,'2018-02-28 08:40:20',17,'2018-02-28 08:53:28',17),(7,'Pawning Interest',1,'BALANCE_SHEET',NULL,'2018-02-28 08:40:30',17,'2018-02-28 08:53:52',17),(8,'Profit from Auction Jewellery',1,'PROFIT_AND_LOSS',NULL,'2018-02-28 08:40:41',17,'2018-02-28 09:06:52',17),(9,'Item Loss Illegal and imitioan',2,'PROFIT_AND_LOSS',NULL,'2018-02-28 08:42:17',17,'2018-02-28 08:56:32',17);

/*Table structure for table `m_account_setting` */

DROP TABLE IF EXISTS `m_account_setting`;

CREATE TABLE `m_account_setting` (
  `code` varchar(40) NOT NULL,
  `name` varchar(50) DEFAULT NULL,
  `transaction_type` varchar(25) NOT NULL,
  `credit_or_debit` enum('CREDIT','DEBIT') NOT NULL,
  `account` varchar(10) DEFAULT NULL,
  `active` tinyint(1) NOT NULL,
  PRIMARY KEY (`code`),
  KEY `fk_account_setting_transaction_type1_idx` (`transaction_type`),
  KEY `fk_account_setting_account1_idx` (`account`)
) ENGINE=InnoDB DEFAULT CHARSET=latin1;

/*Data for the table `m_account_setting` */

/*Table structure for table `m_branch` */

DROP TABLE IF EXISTS `m_branch`;

CREATE TABLE `m_branch` (
  `cl` int(11) NOT NULL,
  `bc` int(11) NOT NULL,
  `name` varchar(50) NOT NULL,
  `address` varchar(100) DEFAULT '',
  `tp` varchar(20) DEFAULT '',
  `fax` varchar(20) DEFAULT '',
  `email` varchar(50) DEFAULT '',
  `oc` varchar(20) NOT NULL,
  `action_date` timestamp NULL DEFAULT CURRENT_TIMESTAMP ON UPDATE CURRENT_TIMESTAMP,
  `is_active` tinyint(1) DEFAULT '1',
  PRIMARY KEY (`cl`,`bc`),
  UNIQUE KEY `bc` (`bc`),
  CONSTRAINT `m_branch_ibfk_1` FOREIGN KEY (`cl`) REFERENCES `m_cluster` (`code`)
) ENGINE=InnoDB DEFAULT CHARSET=latin1;

/*Data for the table `m_branch` */

insert  into `m_branch`(`cl`,`bc`,`name`,`address`,`tp`,`fax`,`email`,`oc`,`action_date`,`is_active`) values (1,1,'Kurugegala','344-350 Katugastota-Kurunegala-Puttalam Hwy, Kurunegala','0372224218','0372224218','','1','2018-03-20 23:30:20',1);

/*Table structure for table `m_brand` */

DROP TABLE IF EXISTS `m_brand`;

CREATE TABLE `m_brand` (
  `code` int(11) NOT NULL,
  `description` varchar(50) NOT NULL,
  `oc` varchar(20) NOT NULL,
  `action_date` timestamp NOT NULL DEFAULT CURRENT_TIMESTAMP ON UPDATE CURRENT_TIMESTAMP,
  PRIMARY KEY (`code`)
) ENGINE=InnoDB DEFAULT CHARSET=latin1;

/*Data for the table `m_brand` */

insert  into `m_brand`(`code`,`description`,`oc`,`action_date`) values (1,'LG','1','2018-03-21 00:19:57'),(2,'Sony','1','2018-03-21 00:20:09'),(3,'samsung','1','2018-03-22 23:01:47'),(4,'Lenovo','1','2018-03-22 23:40:08'),(5,'Sharp','1','2018-03-28 22:32:47'),(6,'Wooden','1','2018-03-28 22:57:49'),(7,'Iron','1','2018-03-28 22:59:53'),(8,'Unbranded','1','2018-03-28 23:08:25'),(9,'Unic','1','2018-03-28 23:22:07'),(10,'scotsman','1','2018-03-29 00:58:43'),(11,'zanussi','1','2018-03-29 00:59:00'),(12,'Singer','1','2018-03-29 00:59:14'),(13,'Instant mate','1','2018-03-29 00:59:27'),(14,'FEC','1','2018-03-29 01:00:18'),(15,'Posiflex','1','2018-03-29 01:00:28'),(16,'Coke','1','2018-03-29 01:00:57'),(17,'Carlsberg','1','2018-03-29 01:01:10'),(18,'Cona','1','2018-03-29 01:01:20'),(19,'Berjaya','1','2018-03-29 01:01:35'),(20,'Telesonic','1','2018-03-29 01:02:04'),(21,'Usha','1','2018-03-29 01:06:04'),(22,'AOC','1','2018-03-29 05:06:36'),(23,'DIP','1','2018-03-29 05:06:45'),(24,'HP','1','2018-03-29 05:07:05'),(25,'DIMAX','1','2018-03-29 05:07:22'),(26,'Edge corE','1','2018-03-29 05:07:38'),(27,'4ipnet','1','2018-03-29 05:07:51'),(28,'POWER','1','2018-03-29 05:08:06'),(29,'SIGNMAX','1','2018-03-29 05:08:17'),(30,'EPSON','1','2018-03-29 05:08:28'),(31,'BIXOLON','1','2018-03-29 05:08:41'),(32,'FEC','1','2018-03-29 05:08:52'),(33,'POSIFLEX','1','2018-03-29 05:09:02'),(34,'Panasonic','1','2018-04-20 00:11:37'),(35,'PRIMUS','1','2018-04-20 00:11:48'),(36,'Philips','1','2018-04-20 00:12:24'),(37,'KDK','1','2018-04-20 01:37:22'),(38,'Elecon','1','2018-04-20 02:31:58'),(39,'Dongcheng','1','2018-05-10 05:52:45'),(40,'Lowara','1','2018-05-11 01:35:34'),(41,'Carcher','1','2018-05-11 01:36:00'),(42,'Gooseneck','1','2018-05-11 01:36:40'),(43,'Maktec','1','2018-05-11 01:37:45'),(44,'Detos','1','2018-05-11 01:38:01'),(45,'JBLl','1','2018-05-11 01:38:41'),(46,'MEN','1','2018-05-11 01:39:12'),(47,'Einhell','1','2018-05-11 01:39:40'),(48,'Hitachi','1','2018-05-11 01:40:03'),(49,'Bajaj','1','2018-05-11 01:41:18'),(50,'Crossman','1','2018-05-17 01:20:40'),(51,'SRC','1','2018-05-17 01:20:53'),(52,'Dannio','1','2018-05-17 01:21:09'),(53,'Staney','1','2018-05-17 01:21:38'),(54,'Record','1','2018-05-17 01:22:05'),(55,'OPT','1','2018-05-17 01:24:02'),(56,'Orange','1','2018-05-17 01:24:39'),(57,'Goot','1','2018-05-17 01:24:52'),(58,'Brand','1','2018-05-17 03:53:41'),(59,'Inovex','1','2018-05-18 23:37:44'),(60,'AOC','1','2018-06-03 23:36:16'),(61,'Khine','1','2018-06-03 23:42:42'),(62,'Fimear','1','2018-06-04 05:25:02'),(63,'KDK Ventilating','1','2018-06-06 02:00:23'),(64,'Atlantis','1','2018-07-30 01:51:05'),(65,'HANA','1','2018-07-30 01:52:43'),(66,'NEC','1','2018-07-30 01:53:30'),(67,'Tech pro','1','2018-07-30 01:54:16'),(68,'4 Tech','1','2018-07-30 01:54:43'),(69,'Explorer','1','2018-07-30 02:00:23'),(70,'Hp Laserjet','1','2018-07-30 02:01:25'),(71,'Casio','1','2018-07-30 02:02:37'),(72,'Kangaro','1','2018-07-30 02:02:58'),(73,'VENFON','1','2018-07-30 02:03:25'),(74,'Vingcard Elsafe','1','2018-07-30 02:04:10'),(75,'Jedel','1','2018-07-30 02:07:49'),(76,'Lotus','1','2018-07-30 02:08:16'),(77,'Indeed','1','2018-07-30 02:08:51'),(78,'Xingli','1','2018-07-30 02:09:16'),(79,'Dell','1','2018-07-30 04:25:32'),(80,'Genius','1','2018-08-03 01:15:34'),(81,'DP','1','2018-08-03 01:18:24'),(82,'Sisil','1','2018-08-07 22:14:10'),(83,'Avery','1','2019-06-12 02:45:26'),(84,'Cannon','1','2019-07-18 01:09:09');

/*Table structure for table `m_category` */

DROP TABLE IF EXISTS `m_category`;

CREATE TABLE `m_category` (
  `code` int(11) NOT NULL,
  `description` varchar(50) DEFAULT NULL,
  `oc` varchar(20) NOT NULL,
  `action_date` timestamp NOT NULL DEFAULT CURRENT_TIMESTAMP ON UPDATE CURRENT_TIMESTAMP,
  PRIMARY KEY (`code`)
) ENGINE=InnoDB DEFAULT CHARSET=latin1;

/*Data for the table `m_category` */

insert  into `m_category`(`code`,`description`,`oc`,`action_date`) values (1,'Television','1','2018-03-21 00:23:32'),(2,'Computer','1','2018-03-21 00:28:15'),(3,'furniture','1','2018-03-22 23:07:10'),(4,'Electric','1','2018-03-28 22:33:15'),(5,'Telecommunication','1','2018-03-29 00:37:50'),(6,'Security','1','2018-03-29 00:51:07'),(7,'Network','1','2018-03-29 04:59:22'),(8,'UPS','1','2018-03-29 04:59:45'),(9,'Printer','1','2018-03-29 05:00:13'),(10,'Service Tools','1','2018-04-19 23:23:06'),(11,'Bathroom Items','1','2018-04-20 03:03:07'),(12,'Amenities','1','2018-04-20 04:51:43'),(13,'Laundry Items','1','2018-04-20 05:03:43'),(14,'Cooking Item','1','2018-05-15 03:34:33'),(15,'Kitchen  Item','1','2018-05-15 03:46:49'),(16,'Maintenance  Item','1','2018-05-15 04:40:21'),(17,'Screen','1','2018-05-17 02:14:41'),(18,'Audio  System','1','2018-05-17 23:16:04'),(19,'Banquet  Item','1','2018-06-04 01:10:48'),(20,'Housekeeping Item','1','2018-06-06 02:19:03'),(21,'Machine','1','2018-07-30 03:32:59'),(22,'Front Office  Item','1','2018-07-30 03:56:39'),(23,'Trolley','1','2018-08-03 00:51:00'),(24,'Glass wear','1','2018-08-24 04:25:40'),(25,'DELUX','1','2018-12-13 05:15:37'),(26,'standerd','1','2019-02-09 00:39:04'),(27,'Glasswear','1','2019-02-18 04:24:07'),(28,'Ceramic item','1','2019-02-18 04:25:39'),(29,'Cutlary Item','1','2019-02-18 04:30:02'),(30,'Returant Item','1','2019-02-23 00:13:27');

/*Table structure for table `m_cluster` */

DROP TABLE IF EXISTS `m_cluster`;

CREATE TABLE `m_cluster` (
  `code` int(11) NOT NULL,
  `description` varchar(50) NOT NULL,
  `oc` varchar(20) NOT NULL,
  `action_date` timestamp NOT NULL DEFAULT CURRENT_TIMESTAMP ON UPDATE CURRENT_TIMESTAMP,
  PRIMARY KEY (`code`)
) ENGINE=InnoDB DEFAULT CHARSET=latin1;

/*Data for the table `m_cluster` */

insert  into `m_cluster`(`code`,`description`,`oc`,`action_date`) values (1,'Main','1','2018-02-28 12:31:56');

/*Table structure for table `m_color` */

DROP TABLE IF EXISTS `m_color`;

CREATE TABLE `m_color` (
  `code` int(11) NOT NULL,
  `description` varchar(50) NOT NULL,
  `oc` int(3) DEFAULT NULL,
  PRIMARY KEY (`code`)
) ENGINE=InnoDB DEFAULT CHARSET=latin1;

/*Data for the table `m_color` */

insert  into `m_color`(`code`,`description`,`oc`) values (1,'Red',1),(2,'Brown',1),(3,'White',1);

/*Table structure for table `m_company` */

DROP TABLE IF EXISTS `m_company`;

CREATE TABLE `m_company` (
  `code` int(11) NOT NULL,
  `name` varchar(200) NOT NULL,
  `address01` varchar(100) DEFAULT '',
  `address02` varchar(100) DEFAULT '',
  `address03` varchar(100) DEFAULT '',
  `phone01` varchar(12) DEFAULT '',
  `phone02` varchar(12) DEFAULT '',
  `phone03` varchar(12) DEFAULT '',
  `email` varchar(100) DEFAULT '',
  `fax` varchar(100) DEFAULT NULL,
  `oc` int(11) DEFAULT NULL,
  PRIMARY KEY (`code`)
) ENGINE=InnoDB DEFAULT CHARSET=latin1;

/*Data for the table `m_company` */

insert  into `m_company`(`code`,`name`,`address01`,`address02`,`address03`,`phone01`,`phone02`,`phone03`,`email`,`fax`,`oc`) values (2,'Hotel Kandyan Reach','344-350 Katugastota-Kurunegala-Puttalam Hwy, Kurunegala','','','0372224218','0372224218','','','',1);

/*Table structure for table `m_department` */

DROP TABLE IF EXISTS `m_department`;

CREATE TABLE `m_department` (
  `code` int(11) NOT NULL,
  `description` varchar(50) NOT NULL,
  `oc` int(3) NOT NULL,
  `action_date` timestamp NOT NULL DEFAULT CURRENT_TIMESTAMP ON UPDATE CURRENT_TIMESTAMP,
  PRIMARY KEY (`code`)
) ENGINE=InnoDB DEFAULT CHARSET=latin1;

/*Data for the table `m_department` */

insert  into `m_department`(`code`,`description`,`oc`,`action_date`) values (1,'No name',1,'2018-06-18 06:10:41'),(2,'Transport',1,'2018-03-21 01:42:19'),(3,'IT',1,'2018-03-22 23:51:10'),(4,'Administration',1,'2018-03-28 22:41:25'),(5,'Accounts',1,'2018-03-28 22:41:37'),(6,'Maintenance',1,'2018-03-28 22:42:29'),(7,'F and B',1,'2018-03-28 22:42:55'),(8,'Front Office',1,'2018-03-28 22:43:11'),(9,'Housekeeping',1,'2018-04-20 00:15:46'),(10,'Kitchen',1,'2018-05-15 03:20:39');

/*Table structure for table `m_item` */

DROP TABLE IF EXISTS `m_item`;

CREATE TABLE `m_item` (
  `code` int(11) NOT NULL,
  `description` varchar(50) NOT NULL,
  `department_code` int(11) NOT NULL,
  `category_code` int(11) NOT NULL,
  `subcategory_code` int(11) NOT NULL,
  `brand_code` int(11) NOT NULL,
  `model` varchar(20) NOT NULL,
  `size_code` varchar(11) DEFAULT NULL,
  `unit_code` varchar(11) DEFAULT NULL,
  `purchase_price` decimal(12,2) NOT NULL DEFAULT '0.00',
  `inactive` tinyint(1) DEFAULT '0',
  `is_fa` tinyint(1) DEFAULT '1',
  `dip_period` int(2) DEFAULT NULL,
  `dip_per` decimal(5,2) DEFAULT NULL,
  `is_batch` int(1) unsigned DEFAULT '0',
  `fa_acc` varchar(11) DEFAULT '0',
  `dip_acc` varchar(11) DEFAULT '0',
  `ca_period` int(2) DEFAULT '0',
  `ca_per` decimal(5,2) DEFAULT '0.00',
  `oc` int(3) NOT NULL,
  `action_date` timestamp NOT NULL DEFAULT CURRENT_TIMESTAMP ON UPDATE CURRENT_TIMESTAMP,
  PRIMARY KEY (`code`)
) ENGINE=InnoDB DEFAULT CHARSET=latin1;

/*Data for the table `m_item` */

insert  into `m_item`(`code`,`description`,`department_code`,`category_code`,`subcategory_code`,`brand_code`,`model`,`size_code`,`unit_code`,`purchase_price`,`inactive`,`is_fa`,`dip_period`,`dip_per`,`is_batch`,`fa_acc`,`dip_acc`,`ca_period`,`ca_per`,`oc`,`action_date`) values (3,'Lenovo',3,2,3,4,'ideapad 300','4','3',40000.00,0,1,5,20.00,0,'','',5,20.00,1,'2018-03-22 23:56:48'),(4,'Executive Chair',4,3,4,8,'Executive Chair','4','3',15000.00,0,1,5,20.00,1,'','',0,0.00,1,'2018-03-28 23:08:46'),(6,'Executive Table',4,3,5,8,'Executive Table','4','3',10000.00,0,1,5,20.00,1,'','',0,0.00,1,'2018-03-28 23:11:30'),(7,'Wooden Table',4,3,5,6,'Wooden Table','4','3',3500.00,0,1,5,20.00,1,'','',0,0.00,1,'2018-03-28 23:12:51'),(8,'Rack',4,3,6,6,'Book Rack','4','3',10000.00,0,1,5,20.00,1,'','',0,0.00,1,'2018-03-28 23:14:15'),(9,'Iron Locker',4,3,7,7,'Iron Locker','4','3',10000.00,0,1,10,10.00,1,'','',0,0.00,1,'2018-03-28 23:17:10'),(10,'Iron Cabinet',4,3,8,7,'Iron Cabinet','4','3',15000.00,0,1,10,10.00,0,'','',0,0.00,1,'2018-03-28 23:18:25'),(11,'Air Conditioner',4,4,9,9,'old ','4','3',75000.00,0,1,8,12.50,0,'','',0,0.00,1,'2018-03-28 23:22:23'),(12,'Fax Machine',4,5,10,5,'FO-51','4','3',18000.00,0,1,5,20.00,0,'','',0,0.00,1,'2018-03-29 00:46:30'),(13,'CCTV',6,6,11,8,'HD Recorder','4','3',150000.00,0,1,3,33.00,0,'','',0,0.00,1,'2018-03-30 05:17:14'),(14,'Ceiling Fan',9,25,90,21,'Ceiling Fan','4','3',5000.00,0,1,5,20.00,0,'','',0,0.00,1,'2018-12-28 00:55:49'),(15,'Ice Machine',7,4,13,10,'Ice','4','3',100000.00,0,1,5,2.00,0,'','',0,0.00,1,'2018-03-29 01:55:23'),(16,'Fridge',7,4,14,3,'Fridge','4','3',50000.00,0,1,5,20.00,0,'','',0,0.00,1,'2018-03-29 01:57:23'),(17,'Dish washer',7,4,13,11,'Dish washer','4','3',45000.00,0,1,3,33.00,0,'','',0,0.00,1,'2018-03-29 01:58:45'),(18,'Bottle Cooler',7,4,13,12,'bottle cooler','4','3',50000.00,0,1,5,20.00,0,'','',0,0.00,1,'2018-03-29 02:00:10'),(19,'Boilear',7,4,13,13,'Boilear','4','3',25000.00,0,1,5,20.00,0,'','',0,0.00,1,'2018-03-29 02:23:12'),(20,'Fridge',7,4,14,16,'Fridge','4','3',50000.00,0,1,5,20.00,0,'','',0,0.00,1,'2018-03-29 02:53:22'),(21,'Fridge',7,4,14,17,'Fridge','4','3',50000.00,0,1,5,20.00,0,'','',0,0.00,1,'2018-03-29 02:54:24'),(22,'Toaster',7,4,15,18,'Toaster','4','3',2500.00,0,1,3,33.00,0,'','',0,0.00,1,'2018-03-29 02:57:10'),(23,'Belender',7,4,13,19,'Belender','4','3',6000.00,0,1,3,33.00,0,'','',0,0.00,1,'2018-03-29 02:58:51'),(24,'New table',7,3,5,8,'Table','4','3',2000.00,0,1,5,20.00,0,'','',0,0.00,1,'2018-03-29 03:01:14'),(25,'New chairs',7,3,4,8,'New chairs','4','3',800.00,0,1,5,20.00,0,'','',0,0.00,1,'2018-03-29 03:06:14'),(26,'Salad bar',7,3,6,8,'Salad bar','4','3',3500.00,0,1,5,20.00,0,'','',0,0.00,1,'2018-03-29 03:24:54'),(27,'Liquer trolley',7,3,16,8,'Liquer trolley','4','3',2500.00,0,1,3,33.00,0,'','',0,0.00,1,'2018-03-29 03:27:24'),(28,'Book rack',7,3,6,8,'Book rack','4','3',5000.00,0,1,5,20.00,0,'','',0,0.00,1,'2018-03-29 04:05:13'),(29,'Wall fan',7,4,12,20,'Wall fan','4','3',8000.00,0,1,5,20.00,0,'','',0,0.00,1,'2018-03-29 04:06:54'),(30,'Office table',7,3,5,8,'Office table','4','3',10000.00,0,1,5,20.00,0,'','',0,0.00,1,'2018-03-29 04:07:49'),(31,'Plastic chair',7,3,4,8,'Plastic','4','3',900.00,0,1,5,20.00,0,'','',0,0.00,1,'2018-03-29 04:54:33'),(32,'Buffet table',7,3,5,8,'Buffet table','4','3',10000.00,0,1,5,20.00,0,'','',0,0.00,1,'2018-03-29 04:56:05'),(33,'Switch',3,7,17,25,'ES-312','4','3',18500.00,0,1,5,20.00,0,'','',0,0.00,1,'2018-03-29 05:14:05'),(34,'Switch',3,7,17,26,'ECS2100-10P','4','3',20000.00,0,1,5,20.00,0,'','',0,0.00,1,'2018-03-29 05:17:08'),(35,'Wifi System',3,7,17,27,'WHG321','4','3',130000.00,0,1,5,20.00,0,'','',0,0.00,1,'2018-03-29 05:19:48'),(36,'UPS',3,8,18,23,'1200','4','3',8500.00,0,1,2,50.00,0,'','',0,0.00,1,'2018-03-29 06:20:23'),(37,'HP Computer',3,2,21,24,'HP Compaq','4','3',60000.00,0,1,5,20.00,0,'','',0,0.00,1,'2018-03-30 00:54:49'),(38,'Monitor',3,2,20,22,'15 inch','4','3',10000.00,0,1,3,33.00,0,'','',0,0.00,1,'2019-01-21 01:20:06'),(39,'Iron Table',3,3,5,8,'Iron','4','3',12000.00,0,1,10,10.00,0,'','',0,0.00,1,'2018-03-30 03:11:26'),(40,'CPU',5,2,21,8,'Dual Core','4','3',35000.00,0,1,3,33.00,0,'10002','10003',0,0.00,1,'2018-03-31 23:32:52'),(41,'Monitor',5,2,20,22,'15 inch','4','3',10000.00,0,1,3,33.00,0,'10002','10003',0,0.00,1,'2018-03-31 23:32:27'),(42,'UPS',5,8,19,23,'650','4','3',4000.00,0,1,2,50.00,0,'10002','10003',0,0.00,1,'2018-03-31 23:32:11'),(43,'CPU',5,2,21,8,'Pentium ® 3.00GHz','4','3',35000.00,0,1,3,33.00,0,'10002','10003',0,0.00,1,'2018-03-31 23:31:58'),(44,'Monitor',5,2,20,22,'15 inch','4','3',10000.00,0,1,3,33.00,0,'10002','10003',0,0.00,1,'2018-03-31 23:31:43'),(45,'UPS',5,8,19,28,'650','4','3',4000.00,0,1,2,50.00,0,'10002','10003',0,0.00,1,'2018-03-31 23:31:13'),(46,'CPU',5,2,21,8,'Pentium IV 2.93 GHz','4','3',25000.00,0,1,3,33.00,0,'10002','10003',0,0.00,1,'2018-03-31 23:31:02'),(47,'Monitor',5,2,20,3,'CX722N','4','3',8000.00,0,1,3,33.00,0,'10002','10003',0,0.00,1,'2018-03-31 23:30:30'),(48,'8 Port Switch',3,7,17,29,'065-7012A','','',4000.00,0,1,3,33.00,0,'10002','10003',0,0.00,1,'2018-03-31 23:29:40'),(49,'CPU',8,2,21,8,'Dual Core','4','3',35000.00,0,1,3,33.00,0,'','',0,0.00,1,'2018-03-30 04:01:36'),(50,'Monitor',8,2,20,24,'18.5 inch','4','3',12000.00,0,1,3,33.00,0,'','',0,0.00,1,'2018-03-30 04:01:22'),(51,'UPS',8,8,19,23,'650','4','3',4000.00,0,1,2,50.00,0,'','',0,0.00,1,'2018-03-30 04:02:57'),(52,'CPU',8,2,21,8,'Dual Core','4','3',35000.00,0,1,3,33.00,0,'','',0,0.00,1,'2018-03-30 04:04:42'),(53,'Customer Chair',4,3,4,8,'Customer Chair','4','3',8000.00,0,1,5,20.00,1,'10002','10003',0,0.00,1,'2018-04-04 02:55:10'),(54,'Touch Computer',7,2,26,14,'.','4','3',100000.00,0,1,5,20.00,0,'10002','20000',0,0.00,1,'2018-04-12 00:43:03'),(55,'Touch Computer',7,2,26,15,'XT-3815','4','3',100000.00,0,1,5,20.00,0,'10002','10003',0,0.00,1,'2018-04-12 01:05:56'),(56,'Printer',7,9,24,31,'SPR-275A','4','3',30000.00,0,1,5,20.00,0,'10002','10003',0,0.00,1,'2018-04-12 01:09:59'),(57,'Soup Kettle',7,4,27,8,'-','4','3',6000.00,0,1,5,20.00,0,'10002','10003',0,0.00,1,'2018-04-12 01:13:06'),(60,'Wall light  set',9,4,30,8,'-','4','3',8850.00,0,0,5,20.00,0,'','',0,0.00,1,'2019-01-13 20:53:01'),(61,'Bag rack     ',9,3,6,8,'-','4','3',34125.00,0,0,5,20.00,0,'','',0,0.00,1,'2018-04-20 01:16:27'),(62,'Television       ',6,1,33,3,'-','4','3',45900.00,0,1,5,20.00,0,'','',0,0.00,1,'2018-04-20 01:19:46'),(63,' AC machine',6,4,9,34,'-','4','3',139160.00,0,0,5,20.00,0,'','',0,0.00,1,'2018-04-20 01:21:11'),(64,' Dressing table  ',9,3,5,8,'-','4','3',83375.00,0,0,5,20.00,0,'','',0,0.00,1,'2019-01-26 03:00:05'),(65,'Mirror                      ',9,3,34,8,'-','4','3',16412.00,0,1,5,20.00,0,'','',0,0.00,1,'2018-04-20 01:35:41'),(66,'Ceiling Light',6,4,30,8,'-','4','3',5200.00,0,1,5,20.00,0,'','',0,0.00,1,'2018-04-20 01:39:24'),(67,' Pictures frame ',9,3,35,8,'-','4','3',44500.00,0,0,3,33.00,0,'','',0,0.00,1,'2018-04-22 03:15:46'),(68,' Bedside Lamp',6,4,30,8,'-','4','3',8000.00,0,0,5,20.00,0,'','',0,0.00,1,'2018-04-20 01:42:58'),(69,' Head Board ',9,3,29,8,'-','4','3',179275.00,0,0,5,20.00,0,'','',0,0.00,1,'2019-02-07 00:09:33'),(70,'Mattress Double',9,3,36,8,'-','4','3',29000.00,0,0,3,33.00,0,'','',0,0.00,1,'2018-04-20 01:47:47'),(72,'Chair ',9,3,4,8,'-','4','3',52500.00,0,0,5,20.00,0,'','',0,0.00,1,'2018-04-20 01:58:26'),(73,'Kettle Tea sachet holder ',9,12,42,8,'-','4','3',12000.00,0,0,3,33.00,0,'','',0,0.00,1,'2018-04-20 04:52:25'),(75,'Safety Box',9,6,38,8,'-','4','3',16373.00,0,0,5,20.00,0,'','',0,0.00,1,'2018-04-20 02:35:55'),(76,'Wardrobe ',9,3,39,8,'-','4','3',82800.00,0,0,5,20.00,0,'','',0,0.00,1,'2018-04-20 02:38:07'),(77,'Wallrobe  light ',9,25,90,8,'-9999','4','3',2550.00,0,0,3,33.00,0,'','',0,0.00,1,'2018-12-28 00:50:56'),(78,'Ceiling Fan   ',6,4,12,37,'-','4','3',6140.00,0,0,5,20.00,0,'','',0,0.00,1,'2018-04-20 02:45:00'),(81,'Bath Room Mirror',9,3,34,8,'-','4','3',24000.00,0,0,5,20.00,0,'','',0,0.00,1,'2018-04-20 03:01:07'),(82,'Shaving Mirror',9,3,34,8,'-','4','3',5400.00,0,0,5,20.00,0,'','',0,0.00,1,'2018-04-20 03:02:15'),(83,'Tissue Roll Holder',9,11,40,8,'-','4','3',5500.00,0,0,5,20.00,0,'','',0,0.00,1,'2018-04-20 03:04:21'),(84,'Padded Dustbin',9,3,41,8,'Padded','4','3',2150.00,0,0,5,20.00,0,'','',0,0.00,1,'2018-04-20 03:06:52'),(85,'Hand Shower',9,25,90,8,'-','4','3',37792.00,0,0,5,20.00,0,'','',0,0.00,1,'2018-12-28 00:56:57'),(86,'Towel Rack',9,25,90,8,'-','4','3',5690.00,0,0,5,20.00,0,'','',0,0.00,1,'2018-12-28 00:57:45'),(87,'Hair Dryer',9,12,42,8,'-','4','3',15207.00,0,0,3,33.00,0,'','',0,0.00,1,'2018-04-20 04:53:54'),(88,'Shower Cubicle',6,11,40,8,'-','4','3',42000.00,0,0,5,20.00,0,'','',0,0.00,1,'2018-04-20 04:55:27'),(89,'Soap Holder',9,12,42,8,'-','4','3',5849.78,0,0,5,20.00,0,'','',0,0.00,1,'2018-04-20 04:56:45'),(90,'Amenities Tray',9,12,42,8,'-','4','3',1000.00,0,0,3,33.00,0,'','',0,0.00,1,'2018-04-20 04:58:00'),(91,'Washbasin',6,11,40,8,'-','4','3',28085.00,0,0,5,20.00,0,'','',0,0.00,1,'2018-04-20 04:58:57'),(92,'Commode',6,11,40,8,'-','4','3',79365.00,0,0,5,20.00,0,'','',0,0.00,1,'2018-04-20 05:00:43'),(95,'Angal Grinder',6,4,13,39,'SIM-FF 230B','4','3',13500.00,0,1,2,50.00,0,'10000','10000',2,50.00,1,'2018-05-10 22:57:57'),(96,'Tube Well Pump',6,4,45,40,'4GS11T-4OS C/W','3','3',77034.00,0,1,5,20.00,0,'10000','10000',5,20.00,1,'2018-05-11 01:57:47'),(97,'High Pressure Water Machine',6,4,13,41,'HD 5/11 C','4','3',93632.00,0,1,3,20.00,0,'10000','10000',3,20.00,1,'2018-05-11 02:26:07'),(98,'Podium',6,3,46,42,'JTS Gm 5218','4','3',32720.00,1,0,5,20.00,0,'10000','10000',5,20.00,1,'2018-05-11 02:40:16'),(99,'Cut off Machine',6,4,13,43,'MT 240','4','3',24750.00,0,1,5,20.00,0,'10000','10000',5,20.00,1,'2018-05-11 02:45:06'),(101,'Small Oven',10,4,47,7,'S/O','4','3',0.00,0,1,5,20.00,0,'10000','',5,20.00,1,'2018-05-15 03:27:16'),(102,'Stand Fan',6,4,12,44,'FS-650','','3',9500.00,0,1,2,-1.00,0,'10000','',2,20.00,1,'2018-05-15 04:05:16'),(103,'Electric  Blower',6,4,13,46,'B 5-2.8','','',11000.00,0,0,3,20.00,0,'10000','',0,0.00,1,'2018-05-15 04:15:37'),(104,'Hammer Drill',6,4,13,47,'BBH-850','','',5000.00,0,0,2,20.00,0,'','',0,20.00,1,'2018-05-15 04:33:26'),(105,'Exhaust Fan',6,10,28,49,'300mm  F/Air','','3',6000.00,0,0,2,-1.00,0,'','',2,-1.00,1,'2018-05-16 03:02:38'),(106,'Electric  Circular saw',6,10,28,39,'DMY 02-185','','',0.00,0,0,2,0.00,0,'','',0,0.00,1,'2018-05-17 01:17:04'),(107,'Locking Pliers',6,10,28,50,'10\"/250mm','','',950.00,0,0,0,0.00,0,'','',0,0.00,1,'2018-05-17 01:31:21'),(108,'Rivet Gun',6,10,28,52,'FL 8726','','',0.00,0,0,0,0.00,0,'','',0,0.00,1,'2018-05-17 01:33:49'),(109,'Rivet Gun',6,10,28,51,'JM 106','','',1400.00,0,0,0,0.00,0,'','',0,0.00,1,'2018-05-17 01:35:50'),(110,'Cutting Plier',6,10,28,53,'Fat Max','','',1800.00,0,0,0,0.00,0,'','',0,0.00,1,'2018-05-17 01:40:46'),(111,'Sheets Cutter',6,10,28,54,'14\" Blue','','',600.00,0,0,0,0.00,0,'','',0,0.00,1,'2018-05-17 01:48:46'),(112,'Lugs Pliers',6,10,28,55,'HX-4','','',1200.00,0,0,0,0.00,0,'','',0,0.00,1,'2018-05-17 01:54:59'),(113,'Side Cutter',6,10,28,56,'HX-4','','',850.00,0,0,0,0.00,0,'','',0,0.00,1,'2018-05-17 01:56:56'),(114,'Nose Pliers',6,10,28,56,'HX-4','','',900.00,0,0,0,0.00,0,'','',0,0.00,1,'2018-05-17 01:59:06'),(115,'Ponted  Pliers',6,10,28,56,'HX-4','','',750.00,0,0,0,0.00,0,'','',0,0.00,1,'2018-05-17 02:02:17'),(116,'Punch Down Tool',6,10,28,57,'123','','',850.00,0,0,0,0.00,0,'','',0,0.00,1,'2018-05-17 02:04:41'),(117,'Solderine  Iron',6,4,13,57,'KS 40R','','',850.00,0,0,0,0.00,0,'','',0,0.00,1,'2018-05-17 02:07:17'),(118,'Crimpins Pliers',6,10,28,57,'RJ 45/11/6','','',1250.00,0,0,0,0.00,0,'','',0,0.00,1,'2018-05-17 02:10:02'),(119,'Combi  Oven',10,15,49,2,'S/NO 02004001','','',0.00,0,0,0,0.00,0,'','',0,0.00,1,'2018-06-04 02:29:43'),(120,'Projector',6,17,48,48,'CP-RX 79','','',0.00,0,0,0,0.00,0,'','',0,0.00,1,'2018-05-17 04:17:27'),(121,'Dough Mixer',10,15,49,58,'AB','','',0.00,0,0,0,0.00,0,'','',0,0.00,1,'2018-05-17 04:19:42'),(122,'Mixing Bowel',10,15,49,58,'AB','','',0.00,0,0,0,0.00,0,'','',0,0.00,1,'2018-05-17 04:21:42'),(123,'Bread Slicer',10,15,49,58,'ZC-QP','','',0.00,0,0,0,0.00,0,'','',0,0.00,1,'2018-06-04 02:34:33'),(124,'Sound System',6,18,54,45,'EON 210 P','','',135000.00,0,0,0,0.00,0,'','',0,0.00,1,'2018-05-17 23:20:18'),(125,'Meat Slicer',10,15,52,58,'AB','','',0.00,0,0,0,0.00,0,'','',0,0.00,1,'2018-05-17 23:54:52'),(126,'Door Chiller',10,15,52,58,'AB','','',0.00,0,0,0,0.00,0,'','',0,0.00,1,'2018-05-17 23:57:40'),(127,'Deep fryer',10,15,53,58,'AB','','',0.00,0,0,0,0.00,0,'','',0,0.00,1,'2018-05-17 23:59:54'),(128,'Microwave  Oven',10,15,53,58,'AB','','',0.00,0,0,0,0.00,0,'','',0,0.00,1,'2018-05-18 00:01:50'),(129,'Rice Steamer',10,15,53,58,'AB','','',0.00,0,0,0,0.00,0,'','',0,0.00,1,'2018-05-18 00:04:43'),(130,'Bread Toaster',10,15,53,58,'AB','','',0.00,0,0,0,0.00,0,'','',0,0.00,1,'2018-05-18 00:06:54'),(131,'Soup Kettles',10,15,52,58,'AB','','',0.00,0,0,0,0.00,0,'','',0,0.00,1,'2018-05-18 00:09:12'),(132,'Coconut Scraper',10,15,52,58,'AB','','',0.00,0,0,0,0.00,0,'','',0,0.00,1,'2018-05-18 00:13:07'),(133,'High Pressure Burners',10,15,52,58,'AB','','',0.00,0,0,0,0.00,0,'','',0,0.00,1,'2018-05-18 00:15:29'),(134,'04 Range Burner',10,15,52,58,'AB','','',0.00,0,0,0,0.00,0,'','',0,0.00,1,'2018-05-18 00:25:46'),(135,'Two Burner',10,15,52,58,'AB','','',0.00,0,0,0,0.00,0,'','',0,0.00,1,'2018-05-18 00:28:36'),(136,' Sink Single',10,15,53,58,'AB','','',0.00,0,0,0,0.00,0,'','',0,0.00,1,'2018-05-18 00:32:04'),(137,'Table Top Grilled',10,15,52,58,'AB','','',0.00,0,0,0,0.00,0,'','',0,0.00,1,'2018-05-18 00:56:11'),(138,'Soup Ladle',10,15,52,58,'AB','','',0.00,0,0,0,0.00,0,'','',0,0.00,1,'2018-05-18 01:02:34'),(140,'Conicale Straner',10,15,52,58,'ABC','','',0.00,0,0,0,0.00,0,'','',0,0.00,1,'2018-05-18 23:46:04'),(141,'Grinder ',10,15,52,58,'ABC','','',0.00,0,0,0,0.00,0,'','',0,0.00,1,'2018-05-24 01:44:19'),(142,'Box grater',10,15,52,58,'ABC','','',0.00,0,0,0,0.00,0,'','',0,0.00,1,'2018-05-24 01:46:19'),(143,'Hot Copboard',10,15,52,58,'ABC','','',0.00,0,0,0,0.00,0,'','',0,0.00,1,'2018-05-24 01:48:15'),(144,'Double Sink',10,15,52,58,'ABC','','',0.00,0,0,0,0.00,0,'','',0,0.00,1,'2018-05-24 01:50:44'),(145,'Stand rack',10,15,52,58,'ABC','','',0.00,0,0,0,0.00,0,'','',0,0.00,1,'2018-05-24 01:51:59'),(146,'Table',10,15,52,58,'ABC','','',0.00,0,0,0,0.00,0,'','',0,0.00,1,'2018-05-24 01:54:11'),(147,'Wood Table',10,15,52,58,'ABC','','',0.00,0,0,0,0.00,0,'','',0,0.00,1,'2018-05-24 01:55:54'),(148,'Water Boiler',10,15,52,58,'ABC','','',0.00,0,0,0,0.00,0,'','',0,0.00,1,'2018-05-24 01:58:33'),(149,'BBQ Grilled',10,15,52,58,'ABC','','',0.00,0,0,0,0.00,0,'','',0,0.00,1,'2018-05-24 02:01:14'),(150,'Wooden rack',10,15,52,58,'ABC','','',0.00,0,0,0,0.00,0,'','',0,0.00,1,'2018-05-24 02:04:53'),(151,'Weight  scale',10,15,52,58,'ABC','','',0.00,0,0,0,0.00,0,'','',0,0.00,1,'2018-05-25 00:09:19'),(152,'Wire Wisk',10,15,52,58,'ABC','','',0.00,0,0,0,0.00,0,'','',0,0.00,1,'2018-05-25 22:21:57'),(153,'DeepFreezer',10,15,52,58,'ABC','','',0.00,0,0,0,0.00,0,'','',0,0.00,1,'2018-05-25 22:25:59'),(154,'Vegetable Cutter Mechine',10,15,52,58,'ABC','','',0.00,0,0,0,0.00,0,'','',0,0.00,1,'2018-05-25 22:28:01'),(155,'Cool Room',10,15,50,58,'ABC','','',0.00,0,0,0,0.00,0,'','',0,0.00,1,'2018-05-25 22:29:30'),(156,'Juice Dispencer',10,15,52,58,'ABC','','',0.00,0,0,0,0.00,0,'','',0,0.00,1,'2018-05-25 22:31:59'),(157,'Salamander',10,15,52,58,'ABC','','',0.00,0,0,0,0.00,0,'','',0,0.00,1,'2018-05-25 22:33:22'),(158,'Plastic Mix Bowel',10,15,52,58,'ABC','','',0.00,0,0,0,0.00,0,'','',0,0.00,1,'2018-05-25 22:35:35'),(159,'Bain Marie',10,15,52,58,'ABC','','',0.00,0,0,0,0.00,0,'','',0,0.00,1,'2018-05-25 22:38:01'),(160,'First Aid Box',10,15,52,58,'ABC','','',0.00,0,0,0,0.00,0,'','',0,0.00,1,'2018-05-25 22:41:02'),(161,'Kitchen Oder Ticket Box',10,15,52,58,'ABC','','',0.00,0,0,0,0.00,0,'','',0,0.00,1,'2018-05-25 22:45:31'),(162,'Canope',10,15,52,58,'ABC','','',0.00,0,0,0,0.00,0,'','',0,0.00,1,'2018-05-26 00:14:07'),(163,'Can Opener',10,15,52,58,'ABC','','',0.00,0,0,0,0.00,0,'','',0,0.00,1,'2018-05-26 00:15:13'),(164,'Wood Spatula',10,15,52,58,'ABC','','',0.00,0,0,0,0.00,0,'','',0,0.00,1,'2018-05-26 00:16:55'),(165,'Air Condishion Unit',10,10,28,58,'ABC','','',0.00,0,0,0,0.00,0,'','',0,0.00,1,'2018-05-26 00:19:28'),(166,'Griding Stone',10,15,52,58,'ABC','','',0.00,0,0,0,0.00,0,'','',0,0.00,1,'2018-05-26 00:21:07'),(167,'Hopper Cooker Net',10,14,55,58,'ABC','','',0.00,0,0,0,0.00,0,'','',0,0.00,1,'2018-05-26 00:28:54'),(168,'Butcery  Hummer',10,15,52,58,'ABC','','',0.00,0,0,0,0.00,0,'','',0,0.00,1,'2018-05-26 00:30:20'),(169,'Butchery Knife',10,15,52,58,'ABC','','',0.00,0,0,0,0.00,0,'','',0,0.00,1,'2018-05-26 00:32:30'),(170,'Chooping Board',10,15,52,58,'ABC','','',0.00,0,0,0,0.00,0,'','',0,0.00,1,'2018-05-26 00:33:43'),(171,' Potato  Peller Mechine',10,15,52,62,'S/N/150201616','','',0.00,0,0,0,0.00,0,'','',0,0.00,1,'2018-06-04 05:26:47'),(172,'Turning Spatula',10,15,52,58,'ABC','','',0.00,0,0,0,0.00,0,'','',0,0.00,1,'2018-05-26 00:36:34'),(173,'Granite Plate',10,15,52,58,'ABC','','',0.00,0,0,0,0.00,0,'','',0,0.00,1,'2018-05-26 00:38:19'),(174,'Chines work Large',10,15,52,58,'ABC','','',0.00,0,0,0,0.00,0,'','',0,0.00,1,'2018-05-26 01:49:12'),(175,'Chinese Work Small',10,15,52,58,'ABC','','',0.00,0,0,0,0.00,0,'','',0,0.00,1,'2018-05-26 01:50:43'),(176,'Hopper Steamer',10,15,52,58,'ABC','','',0.00,0,0,0,0.00,0,'','',0,0.00,1,'2018-05-26 01:53:43'),(177,'Silicon Mate',10,15,52,58,'ABC','','',0.00,0,0,0,0.00,0,'','',0,0.00,1,'2018-05-26 01:55:43'),(178,'Round Cup',10,15,52,58,'ABC','','',0.00,0,0,0,0.00,0,'','',0,0.00,1,'2018-05-26 03:35:33'),(179,'Mini Cup Cock',10,15,52,58,'ABC','','',0.00,0,0,0,0.00,0,'','',0,0.00,1,'2018-05-26 03:38:22'),(180,'Spice Table Larg',10,15,52,58,'ABC','','',0.00,0,0,0,0.00,0,'','',0,0.00,1,'2018-05-26 03:52:21'),(181,'Spice Table Small',10,15,52,58,'ABC','','',0.00,0,0,0,0.00,0,'','',0,0.00,1,'2018-05-26 03:53:38'),(182,'Steamer Tray',10,15,52,58,'ABC','','',0.00,0,0,0,0.00,0,'','',0,0.00,1,'2018-05-26 03:58:49'),(183,'Small Pot',10,15,52,58,'ABC','','',0.00,0,0,0,0.00,0,'','',0,0.00,1,'2018-05-26 03:59:58'),(184,'Masher',10,15,52,58,'ABC','','',0.00,0,0,0,0.00,0,'','',0,0.00,1,'2018-05-26 04:01:06'),(185,'Tong',10,15,52,58,'ABC','','',0.00,0,0,0,0.00,0,'','',0,0.00,1,'2018-05-26 04:02:42'),(186,'Oil Spoon',10,15,52,58,'ABC','','',0.00,0,0,0,0.00,0,'','',0,0.00,1,'2018-05-26 04:03:54'),(187,'Waffles Machine',10,15,52,58,'ABC','','',0.00,0,0,0,0.00,0,'','',0,0.00,1,'2018-05-26 04:06:27'),(188,'Spider Spoon',10,15,52,58,'ABC','','',0.00,0,0,0,0.00,0,'','',0,0.00,1,'2018-05-26 23:01:20'),(189,'Fried Pan',10,15,52,58,'ABC','','',0.00,0,0,-10,0.00,0,'','',0,0.00,1,'2018-05-26 23:02:19'),(190,'Wok Pan Small',10,15,52,58,'ABC','','',0.00,0,0,0,0.00,0,'','',0,0.00,1,'2018-05-26 23:07:32'),(191,'Wok Pan Large',10,15,52,58,'ABC','','',0.00,0,0,0,0.00,0,'','',0,0.00,1,'2018-05-26 23:08:37'),(192,'Ice Cream Squper',10,15,52,58,'ABC','','',0.00,0,0,0,0.00,0,'','',0,0.00,1,'2018-05-26 23:11:47'),(195,'Soup Pot',10,15,52,58,'ABC','','',0.00,0,0,0,0.00,0,'','',0,0.00,1,'2018-05-26 23:17:38'),(196,'Bread Mould',10,15,52,58,'ABC','','',0.00,0,0,0,0.00,0,'','',0,0.00,1,'2018-05-26 23:19:07'),(197,'Knife',10,15,52,58,'ABC','','',0.00,0,0,0,0.00,0,'','',0,0.00,1,'2018-05-26 23:19:57'),(198,'Aluminum Pots',10,15,52,58,'ABC','','',0.00,0,0,0,0.00,0,'','',0,0.00,1,'2018-05-26 23:21:30'),(199,'Aluminium Tray',10,15,52,58,'ABC','','',0.00,0,0,0,0.00,0,'','',0,0.00,1,'2018-05-26 23:22:37'),(200,'Wok Spoon',10,15,52,58,'ABC','','',0.00,0,0,0,0.00,0,'','',0,0.00,1,'2018-05-26 23:25:41'),(201,'Cake Ring',10,15,52,58,'ABC','','',0.00,0,0,0,0.00,0,'','',0,0.00,1,'2018-05-26 23:27:42'),(202,'Gratter',10,15,52,58,'ABC','','',0.00,0,0,0,0.00,0,'','',0,0.00,1,'2018-05-26 23:29:09'),(203,'Pizza Cutter',10,15,52,58,'ABC','','',0.00,0,0,0,0.00,0,'','',0,0.00,1,'2018-05-28 03:28:31'),(204,'Straner Bowle',10,15,52,58,'ABC','','',0.00,0,0,0,0.00,0,'','',0,0.00,1,'2018-05-30 03:46:48'),(205,'Garbag Bin',10,15,52,58,'ABC','','',0.00,0,0,0,0.00,0,'','',0,0.00,1,'2018-05-30 03:48:55'),(206,'Grilled Scarper',10,15,52,58,'ABC','','',0.00,0,0,0,0.00,0,'','',0,0.00,1,'2018-05-30 03:51:15'),(207,'Carvin Tone',10,15,52,58,'ABC','','',0.00,0,0,0,0.00,0,'','',0,0.00,1,'2018-05-30 03:55:38'),(208,'Rolling Pin',10,15,52,58,'ABC','','',0.00,0,0,0,0.00,0,'','',0,0.00,1,'2018-05-30 04:21:26'),(209,'Wood Rolling Pin ',10,15,52,58,'ABC','','',0.00,0,0,0,0.00,0,'','',0,0.00,1,'2018-05-30 04:24:45'),(210,'Celicon Mat',10,15,52,58,'ABC','','',0.00,0,0,0,0.00,0,'','',0,0.00,1,'2018-05-30 04:25:55'),(211,'Celicon Mould',10,15,52,58,'ABC','','',0.00,0,0,0,0.00,0,'','',0,0.00,1,'2018-05-30 04:27:46'),(212,'Bread Knife',10,15,52,58,'ABC','','',0.00,0,0,0,0.00,0,'','',0,0.00,1,'2018-05-30 04:29:00'),(213,'Food Stand Trolly',10,15,52,58,'ABC','','',0.00,0,0,0,0.00,0,'','',0,0.00,1,'2018-05-30 04:30:44'),(214,'Food Wormer',10,15,52,58,'ABC','','',0.00,0,0,0,0.00,0,'','',0,0.00,1,'2018-05-30 04:32:46'),(215,'Deep Fried Bowle Pan',10,15,52,58,'ABC','','',0.00,0,0,0,0.00,0,'','',0,0.00,1,'2018-05-30 04:38:16'),(216,'Cooper Pot',10,15,52,58,'ABC','','',0.00,0,0,0,0.00,0,'','',0,0.00,1,'2018-05-30 05:58:59'),(217,'Bratt Pan',10,15,52,58,'ABC','','',0.00,0,0,0,0.00,0,'','',0,0.00,1,'2018-05-30 06:02:16'),(218,'Cake Stand',10,15,52,58,'ABC','','',0.00,0,0,0,0.00,0,'','',0,0.00,1,'2018-06-03 04:03:36'),(219,'Melon Scooper',10,15,52,58,'ABC','','',0.00,0,0,0,0.00,0,'','',0,0.00,1,'2018-06-03 04:08:23'),(220,'Non Stick Pan',10,15,52,58,'ABC','','',0.00,0,0,0,0.00,0,'','',0,0.00,1,'2018-06-03 04:09:47'),(221,'Computer',10,2,20,22,'ABC','','',0.00,0,0,0,0.00,0,'','',0,0.00,1,'2018-06-03 23:37:51'),(222,'Wall Fan',10,4,12,61,'ABC','','',0.00,0,0,0,0.00,0,'','',0,0.00,1,'2018-06-03 23:44:15'),(223,'Telephone',10,5,56,58,'NEC 02','','',0.00,0,0,0,0.00,0,'','',0,0.00,1,'2018-06-04 05:02:14'),(224,'Office Chair',10,3,4,58,'ABC','','',0.00,0,0,0,0.00,0,'','',0,0.00,1,'2018-06-03 23:48:44'),(225,'Mini Cock Glass',10,15,52,58,'ABC','','',0.00,0,0,0,0.00,0,'','',0,0.00,1,'2018-06-03 23:50:44'),(226,'Soup Spoon',10,15,52,58,'ABC','','',0.00,0,0,0,0.00,0,'','',0,0.00,1,'2018-06-03 23:51:43'),(227,'Black Bowel',10,15,52,58,'ABC','','',0.00,0,0,0,0.00,0,'','',0,0.00,1,'2018-06-03 23:54:16'),(228,'Stenles  Jug',10,15,52,58,'ABC','','',0.00,0,0,0,0.00,0,'','',0,0.00,1,'2018-06-04 00:44:28'),(229,'Mini Cup White',10,15,52,58,'ABC','','',0.00,0,0,0,0.00,0,'','',0,0.00,1,'2018-06-04 00:47:10'),(230,'Mini Cup Red',10,15,52,58,'ABC','','',0.00,0,0,0,0.00,0,'','',0,0.00,1,'2018-06-04 00:48:25'),(231,'Zizelian Plate',10,15,52,58,'ABC','','',0.00,0,0,0,0.00,0,'','',0,0.00,1,'2018-06-04 00:50:02'),(232,'Stainles Bowls Small',10,15,52,58,'ABC','','',0.00,0,0,0,0.00,0,'','',0,0.00,1,'2018-06-04 00:51:54'),(233,'Plastic Scraper',10,15,52,58,'ABC','','',0.00,0,0,0,0.00,0,'','',0,0.00,1,'2018-06-04 00:53:28'),(234,'Stainles Scraper',10,15,52,58,'ABC','','',0.00,0,0,0,0.00,0,'','',0,0.00,1,'2018-06-04 00:54:50'),(235,'Stainles Plate',10,15,52,58,'ABC','','',0.00,0,0,0,0.00,0,'','',0,0.00,1,'2018-06-04 00:58:46'),(236,'Kitchen Oder Ticket Machine',10,4,13,58,'ABC','','',0.00,0,0,0,0.00,0,'','',0,0.00,1,'2018-06-04 01:03:06'),(237,'Sauce Bottle',10,15,52,58,'ABC','','',0.00,0,0,0,0.00,0,'','',0,0.00,1,'2018-06-04 01:05:03'),(238,'Stainles Bowle  Large',10,15,52,58,'ABC','','',0.00,0,0,0,0.00,0,'','',0,0.00,1,'2018-06-04 01:06:53'),(239,'Chair Cover White',9,19,57,58,'ABC','','',180000.00,0,0,0,0.00,0,'','',0,0.00,1,'2018-06-04 01:19:56'),(240,'Chair Covers Black',9,19,57,58,'ABC','','',144000.00,0,0,0,0.00,0,'','',0,0.00,1,'2018-06-04 01:21:36'),(241,'Bow Red ',9,19,58,58,'ABC','','',90000.00,0,0,0,0.00,0,'','',0,0.00,1,'2018-06-04 01:25:13'),(242,'Chair Covers White',9,19,57,58,'ABC','','',25000.00,0,0,0,0.00,0,'','',0,0.00,1,'2018-06-04 01:27:56'),(243,'Deep Fryer',10,15,52,11,'ABC','','',0.00,0,0,0,0.00,0,'','',0,0.00,1,'2018-06-04 04:01:55'),(244,'Chiller',10,15,50,58,'Ice Man 01','','',0.00,0,0,0,0.00,0,'','',0,0.00,1,'2018-06-04 05:08:10'),(245,'Frezer',10,15,50,58,'Ice Man 01','','',0.00,0,0,0,0.00,0,'','',0,0.00,1,'2018-06-04 05:11:10'),(246,'Old Vegetable Chiller',10,15,50,58,'ABC','','',0.00,0,0,0,0.00,0,'','',0,0.00,1,'2018-06-04 05:14:13'),(247,'Oven Big',10,15,52,58,'S/NO 92300001','','',0.00,0,0,0,0.00,0,'','',0,0.00,1,'2018-06-04 05:16:46'),(248,'Pannie  Mechine',10,15,52,58,'Easyline','','',0.00,0,0,0,0.00,0,'','',0,0.00,1,'2018-06-04 05:35:48'),(249,'Exhaust Fan',6,4,12,63,'T/17CUF','','',17917.00,0,1,0,0.00,0,'','',0,0.00,1,'2018-06-06 02:04:24'),(250,'Stop Valve',6,10,28,8,'ABC','','',6382.50,0,0,0,0.00,0,'','',0,0.00,1,'2018-06-06 02:08:41'),(252,'Ball Bearing Hinges',6,16,60,8,'NB 5*3*3 mm','','3',1191.89,0,0,0,0.00,0,'','',0,0.00,1,'2018-06-06 04:13:28'),(257,'Grass Cutter',6,16,60,8,'TH 34','','3',16000.00,0,1,0,0.00,0,'','',0,0.00,1,'2018-06-06 22:13:41'),(259,'Monitor',8,2,20,22,'abc','','',0.00,0,0,0,0.00,0,'','10000',0,0.00,1,'2018-07-27 23:30:54'),(260,'CPU',8,2,21,24,'ABC','','',0.00,0,0,0,0.00,0,'','10001',0,0.00,1,'2018-07-27 23:36:27'),(261,'CPU',8,2,21,64,'ABC','','',0.00,0,0,0,0.00,0,'','',0,0.00,1,'2018-08-08 01:26:00'),(262,'UPS',8,4,13,8,'ABC','','',0.00,0,0,0,0.00,0,'','',0,0.00,1,'2018-07-30 03:27:33'),(263,'Mouse',8,4,61,8,'ABC','','',0.00,0,0,0,0.00,0,'','',0,0.00,1,'2018-07-30 04:21:33'),(264,'Key Card enchoder',8,4,62,65,'ABC','','',0.00,0,0,0,0.00,0,'','',0,0.00,1,'2018-07-30 04:24:45'),(265,'Mouse',8,4,61,79,'ABC','','',0.00,0,0,0,0.00,0,'','',0,0.00,1,'2018-07-30 04:26:37'),(266,'Telephone',8,4,63,66,'White','','',0.00,0,0,0,0.00,0,'','',0,0.00,1,'2018-07-30 04:47:19'),(267,'Telephone',8,4,63,66,'Black','','',0.00,0,0,0,0.00,0,'','',0,0.00,1,'2018-07-30 04:49:27'),(268,'Key Board',8,4,64,67,'Black','','',0.00,0,0,0,0.00,0,'','',0,0.00,1,'2018-08-03 04:29:13'),(269,'Key Board',8,4,64,68,'ABC','','',0.00,0,0,0,0.00,0,'','',0,0.00,1,'2018-08-02 04:45:02'),(270,'Key Board',8,4,64,69,'ABC','','',0.00,0,0,0,0.00,0,'','',0,0.00,1,'2018-08-02 05:03:48'),(271,'Printer',8,4,65,70,'ABC','','',0.00,0,0,0,0.00,0,'','',0,0.00,1,'2018-08-02 05:06:08'),(272,'Printer',8,4,65,30,'ABC','','',0.00,0,0,0,0.00,0,'','',0,0.00,1,'2018-08-02 05:07:14'),(273,'Calculator',8,22,81,71,'ABC','','',0.00,0,0,0,0.00,0,'','',0,0.00,1,'2018-08-03 06:04:41'),(274,'Stepler',8,22,82,72,'ABC','','',0.00,0,0,0,0.00,0,'','',0,0.00,1,'2018-08-03 06:05:15'),(275,'Debit Card Machine',8,21,67,73,'ABC','','',0.00,0,0,0,0.00,0,'','',0,0.00,1,'2018-08-02 05:12:48'),(276,'Credit Card Machine',8,21,68,73,'ABC','','',0.00,0,0,0,0.00,0,'','',0,0.00,1,'2018-08-02 05:15:24'),(277,'Key Card ',8,22,78,74,'ABC','','',0.00,0,0,0,0.00,0,'','',0,0.00,1,'2018-08-02 05:19:18'),(278,'Air Conditioner',8,4,70,34,'ABC','','',0.00,0,0,0,0.00,0,'','',0,0.00,1,'2018-08-02 05:22:04'),(279,'Air Conditioner Remote',8,4,71,34,'ABC','','',0.00,0,0,0,0.00,0,'','',0,0.00,1,'2018-08-02 05:31:37'),(280,'Sign Board',8,4,72,3,'ABC','','',0.00,0,0,0,0.00,0,'','',0,0.00,1,'2018-08-02 05:33:09'),(281,'Sign Board Remote',8,4,71,3,'ABC','','',0.00,0,0,0,0.00,0,'','',0,0.00,1,'2018-08-02 05:34:34'),(282,'Puncher',8,22,83,8,'ABC','','',0.00,0,0,0,0.00,0,'','',0,0.00,1,'2018-08-08 03:08:06'),(283,'Wet Towel Machine',8,4,86,8,'ABC','','',0.00,0,0,0,0.00,0,'','',0,0.00,1,'2018-08-17 00:00:40'),(284,'Lamp Shades',8,4,30,8,'ABC','','',0.00,0,0,0,0.00,0,'','',0,0.00,1,'2018-08-02 05:39:57'),(285,'Refrigerator',8,4,14,1,'ABC','','',0.00,0,0,0,0.00,0,'','',0,0.00,1,'2018-08-02 05:41:30'),(286,'Wet Towel Tray',8,22,78,8,'abc','','',0.00,0,0,0,0.00,0,'','',0,0.00,1,'2018-08-02 05:43:23'),(287,'Wet Towel Ton',8,22,78,8,'abc','','',0.00,0,0,0,0.00,0,'','',0,0.00,1,'2018-08-02 05:44:34'),(288,'Scissors',8,22,85,8,'abc','','',0.00,0,0,0,0.00,0,'','',0,0.00,1,'2018-08-08 03:24:33'),(289,'Bill Folder',8,22,78,8,'abc','','',0.00,0,0,0,0.00,0,'','',0,0.00,1,'2018-08-03 00:42:48'),(290,'Electric wire Code',8,22,78,8,'abc','','',0.00,0,0,0,0.00,0,'','',0,0.00,1,'2018-08-03 00:44:45'),(291,'Wall Clock',8,22,78,8,'abc','','',0.00,0,0,0,0.00,0,'','',0,0.00,1,'2018-08-03 00:48:05'),(292,'Luggage Trolley',8,23,79,8,'abc','','',0.00,0,0,0,0.00,0,'','',0,0.00,1,'2018-08-03 00:53:54'),(293,'Dust Bin',8,22,84,8,'abc','','',0.00,0,0,0,0.00,0,'','',0,0.00,1,'2018-08-08 03:12:45'),(294,'Dust Bin',8,22,84,8,'abc','','',0.00,0,0,0,0.00,0,'','',0,0.00,1,'2018-08-08 03:14:02'),(295,'Monitor',8,4,13,70,'ABC','','',0.00,0,0,0,0.00,0,'','',0,0.00,1,'2018-08-03 01:07:25'),(296,'Key Board',8,4,64,75,'ABC','','',0.00,0,0,0,0.00,0,'','',0,0.00,1,'2018-08-03 01:11:14'),(297,'Mouse',8,4,61,80,'abc','','',0.00,0,0,0,0.00,0,'','',0,0.00,1,'2018-08-03 01:16:41'),(298,'UPS',8,4,13,81,'ABC','','',0.00,0,0,0,0.00,0,'','',0,0.00,1,'2018-08-03 01:19:14'),(299,'CPU',8,2,21,64,'ABC','','',0.00,0,0,0,0.00,0,'','',0,0.00,1,'2018-08-08 01:28:35'),(300,'Electric Wire Code',8,22,77,76,'abc','','',0.00,0,0,0,0.00,0,'','',0,0.00,1,'2018-08-03 01:22:47'),(301,'Dust Bin',8,22,84,8,'abc','','',0.00,0,0,0,0.00,0,'','',0,0.00,1,'2018-08-08 03:15:09'),(302,'Digital Photo Frame',8,22,77,2,'abc','','',0.00,0,0,0,0.00,0,'','',0,0.00,1,'2018-08-03 01:53:23'),(303,'Digital Photo Frame Remote',8,22,77,2,'abc','','',0.00,0,0,0,0.00,0,'','',0,0.00,1,'2018-08-03 01:55:13'),(304,'Calculator',8,22,81,71,'abc','','',0.00,0,0,0,0.00,0,'','',0,0.00,1,'2018-08-08 03:02:02'),(305,'Stepler',8,22,82,72,'abc','','',0.00,0,0,0,0.00,0,'','',0,0.00,1,'2018-08-08 03:04:30'),(306,'Puncher',8,22,83,72,'abc','','',0.00,0,0,0,0.00,0,'','',0,0.00,1,'2018-08-08 03:21:22'),(307,'Scissors',8,22,85,64,'abc','','',0.00,0,0,0,0.00,0,'','',0,0.00,1,'2018-08-08 03:26:46'),(308,'Telephone',8,4,63,66,'abc','','',0.00,0,0,0,0.00,0,'','',0,0.00,1,'2018-08-08 03:29:43'),(309,'Pillow Case',9,20,59,8,'Luxury','5','3',315.00,0,0,0,0.00,0,'','',0,0.00,1,'2018-08-07 22:07:24'),(310,'Pillow Case',9,20,59,8,'Luxury','6','3',330.00,0,0,0,0.00,0,'','',0,0.00,1,'2018-08-07 22:08:42'),(311,'Air Conditioner',10,4,9,82,'SL-18LN','4','3',81000.00,0,0,0,0.00,0,'','',0,0.00,1,'2018-08-07 22:16:14'),(312,'Rock Glass',7,24,87,8,'Rock','','3',189.00,0,0,0,0.00,0,'','',0,0.00,1,'2018-08-24 04:29:52'),(313,'Burne large',10,15,52,8,'3947','6','3',2535.00,0,0,0,0.00,0,'','',0,0.00,1,'2018-08-24 04:33:22'),(314,'Cost Large Iron Pot',10,15,53,8,'4093','6','3',5135.00,0,0,0,0.00,0,'','',0,0.00,1,'2018-08-24 04:36:03'),(315,'Vacuum  Cleaner',9,20,88,8,'Inovex','','3',18905.00,0,1,0,0.00,0,'','',0,0.00,1,'2018-10-16 04:39:52'),(316,'Buffet  Table',7,3,5,8,'123','6','3',34000.00,0,1,15,15.00,0,'10000','',0,0.00,1,'2018-11-07 22:28:31'),(317,'Buffet Table',7,3,5,8,'123','5','3',21500.00,0,1,15,15.00,0,'10000','',0,0.00,1,'2018-11-07 22:29:59'),(318,'Dessert Table',7,3,5,8,'123','6','3',48000.00,0,1,15,15.00,0,'10000','',0,0.00,1,'2018-11-07 22:31:46'),(319,'Mettress',9,20,89,8,'Kushion','6','3',3773.00,0,0,0,0.00,0,'','',0,0.00,1,'2018-11-20 02:04:22'),(321,'TV  Remort',9,25,90,8,'1233','4','3',0.00,0,0,1,0.00,0,'','',0,0.00,1,'2018-12-14 00:14:57'),(322,'AC Remort',9,25,90,8,'12333','4','3',0.00,0,0,0,0.00,0,'','',0,0.00,1,'2018-12-14 00:16:27'),(323,'Mini Fridge',9,25,90,8,'12333','4','3',0.00,0,0,0,0.00,0,'','',0,0.00,1,'2018-12-14 00:19:49'),(326,'Bedside Table',9,25,90,8,'12333','6','',0.00,0,0,0,0.00,0,'','',0,0.00,1,'2018-12-14 00:26:57'),(327,'Bed',9,25,90,8,'12333','6','3',0.00,0,0,0,0.00,0,'','',0,0.00,1,'2018-12-14 00:28:05'),(333,'Wash Basin',9,25,90,8,'12333','4','3',0.00,0,0,0,0.00,0,'','',0,0.00,1,'2018-12-14 00:38:23'),(334,'Commod',9,25,90,8,'12333','4','3',0.00,0,0,0,0.00,0,'','',0,0.00,1,'2018-12-14 00:39:16'),(335,'Exhaust Fan',9,25,91,8,'12333','6','3',0.00,0,0,0,0.00,0,'','',0,0.00,1,'2018-12-14 00:44:41'),(336,'Television',9,25,90,3,'1111','4','3',0.00,0,0,0,0.00,0,'','',0,0.00,1,'2018-12-17 02:42:19'),(337,'AC Machine',9,25,90,1,'2222','4','3',0.00,0,0,0,0.00,0,'','',0,0.00,1,'2018-12-17 02:44:22'),(339,'Celling  Light  Set',9,25,90,8,'4444','4','3',0.00,0,0,0,0.00,0,'','',0,0.00,1,'2019-02-06 23:34:11'),(340,'Bedside Lamp',9,25,90,8,'5555','4','3',0.00,0,0,0,0.00,0,'','',0,0.00,1,'2018-12-17 02:50:13'),(341,'Kettle',9,25,90,8,'6666','4','3',0.00,0,0,0,0.00,0,'','',0,0.00,1,'2018-12-17 03:09:59'),(344,'Inistoryoftye  Iorn',9,13,43,8,'0000','4','3',0.00,0,0,0,0.00,0,'','',0,0.00,1,'2019-01-05 02:25:17'),(345,'Steam Iorn',9,13,43,8,'00000','4','3',0.00,0,0,0,0.00,0,'','',0,0.00,1,'2019-01-05 02:30:29'),(346,'Tea Table',9,3,5,8,'-','4','3',36450.00,0,0,5,20.00,0,'','',0,0.00,1,'2019-01-27 01:38:54'),(347,'LED TELEVISIOV',9,26,110,9,'1111','4','3',0.00,0,0,0,0.00,0,'','',0,0.00,1,'2019-02-09 03:01:03'),(348,'LED TELEVISION',9,26,110,3,'1111','4','3',0.00,0,0,0,0.00,0,'','',0,0.00,1,'2019-02-09 03:02:05'),(349,'Washing Machine',9,13,43,35,'FS16','4','3',780278.78,0,0,0,20.00,0,'','',0,0.00,1,'2019-02-13 21:31:02'),(350,'Floor Scrubber Polisher',9,20,88,8,'22222','4','3',0.00,0,0,0,0.00,0,'','',0,0.00,1,'2019-02-13 21:51:18'),(351,'New Red Wine glass',7,27,112,8,'44444','4','3',0.00,0,0,0,0.00,0,'','',0,0.00,1,'2019-02-19 23:39:52'),(352,'Old Red Wine Glass',7,24,87,8,'4444','4','3',0.00,0,0,0,0.00,0,'','',0,0.00,1,'2019-02-19 23:41:06'),(353,'New White Wine Glass',7,27,112,8,'4444','4','3',0.00,0,0,0,0.00,0,'','',0,0.00,1,'2019-02-19 23:42:36'),(354,'Old White Wine Glass',7,24,87,8,'44444','4','3',0.00,0,0,0,0.00,0,'','',0,0.00,1,'2019-02-19 23:44:01'),(355,'Margarita Glass',7,27,112,8,'44444','4','3',0.00,0,0,0,0.00,0,'','',0,0.00,1,'2019-02-19 23:45:45'),(356,'Tequla Glass',7,27,112,8,'4444','4','3',0.00,0,0,0,0.00,0,'','',0,0.00,1,'2019-02-19 23:48:12'),(357,'Whisky Glass',7,27,112,8,'44444','4','3',0.00,0,0,0,0.00,0,'','',0,0.00,1,'2019-02-19 23:49:19'),(358,'Beer Plisner Glass',7,27,112,8,'4444','4','3',0.00,0,0,0,0.00,0,'','',0,0.00,1,'2019-02-19 23:52:17'),(359,'Beer Plisner Carlsberg Glass',7,27,112,8,'4444','4','3',0.00,0,0,0,0.00,0,'','',0,0.00,1,'2019-02-19 23:54:42'),(360,'Beer Mug',7,24,87,8,'44444','4','3',0.00,0,0,0,0.00,0,'','',0,0.00,1,'2019-02-19 23:56:02'),(361,'Brandy Baloon Glass',7,27,112,8,'44444','4','3',0.00,0,0,0,0.00,0,'','',0,0.00,1,'2019-02-20 00:02:03'),(362,'Alaska Juice Glass',7,24,87,8,'44444','4','3',0.00,0,0,0,0.00,0,'','',0,0.00,1,'2019-02-20 00:03:38'),(363,'Martini Glass',7,27,112,8,'44444','4','3',0.00,0,0,0,0.00,0,'','',0,0.00,1,'2019-02-20 00:05:13'),(364,'Juice Glass',7,24,87,8,'44444','4','3',0.00,0,0,0,0.00,0,'','',0,0.00,1,'2019-02-20 00:07:45'),(365,'Welcome Glass',7,27,112,8,'4444','4','3',0.00,0,0,0,0.00,0,'','',0,0.00,1,'2019-02-20 00:09:11'),(366,'High Ball Water Glass',7,27,112,8,'44444','4','3',0.00,0,0,0,0.00,0,'','',0,0.00,1,'2019-02-20 00:18:00'),(367,'Old High Ball Glass',7,27,112,8,'4444','4','3',0.00,0,0,0,0.00,0,'','',0,0.00,1,'2019-02-20 00:20:00'),(368,'Water Goblet',7,27,112,8,'4444','4','3',0.00,0,0,0,0.00,0,'','',0,0.00,1,'2019-02-20 00:21:50'),(369,'Champange Fluit Glass',7,27,112,8,'4444','4','3',0.00,0,0,0,0.00,0,'','',0,0.00,1,'2019-02-20 00:26:34'),(370,'Champange  Fluit Long Glass',7,27,112,8,'4444','4','3',0.00,0,0,0,0.00,0,'','',0,0.00,1,'2019-02-20 00:30:21'),(371,'Champainge Saucer Glass',7,27,112,8,'4444','4','3',0.00,0,0,0,0.00,0,'','',0,0.00,1,'2019-02-20 00:32:40'),(372,'Dessert Glass',7,27,112,8,'4444','4','3',0.00,0,0,0,0.00,0,'','',0,0.00,1,'2019-02-20 00:40:19'),(373,'Breakfast Juice Glass',7,24,87,8,'44444','4','3',0.00,0,0,0,0.00,0,'','',0,0.00,1,'2019-02-20 20:58:31'),(374,'Pinacolada Glass',7,24,87,8,'4444','4','3',0.00,0,0,0,0.00,0,'','',0,0.00,1,'2019-02-20 20:59:48'),(375,'Cherry Glass',7,24,87,8,'4444','4','3',0.00,0,0,0,0.00,0,'','',0,0.00,1,'2019-02-20 21:00:59'),(376,'Pilsner Glass  Large',7,24,87,8,'44444','6','3',0.00,0,0,0,0.00,0,'','',0,0.00,1,'2019-02-20 21:02:47'),(377,'Pilsner Glass Small',7,24,87,8,'4444','5','3',0.00,0,0,0,0.00,0,'','',0,0.00,1,'2019-02-20 21:04:03'),(378,'Whshky  Glass Plastic',7,24,115,8,'44444','4','3',0.00,0,0,0,0.00,0,'','',0,0.00,1,'2019-02-20 21:16:48'),(379,'Beer Pilsner Plastic',7,24,115,8,'4444','4','3',0.00,0,0,0,0.00,0,'','',0,0.00,1,'2019-02-20 21:18:43'),(380,'Pinacolado Glass Plastic',7,24,115,8,'44444','4','3',0.00,0,0,0,0.00,0,'','',0,0.00,1,'2019-02-20 21:20:11'),(381,'Half Plate',7,28,117,8,'3333','4','3',0.00,0,0,0,0.00,0,'','',0,0.00,1,'2019-02-21 00:02:18'),(382,'Side Plate',7,28,117,8,'3333','4','3',0.00,0,0,0,0.00,0,'','',0,0.00,1,'2019-02-21 00:10:59'),(383,'Menu Plate New',7,28,117,8,'3333','4','3',0.00,0,0,0,0.00,0,'','',0,0.00,1,'2019-02-21 00:12:18'),(384,'Menu Plate Old',7,28,117,8,'3333','4','3',0.00,0,0,0,0.00,0,'','',0,0.00,1,'2019-02-21 00:13:42'),(385,'Tea Cup',7,28,118,8,'3333','4','3',0.00,0,0,0,0.00,0,'','',0,0.00,1,'2019-02-21 00:19:20'),(386,'Tea Cup Old',7,28,118,8,'33333','4','3',0.00,0,0,0,0.00,0,'','',0,0.00,1,'2019-02-21 00:20:33'),(387,'Tea Saucer',7,28,119,8,'3333','4','3',0.00,0,0,0,0.00,0,'','',0,0.00,1,'2019-02-21 00:21:33'),(388,'Tea Pot With Lid',7,28,120,8,'7777','4','3',0.00,0,0,0,0.00,0,'','',0,0.00,1,'2019-02-21 00:25:46'),(389,'Tea Pot Without Lid',7,28,120,8,'77777','4','3',0.00,0,0,0,0.00,0,'','',0,0.00,1,'2019-02-21 00:27:43'),(390,'Coffee Pot',7,28,120,8,'7777','4','3',0.00,0,0,0,0.00,0,'','',0,0.00,1,'2019-02-21 00:33:34'),(391,'Sauce Boat',7,28,121,8,'7777','4','3',0.00,0,0,0,0.00,0,'','',0,0.00,1,'2019-02-21 00:34:41'),(392,'Devalled Boat',7,28,121,8,'7777','4','3',0.00,0,0,0,0.00,0,'','',0,0.00,1,'2019-02-21 00:36:11'),(393,'Devalled Boat Large',7,28,121,8,'77777','4','3',0.00,0,0,0,0.00,0,'','',0,0.00,1,'2019-02-21 00:46:03'),(394,'Devalled Boat Small',7,28,121,8,'7777','4','3',0.00,0,0,0,0.00,0,'','',0,0.00,1,'2019-02-21 01:34:48'),(395,'Curry Dsh Large',7,28,123,8,'7777','6','3',0.00,0,0,0,0.00,0,'','',0,0.00,1,'2019-02-21 01:36:50'),(396,'Curry Dish Small',7,28,123,8,'7777','5','3',0.00,0,0,0,0.00,0,'','',0,0.00,1,'2019-02-21 01:40:08'),(397,'Alacarte Plate',7,28,117,8,'7777','4','3',0.00,0,0,0,0.00,0,'','',0,0.00,1,'2019-02-21 01:44:16'),(398,'Rice Platter',7,28,124,8,'7777','4','3',0.00,0,0,0,0.00,0,'','',0,0.00,1,'2019-02-21 01:48:36'),(399,'Rice Platter Small',7,28,124,8,'77777','5','',0.00,0,0,0,0.00,0,'','',0,0.00,1,'2019-02-21 01:51:41'),(400,'Rice Platter Large',7,28,124,8,'77777','6','3',0.00,0,0,0,0.00,0,'','',0,0.00,1,'2019-02-21 02:03:42'),(401,'Ovel Plate  Small',7,28,117,8,'7777','5','3',0.00,0,0,0,0.00,0,'','',0,0.00,1,'2019-02-21 02:08:02'),(402,'Salad Bowl',7,28,122,8,'7777','4','3',0.00,0,0,0,0.00,0,'','',0,0.00,1,'2019-02-21 02:24:43'),(403,'Salad Plate',7,28,117,8,'7777','4','3',0.00,0,0,0,0.00,0,'','',0,0.00,1,'2019-02-21 02:27:10'),(404,'Egg Cup',7,28,118,8,'6666','4','3',0.00,0,0,0,0.00,0,'','',0,0.00,1,'2019-02-21 02:44:02'),(405,'Dessert Plate',7,28,117,8,'6666','4','3',0.00,0,0,0,0.00,0,'','',0,0.00,1,'2019-02-21 02:57:11'),(406,'Dessert Plate Squar',7,28,117,8,'6666','4','3',0.00,0,0,0,0.00,0,'','',0,0.00,1,'2019-02-21 03:00:37'),(407,'Dssert Plate Old',7,28,117,8,'6666','4','3',0.00,0,0,0,0.00,0,'','',0,0.00,1,'2019-02-21 03:30:35'),(408,'Canape Plate',7,28,117,8,'6666','4','3',0.00,0,0,0,0.00,0,'','',0,0.00,1,'2019-02-21 03:32:04'),(409,'Tooth Pic Holder',7,28,113,8,'6666','4','3',0.00,0,0,0,0.00,0,'','',0,0.00,1,'2019-02-21 03:33:47'),(410,'Suger Bowl',7,28,122,8,'6666','4','3',0.00,0,0,0,0.00,0,'','',0,0.00,1,'2019-02-21 03:35:25'),(411,'Soup Cup',7,28,118,8,'6666','4','3',0.00,0,0,0,0.00,0,'','',0,0.00,1,'2019-02-21 03:38:11'),(412,'Soup Cup Old',7,28,118,8,'33333','4','3',0.00,0,0,0,0.00,0,'','',0,0.00,1,'2019-02-22 22:59:54'),(413,'Soup Saucer',7,28,119,8,'3333','4','3',0.00,0,0,0,0.00,0,'','',0,0.00,1,'2019-02-22 23:01:05'),(414,'Finger Bowl',7,28,122,8,'3333','4','3',0.00,0,0,0,0.00,0,'','',0,0.00,1,'2019-02-22 23:02:17'),(415,'Finger Bowl Small',7,28,122,8,'3333','5','3',0.00,0,0,0,0.00,0,'','',0,0.00,1,'2019-02-22 23:03:19'),(416,'Finger Bowl Large',7,28,122,8,'3333','6','3',0.00,0,0,0,0.00,0,'','',0,0.00,1,'2019-02-22 23:04:19'),(417,'Finger Bowl Saucer',7,28,119,8,'3333','4','3',0.00,0,0,0,0.00,0,'','',0,0.00,1,'2019-02-22 23:05:47'),(418,'Coffee Saucer',7,28,119,8,'3333','4','3',0.00,0,0,0,0.00,0,'','',0,0.00,1,'2019-02-22 23:06:53'),(419,'Coffee Cup',7,28,118,8,'3333','4','3',0.00,0,0,0,0.00,0,'','',0,0.00,1,'2019-02-22 23:09:54'),(420,'Coffee Cup Small',7,28,118,8,'33333','5','3',0.00,0,0,0,0.00,0,'','',0,0.00,1,'2019-02-22 23:11:49'),(421,'Curry Ball Saucer',7,28,119,8,'3333','4','3',0.00,0,0,0,0.00,0,'','',0,0.00,1,'2019-02-22 23:17:38'),(422,'Suger Bowl With Handle',7,28,113,8,'3333','4','3',0.00,0,0,0,0.00,0,'','',0,0.00,1,'2019-02-22 23:18:54'),(423,'Pasta Plate',7,28,117,8,'3333','4','3',0.00,0,0,0,0.00,0,'','',0,0.00,1,'2019-02-22 23:19:54'),(424,'Creamer',7,28,113,8,'3333','4','3',0.00,0,0,0,0.00,0,'','',0,0.00,1,'2019-02-22 23:21:10'),(425,'Cruet Set',7,28,113,8,'3333','4','3',0.00,0,0,0,0.00,0,'','',0,0.00,1,'2019-02-22 23:22:07'),(426,'Table Knife',7,29,125,8,'8888','4','3',0.00,0,0,0,0.00,0,'','',0,0.00,1,'2019-02-22 23:29:26'),(427,'Table Spoon',7,29,126,8,'8888','4','3',0.00,0,0,0,0.00,0,'','',0,0.00,1,'2019-02-22 23:31:16'),(428,'Table Fork',7,29,127,8,'8888','4','3',0.00,0,0,0,0.00,0,'','',0,0.00,1,'2019-02-22 23:33:50'),(429,'Dessert Fork',7,29,127,8,'8888','4','3',0.00,0,0,0,0.00,0,'','',0,0.00,1,'2019-02-22 23:35:13'),(430,'Dessert Spoon',7,29,126,8,'8888','4','',0.00,0,0,0,0.00,0,'','',0,0.00,1,'2019-02-22 23:36:16'),(431,'Dessert Knife',7,29,125,8,'8888','4','3',0.00,0,0,0,0.00,0,'','',0,0.00,1,'2019-02-22 23:39:19'),(432,'Dessert Knife Old',7,29,125,8,'8888','4','3',0.00,0,0,0,0.00,0,'','',0,0.00,1,'2019-02-22 23:41:22'),(433,'Fish Fork',7,29,127,8,'8888','4','3',0.00,0,0,0,0.00,0,'','',0,0.00,1,'2019-02-22 23:48:33'),(434,'Fish Knife',7,29,125,8,'8888','4','3',0.00,0,0,0,0.00,0,'','',0,0.00,1,'2019-02-22 23:55:36'),(435,'Service Fork',7,29,127,8,'8888','4','3',0.00,0,0,0,0.00,0,'','',0,0.00,1,'2019-02-22 23:57:18'),(436,'Service Spoon',7,29,126,8,'8888','4','3',0.00,0,0,0,0.00,0,'','',0,0.00,1,'2019-02-22 23:59:34'),(437,'Soup Spoon',7,29,126,8,'8888','4','3',0.00,0,0,0,0.00,0,'','',0,0.00,1,'2019-02-23 00:07:20'),(438,'Coffee Jug',7,30,129,7,'W/SS','4','3',3475.00,0,0,0,0.00,0,'','',0,0.00,1,'2019-02-23 00:17:50'),(439,'Mixer Major Dynamic',10,15,52,8,'MX91','6','3',101760.00,0,1,0,0.00,0,'','',0,0.00,1,'2019-02-23 00:25:59'),(440,'Safe',8,6,38,8,'200ARL','4','3',20700.00,0,0,0,0.00,0,'','',0,0.00,1,'2019-02-23 00:49:30'),(441,'Butter Knife',7,29,125,8,'22222','4','3',0.00,0,0,0,0.00,0,'','',0,0.00,1,'2019-03-01 21:26:08'),(442,'Tea Spoon',7,29,126,8,'2222','4','3',0.00,0,0,0,0.00,0,'','',0,0.00,1,'2019-03-01 21:27:16'),(443,'Rice Spoon',7,29,126,8,'2222','4','3',0.00,0,0,0,0.00,0,'','',0,0.00,1,'2019-03-01 21:29:12'),(444,'Tongs',7,29,128,8,'2222','4','3',0.00,0,0,0,0.00,0,'','',0,0.00,1,'2019-03-01 21:30:11'),(445,'Creamer with Handle',7,29,114,8,'22222','4','3',0.00,0,0,0,0.00,0,'','',0,0.00,1,'2019-03-01 21:33:13'),(447,'Suger Bowl Large',7,29,114,8,'22222','6','3',0.00,0,0,0,0.00,0,'','',0,0.00,1,'2019-03-01 21:36:23'),(448,'Mixed Knife',7,29,125,8,'3333','4','3',0.00,0,0,0,0.00,0,'','',0,0.00,1,'2019-03-01 21:42:11'),(449,'Mixed Forlk',7,29,127,8,'3333','4','3',0.00,0,0,0,0.00,0,'','',0,0.00,1,'2019-03-01 21:43:33'),(450,'Mixed Spoon',7,29,126,8,'3333','4','3',0.00,0,0,0,0.00,0,'','',0,0.00,1,'2019-03-01 21:44:27'),(451,'Mixed Tea Spoon',7,29,126,8,'3333','4','3',0.00,0,0,0,0.00,0,'','',0,0.00,1,'2019-03-01 21:46:17'),(452,'Shot glass',7,24,87,8,'12345','4','3',60.00,0,0,0,0.00,0,'','',0,0.00,1,'2019-03-23 04:43:15'),(453,'Shot Glass',7,24,87,8,'12345','4','3',75.00,0,0,0,0.00,0,'','',0,0.00,1,'2019-03-23 04:44:42'),(454,'Napking White',9,19,130,8,'Squer 18*18','5','3',150.00,0,0,0,0.00,0,'','',0,0.00,1,'2019-06-11 22:26:45'),(455,'Electric Scail',10,4,132,83,'IJB092','5','3',28500.00,0,0,0,0.00,0,'','',0,0.00,1,'2019-06-12 02:47:35'),(456,'Photocoppy Machine',8,22,133,84,'2006N','6','3',138000.00,0,0,0,0.00,0,'','',0,0.00,1,'2019-07-18 01:12:50'),(457,'Cash Machine',8,22,134,8,'728/UV/MG','5','3',28000.00,0,0,0,0.00,0,'','',0,0.00,1,'2019-07-18 01:15:09');

/*Table structure for table `m_location` */

DROP TABLE IF EXISTS `m_location`;

CREATE TABLE `m_location` (
  `code` int(11) NOT NULL,
  `location_division_code` int(11) DEFAULT NULL,
  `description` varchar(50) DEFAULT NULL,
  `create_time` datetime NOT NULL,
  `update_time` datetime NOT NULL,
  `create_user` varchar(20) DEFAULT NULL,
  `update_user` varchar(20) DEFAULT NULL,
  PRIMARY KEY (`code`)
) ENGINE=InnoDB DEFAULT CHARSET=latin1;

/*Data for the table `m_location` */

insert  into `m_location`(`code`,`location_division_code`,`description`,`create_time`,`update_time`,`create_user`,`update_user`) values (2,2,'Room one','2018-03-21 05:44:13','2018-03-21 05:44:13','1',NULL),(3,3,'IT Office','2018-03-23 04:47:08','2018-03-23 05:01:12','1','1'),(4,4,'MD Office','2018-03-29 03:39:30','2018-03-29 03:39:30','1',NULL),(5,5,'Resturant','2018-03-29 05:57:50','2018-03-29 05:57:50','1',NULL),(6,4,'107','2018-04-20 04:02:35','2018-04-20 04:02:35','1',NULL),(7,6,'301','2018-04-20 04:02:44','2018-04-20 04:02:44','1',NULL),(8,6,'302','2018-04-20 04:02:51','2018-04-20 04:02:51','1',NULL),(9,6,'303','2018-04-20 04:02:59','2018-04-20 04:02:59','1',NULL),(10,6,'304','2018-04-20 04:03:08','2018-04-20 04:03:08','1',NULL),(11,6,'305','2018-04-20 04:03:14','2018-04-20 04:03:14','1',NULL),(12,6,'306','2018-04-20 04:03:28','2018-04-20 04:03:28','1',NULL),(13,6,'309','2018-04-20 04:03:36','2018-04-20 04:03:36','1',NULL),(14,6,'310','2018-04-20 04:03:42','2018-04-20 04:03:42','1',NULL),(15,4,'Account Office','2018-04-29 05:00:10','2018-04-29 05:00:10','1',NULL),(16,8,'Kitchen ','2018-07-11 06:35:09','2018-07-11 06:35:09','1',NULL),(17,6,'307','2018-07-26 08:03:28','2018-07-26 08:03:28','1',NULL),(18,6,'308','2018-07-26 08:03:49','2018-07-26 08:03:49','1',NULL),(19,4,'Front Office','2018-08-10 05:21:14','2018-08-10 05:21:14','1',NULL),(20,4,'Mantanance','2018-08-21 06:17:50','2018-08-21 06:17:50','1',NULL),(21,4,'Administation','2018-08-22 10:01:52','2018-08-22 10:01:52','1',NULL),(22,12,'House  keeping','2018-08-25 08:40:15','2018-08-25 08:40:15','1',NULL);

/*Table structure for table `m_location_department` */

DROP TABLE IF EXISTS `m_location_department`;

CREATE TABLE `m_location_department` (
  `code` int(11) NOT NULL,
  `description` varchar(50) NOT NULL,
  `oc` int(3) NOT NULL,
  `action_date` timestamp NOT NULL DEFAULT CURRENT_TIMESTAMP ON UPDATE CURRENT_TIMESTAMP,
  PRIMARY KEY (`code`)
) ENGINE=InnoDB DEFAULT CHARSET=latin1;

/*Data for the table `m_location_department` */

insert  into `m_location_department`(`code`,`description`,`oc`,`action_date`) values (1,'IT',1,'2018-03-21 00:40:09'),(2,'Maintenance',1,'2018-04-28 23:57:56'),(3,'Administration',1,'2018-03-28 22:38:39'),(4,'F and B',1,'2018-03-29 00:56:48'),(5,'Kitchen',1,'2018-03-29 05:09:34'),(6,'Front Office',1,'2018-03-29 05:09:54'),(7,'House Keeping',1,'2018-04-19 23:01:17');

/*Table structure for table `m_location_division` */

DROP TABLE IF EXISTS `m_location_division`;

CREATE TABLE `m_location_division` (
  `code` int(11) NOT NULL,
  `location_dept_code` int(11) DEFAULT NULL,
  `description` varchar(50) NOT NULL,
  `oc` int(3) NOT NULL,
  `action_date` timestamp NOT NULL DEFAULT CURRENT_TIMESTAMP ON UPDATE CURRENT_TIMESTAMP,
  PRIMARY KEY (`code`)
) ENGINE=InnoDB DEFAULT CHARSET=latin1;

/*Data for the table `m_location_division` */

insert  into `m_location_division`(`code`,`location_dept_code`,`description`,`oc`,`action_date`) values (2,2,'Main panel',1,'2018-03-21 00:41:43'),(3,1,'IT Office',1,'2018-03-22 23:45:01'),(4,3,'Ground Floor',1,'2018-03-28 22:38:59'),(5,4,'Ground Floor',1,'2018-03-29 00:57:30'),(6,7,'2nd Floor',1,'2018-04-19 23:01:49'),(7,4,'3rd Floor',1,'2018-04-20 04:26:09'),(8,5,'Basement',1,'2018-05-14 06:13:08'),(9,6,'FOM',1,'2018-08-03 00:38:57'),(10,6,'Lobby',1,'2018-08-03 00:40:43'),(11,2,'Ground Floor',1,'2018-08-21 01:13:17'),(12,7,'Ground and 2nd Floor',1,'2018-08-25 03:38:49');

/*Table structure for table `m_size` */

DROP TABLE IF EXISTS `m_size`;

CREATE TABLE `m_size` (
  `code` int(11) NOT NULL,
  `description` varchar(50) NOT NULL,
  `oc` int(3) NOT NULL,
  PRIMARY KEY (`code`)
) ENGINE=InnoDB DEFAULT CHARSET=latin1;

/*Data for the table `m_size` */

insert  into `m_size`(`code`,`description`,`oc`) values (1,'20',1),(2,'60',1),(3,'110',1),(4,'1',1),(5,'small',1),(6,'Large',1);

/*Table structure for table `m_stores` */

DROP TABLE IF EXISTS `m_stores`;

CREATE TABLE `m_stores` (
  `cl` int(11) NOT NULL,
  `bc` int(11) NOT NULL,
  `code` int(11) NOT NULL,
  `description` varchar(100) NOT NULL DEFAULT '',
  `purchase` tinyint(1) NOT NULL DEFAULT '0',
  `oc` varchar(20) NOT NULL,
  `action_date` timestamp NOT NULL DEFAULT CURRENT_TIMESTAMP ON UPDATE CURRENT_TIMESTAMP,
  `transfer_location` tinyint(1) NOT NULL DEFAULT '0',
  PRIMARY KEY (`cl`,`bc`,`code`),
  CONSTRAINT `m_stores_ibfk_1` FOREIGN KEY (`cl`) REFERENCES `m_branch` (`cl`)
) ENGINE=InnoDB DEFAULT CHARSET=latin1;

/*Data for the table `m_stores` */

insert  into `m_stores`(`cl`,`bc`,`code`,`description`,`purchase`,`oc`,`action_date`,`transfer_location`) values (1,1,1,'Main Store',1,'1','2018-03-21 00:19:15',1);

/*Table structure for table `m_sub_category` */

DROP TABLE IF EXISTS `m_sub_category`;

CREATE TABLE `m_sub_category` (
  `code` int(11) NOT NULL,
  `category_code` int(11) NOT NULL,
  `description` varchar(50) NOT NULL,
  `oc` varchar(20) NOT NULL,
  `action_date` timestamp NOT NULL DEFAULT CURRENT_TIMESTAMP ON UPDATE CURRENT_TIMESTAMP,
  PRIMARY KEY (`code`),
  KEY `category_code` (`category_code`),
  CONSTRAINT `m_sub_category_ibfk_1` FOREIGN KEY (`category_code`) REFERENCES `m_category` (`code`)
) ENGINE=InnoDB DEFAULT CHARSET=latin1;

/*Data for the table `m_sub_category` */

insert  into `m_sub_category`(`code`,`category_code`,`description`,`oc`,`action_date`) values (1,1,'LCD ','1','2018-03-21 00:35:51'),(2,2,'Desktop','1','2018-03-21 00:36:26'),(3,2,'Laptop','1','2018-03-22 23:42:49'),(4,3,'Chair','1','2018-03-28 22:34:52'),(5,3,'Table','1','2018-03-28 22:35:02'),(6,3,'Rack','1','2018-03-28 22:35:22'),(7,3,'Locker','1','2018-03-28 22:35:38'),(8,3,'Cabinet','1','2018-03-28 22:36:09'),(9,4,'Air conditioner','1','2018-03-28 22:37:26'),(10,5,'Fax Machine','1','2018-03-29 00:45:25'),(11,6,'Camera','1','2018-03-29 00:51:29'),(12,4,'Fan','1','2018-03-29 01:03:57'),(13,4,'Machine','1','2018-03-29 01:52:02'),(14,4,'Fridge','1','2018-03-29 01:55:58'),(15,4,'Toaster','1','2018-03-29 02:56:09'),(16,3,'Trolley','1','2018-03-29 03:26:36'),(17,7,'Switch','1','2018-03-29 05:01:11'),(18,8,'1200mv','1','2018-03-29 05:02:03'),(19,8,'650mv','1','2018-03-29 05:02:11'),(20,2,'monitor','1','2018-03-29 05:02:32'),(21,2,'CPU','1','2018-03-29 05:02:53'),(22,9,'Laser Printer','1','2018-03-29 05:04:52'),(23,9,'Dot Matrix Printer','1','2018-03-29 05:05:30'),(24,9,'POS Printer','1','2018-03-29 05:06:18'),(25,3,'Steel Table','1','2018-03-29 05:10:29'),(26,2,'Touch Computer','1','2018-03-29 05:11:02'),(27,4,'Kettle','1','2018-04-12 01:12:00'),(28,10,'Service Tools','1','2018-04-19 23:23:29'),(29,3,'Bed','1','2018-04-20 00:09:48'),(30,4,'Lamp','1','2018-04-20 00:11:03'),(31,6,'Locking System','1','2018-04-20 00:21:20'),(32,3,'Door','1','2018-04-20 01:12:41'),(33,1,'LED','1','2018-04-20 01:18:32'),(34,3,'Mirror','1','2018-04-20 01:34:41'),(35,3,'Picture','1','2018-04-20 01:40:23'),(36,3,'Mattress','1','2018-04-20 01:46:23'),(37,4,'Security','1','2018-04-20 02:30:02'),(38,6,'Safety Box','1','2018-04-20 02:34:33'),(39,3,'Wardrobe ','1','2018-04-20 02:36:50'),(40,11,'Bathroom Items','1','2018-04-20 03:03:27'),(41,3,'Dustbin','1','2018-04-20 03:05:23'),(42,12,'Amenities','1','2018-04-20 04:51:57'),(43,13,'Machines','1','2018-04-20 05:04:20'),(44,3,'Double Bed','1','2018-04-28 23:54:38'),(45,4,'Motor','1','2018-05-11 01:44:11'),(46,3,'Podium','1','2018-05-11 02:32:28'),(47,4,'Oven','1','2018-05-14 06:17:35'),(48,17,'Projector','1','2018-05-17 02:15:14'),(49,15,'Cooking  Item','1','2018-05-17 03:46:45'),(50,15,'Hot Kitchen','1','2018-05-17 04:46:09'),(51,15,'pastry','1','2018-05-17 04:46:32'),(52,15,'Kitchen Tool','1','2018-05-17 22:09:49'),(53,15,'Cooking  Tool','1','2018-05-17 22:10:19'),(54,18,'Audio','1','2018-05-17 23:18:30'),(55,14,'Cooking Tools','1','2018-05-26 00:26:16'),(56,5,'Telephone','1','2018-06-03 23:46:10'),(57,19,'Chair Covers','1','2018-06-04 01:11:24'),(58,19,'Bow','1','2018-06-04 01:11:44'),(59,20,'Room Item','1','2018-06-06 02:19:57'),(60,16,'Maintenance Tool','1','2018-06-06 02:27:24'),(61,4,'Mouse','1','2018-07-30 03:29:50'),(62,4,'Key Card encoder','1','2018-07-30 03:30:30'),(63,4,'Telephone','1','2018-07-30 03:30:57'),(64,4,'Key Board','1','2018-07-30 03:31:18'),(65,4,'Printer','1','2018-07-30 03:31:34'),(66,21,'Stepler','1','2018-07-30 03:34:13'),(67,21,'Debit Card Machine','1','2018-07-30 03:34:54'),(68,21,'Credit Card Machine','1','2018-07-30 03:35:30'),(69,21,'Key Card','1','2018-07-30 03:36:09'),(70,4,'Air Conditioner','1','2018-07-30 03:52:09'),(71,4,'Remort','1','2018-07-30 03:52:39'),(72,4,'Sing Board','1','2018-07-30 03:53:12'),(73,21,'Puncher','1','2018-07-30 03:53:41'),(74,21,'Wet Towel','1','2018-07-30 03:54:20'),(75,4,'Lamp Shade','1','2018-07-30 03:54:53'),(76,4,'Refrigerator','1','2018-07-30 03:55:31'),(77,22,'Lobby','1','2018-07-30 04:00:44'),(78,22,'Front Office Tools','1','2018-07-30 04:52:53'),(79,23,'Luggage Trolley','1','2018-08-03 00:51:52'),(80,22,'Lobby Item','1','2018-08-03 00:58:33'),(81,22,'Calculator','1','2018-08-03 06:02:36'),(82,22,'Stepler','1','2018-08-03 06:02:57'),(83,22,'Puncher','1','2018-08-08 03:06:45'),(84,22,'Dust Bin','1','2018-08-08 03:12:02'),(85,22,'Scissors','1','2018-08-08 03:23:41'),(86,4,'Wet Towel Machine','1','2018-08-16 23:59:47'),(87,24,'Glass','1','2018-08-24 04:26:33'),(88,20,'Banquet  service','1','2018-10-16 04:23:54'),(89,20,' Staff  Quaters','1','2018-11-20 02:01:24'),(90,25,'Room','1','2018-12-13 05:16:34'),(91,25,'107 Room','1','2018-12-14 00:42:50'),(92,26,'chair','1','2019-02-09 00:40:41'),(93,26,'bed','1','2019-02-09 00:40:54'),(94,26,'celing fan','1','2019-02-09 00:41:29'),(95,26,'wall light','1','2019-02-09 00:41:56'),(96,26,'Dressing Table','1','2019-02-09 00:42:15'),(97,26,'Mirror','1','2019-02-09 00:42:32'),(98,26,'Celing Light','1','2019-02-09 00:43:07'),(99,26,'Head Board','1','2019-02-09 00:43:29'),(100,26,'Bed side Table','1','2019-02-09 00:43:54'),(101,26,'Mettras','1','2019-02-09 00:44:21'),(102,26,'Tea Table','1','2019-02-09 00:44:35'),(103,26,'Kettle','1','2019-02-09 00:44:50'),(104,26,'Bathroom Mirror','1','2019-02-09 00:45:15'),(105,26,'Hand Shower','1','2019-02-09 00:45:30'),(106,26,'Soap Holder','1','2019-02-09 00:45:47'),(107,26,'Wash Basin','1','2019-02-09 00:46:15'),(108,26,'Commed','1','2019-02-09 00:46:27'),(109,26,'Box TV','1','2019-02-09 00:46:53'),(110,26,'LED TV','1','2019-02-09 00:47:12'),(111,26,'LCD TV','1','2019-02-09 00:47:41'),(112,27,'Glass','1','2019-02-18 04:24:55'),(113,28,'Ceramic','1','2019-02-18 04:27:00'),(114,29,'Cutlary','1','2019-02-18 04:30:39'),(115,24,'Plastic Glass','1','2019-02-20 21:06:13'),(116,27,'Plastic glass','1','2019-02-20 21:13:47'),(117,28,'Plate','1','2019-02-20 21:23:10'),(118,28,'Cup','1','2019-02-20 21:23:31'),(119,28,'Saucer','1','2019-02-20 21:23:51'),(120,28,'Tea Pot','1','2019-02-20 21:24:22'),(121,28,'Boat','1','2019-02-20 21:24:50'),(122,28,'Bowl','1','2019-02-20 21:25:09'),(123,28,'Dish','1','2019-02-20 21:26:38'),(124,28,'Platter','1','2019-02-21 01:46:53'),(125,29,'Knife','1','2019-02-22 23:26:55'),(126,29,'Spoon','1','2019-02-22 23:27:05'),(127,29,'Fork','1','2019-02-22 23:27:17'),(128,29,'Tongs','1','2019-02-22 23:27:34'),(129,30,'Jug','1','2019-02-23 00:13:57'),(130,19,'Napkin white','1','2019-06-11 22:21:53'),(131,15,'Scail','1','2019-06-11 22:43:29'),(132,4,'Electric Scail','1','2019-06-12 02:42:34'),(133,22,'photocoppy machine','1','2019-07-17 22:47:57'),(134,22,'Cash Machine','1','2019-07-18 01:07:50');

/*Table structure for table `m_sup_category` */

DROP TABLE IF EXISTS `m_sup_category`;

CREATE TABLE `m_sup_category` (
  `code` int(11) NOT NULL,
  `description` varchar(50) NOT NULL,
  `entry_user` int(3) NOT NULL,
  `entry_time` datetime NOT NULL,
  `update_user` int(3) NOT NULL,
  `update_time` datetime NOT NULL,
  PRIMARY KEY (`code`)
) ENGINE=InnoDB DEFAULT CHARSET=latin1;

/*Data for the table `m_sup_category` */

insert  into `m_sup_category`(`code`,`description`,`entry_user`,`entry_time`,`update_user`,`update_time`) values (1,'Electrical',1,'2018-03-21 06:33:05',1,'2018-03-21 06:33:05'),(2,'Food',1,'2018-03-21 06:33:10',1,'2018-03-21 06:33:10'),(3,'Furniture',1,'2018-04-20 04:04:05',1,'2018-04-20 04:04:05'),(4,'Service Tools',1,'2018-04-20 04:24:23',1,'2018-04-20 04:24:23'),(5,'Bathroom Items',1,'2018-04-20 04:28:44',1,'2018-04-20 04:28:44'),(6,'Air Conditioner',1,'2018-07-26 07:58:44',1,'2018-07-26 07:58:44'),(7,'House keeping item',1,'2018-08-08 02:49:31',1,'2018-08-08 02:49:31'),(8,'Front Office',1,'2018-08-17 04:17:20',1,'2018-08-17 04:17:20'),(9,'Glass',1,'2019-03-23 09:48:51',1,'2019-03-23 09:48:51');

/*Table structure for table `m_supplier` */

DROP TABLE IF EXISTS `m_supplier`;

CREATE TABLE `m_supplier` (
  `code` int(11) NOT NULL,
  `suppliercategory_code` int(11) NOT NULL,
  `name` varchar(100) DEFAULT NULL,
  `address1` varchar(100) DEFAULT NULL,
  `address2` varchar(100) DEFAULT NULL,
  `address3` varchar(100) DEFAULT NULL,
  `tel1` varchar(10) DEFAULT NULL,
  `tel2` varchar(10) DEFAULT NULL,
  `tel3` varchar(10) DEFAULT NULL,
  `fax` varchar(10) DEFAULT NULL,
  `con_person` varchar(50) DEFAULT NULL,
  `con_mobile` varchar(10) DEFAULT NULL,
  `credit_limit` decimal(12,2) DEFAULT '0.00',
  `credit_period` int(3) DEFAULT '0',
  `create_time` datetime NOT NULL,
  `update_time` datetime NOT NULL,
  `create_user` int(3) NOT NULL,
  `update_user` int(3) NOT NULL,
  PRIMARY KEY (`code`)
) ENGINE=InnoDB DEFAULT CHARSET=latin1;

/*Data for the table `m_supplier` */

insert  into `m_supplier`(`code`,`suppliercategory_code`,`name`,`address1`,`address2`,`address3`,`tel1`,`tel2`,`tel3`,`fax`,`con_person`,`con_mobile`,`credit_limit`,`credit_period`,`create_time`,`update_time`,`create_user`,`update_user`) values (1,1,'Galle Electrical','32, kandy rd, kurunagala',NULL,NULL,'0816737646','0716347368','0810003832','0812438659','Mr.Ganganatha','0712342347',150000.00,15,'2018-03-21 06:38:05','2018-03-22 11:06:40',1,1),(2,3,'Seetech pvt ltd','23, Main Rd, Kurunegala',NULL,NULL,'0703979379','0718928938','0722717982','0708984983','Mr.Hemakumara','0723673737',200000.00,45,'2018-03-21 06:41:13','2018-03-21 06:41:13',1,1),(3,1,'Abans','Kandy',NULL,NULL,'0123456789','','','','A','0123456789',0.00,0,'2018-03-23 04:50:25','2018-03-23 04:50:25',1,1),(4,3,'NSP Equipment','abc',NULL,NULL,'0000000000','','','','.','.',0.00,0,'2018-04-20 04:06:38','2018-04-20 04:06:38',1,1),(5,3,'Hevana Solid Doors','abc',NULL,NULL,'0000000000','','','','.','0',0.00,0,'2018-04-20 04:08:51','2018-04-20 04:08:51',1,1),(6,1,'AMR Architectural Lightning','abc',NULL,NULL,'0000000000','','','','a','0',0.00,0,'2018-04-20 04:11:22','2018-04-20 04:11:22',1,1),(7,3,'Tech Wood','abc',NULL,NULL,'0000000000','','','','0','0',0.00,0,'2018-04-20 04:12:15','2018-04-20 04:12:15',1,1),(8,1,'Gestetner of Ceylon','abc',NULL,NULL,'0000000000','','','','a','0',0.00,0,'2018-04-20 04:12:48','2018-04-20 04:12:48',1,1),(9,1,'Softlogic Retail','abc',NULL,NULL,'0000000000','','','','a','0',0.00,0,'2018-04-20 04:13:20','2018-04-20 04:13:20',1,1),(10,3,'Asoka Glass','abc',NULL,NULL,'0000000000','','','','a','0',0.00,0,'2018-04-20 04:14:01','2018-04-20 04:14:01',1,1),(11,1,'Hayleys','abc',NULL,NULL,'0000000000','','','','a','0',0.00,0,'2018-04-20 04:14:37','2018-04-20 04:14:37',1,1),(12,3,'Pathikada Creations','abc',NULL,NULL,'0000000000','','','','a','0',0.00,0,'2018-04-20 04:15:25','2018-04-20 04:15:25',1,1),(13,1,'Onix Illumination Systems','abc',NULL,NULL,'0000000000','','','','a','0',0.00,0,'2018-04-20 04:16:03','2018-04-20 04:16:03',1,1),(14,1,'Abdul Raheems','abc',NULL,NULL,'0000000000','','','','a','0',0.00,0,'2018-04-20 04:16:45','2018-04-20 04:16:45',1,1),(15,1,'Serco Technologies','abc',NULL,NULL,'0000000000','','','','a','0',0.00,0,'2018-04-20 04:17:16','2018-04-20 04:17:16',1,1),(16,1,'Delight ','abc',NULL,NULL,'0000000000','','','','a','0',0.00,0,'2018-04-20 04:17:45','2018-04-20 04:17:45',1,1),(17,3,'Classic Hotel Suppliers','abc',NULL,NULL,'0000000000','','','','a','0',0.00,0,'2018-04-20 04:25:26','2018-04-20 04:25:26',1,1),(18,3,'MrGlass Pvt ltd','abc',NULL,NULL,'0000000000','','','','a','0',0.00,0,'2018-04-20 04:26:24','2018-04-20 04:26:24',1,1),(19,5,'GISMO','abc',NULL,NULL,'0000000000','','','','a','0',0.00,0,'2018-04-20 04:29:27','2018-04-20 04:29:27',1,1),(20,5,'Abans PLC','abc',NULL,NULL,'0000000000','','','','a','0',0.00,0,'2018-04-20 04:30:43','2018-04-20 04:30:43',1,1),(21,5,'Turbo Ceramic','abc',NULL,NULL,'0000000000','','','','a','0',0.00,0,'2018-04-20 04:31:19','2018-04-20 04:31:19',1,1),(22,1,'Sperrys Commercial Equipment Pvt Ltd','abc',NULL,NULL,'0000000000','','','','a','0',0.00,0,'2018-04-20 04:32:03','2018-04-20 04:32:03',1,1),(23,4,'Damro','242 Colombo Rd,Kurunegala',NULL,NULL,'0372231930','0372224635','','','0','0',0.00,0,'2018-05-19 07:39:20','2018-05-19 07:39:20',1,1),(24,1,'Rathne Stores','Kumbukgate',NULL,NULL,'0372264196','','','','Rathne','000',0.00,0,'2018-07-26 07:57:20','2018-07-26 07:57:20',1,1),(25,7,'Linen Collection ','Enderamulla,Wattala',NULL,NULL,'0314939944','0773797500','','','Sachira Senarathne','0772907441',0.00,0,'2018-08-08 02:58:06','2018-08-08 02:58:06',1,1),(26,7,'Bank','Kurunegala',NULL,NULL,'0000000','','','','0000000','0000000',0.00,0,'2018-08-17 04:19:34','2018-08-17 04:20:07',1,1),(27,3,'EGN Karunarathne','Pilimathalawa',NULL,NULL,'0723257173','','','','0723257173','0723257173',0.00,0,'2018-11-08 05:43:15','2018-11-08 05:43:15',1,1),(28,7,'Georg Wijesinghe Durabale Distributors','no 40 Old Hospital Road Nikaweratiya',NULL,NULL,'0374924842','','','','0374924842','000000000',0.00,0,'2018-11-20 07:57:17','2018-11-20 07:57:17',1,1),(29,8,'NPS Equipment ','ABC',NULL,NULL,'0115235053','','','','NPS','0000000',0.00,0,'2019-02-23 06:44:40','2019-02-23 06:44:40',1,1),(30,9,'Faznas','no67,69 kotugodella veediya kandy',NULL,NULL,'0812225787','','','','00000','000000',0.00,0,'2019-03-23 09:51:17','2019-03-23 09:51:17',1,1),(31,7,'SAB Hotel Solution','Kandy',NULL,NULL,'0813147452','','','','0716447441','0716447441',0.00,0,'2019-06-12 03:12:57','2019-06-12 03:12:57',1,1),(32,1,'Ceylon Weghing Machines Ltd','257 Grandpass Rd Colombo 14',NULL,NULL,'0112498200','','','','0112498200','0112498200',0.00,0,'2019-06-12 03:38:51','2019-06-12 03:38:51',1,1),(33,8,'Metropolitan Office ','Braybrooke Place,Colombo 02',NULL,NULL,'0112437797','','','0112448980','0112437797','0000000',0.00,0,'2019-07-18 03:44:22','2019-07-18 03:44:22',1,1),(34,8,'Kandy City Center','Kandy',NULL,NULL,'0812221100','','','','0721221100','0721221100',0.00,0,'2019-07-18 06:00:25','2019-07-18 06:00:25',1,1);

/*Table structure for table `m_unit` */

DROP TABLE IF EXISTS `m_unit`;

CREATE TABLE `m_unit` (
  `code` int(11) NOT NULL,
  `description` varchar(50) NOT NULL,
  `oc` varchar(20) NOT NULL,
  `action_date` timestamp NOT NULL DEFAULT CURRENT_TIMESTAMP ON UPDATE CURRENT_TIMESTAMP,
  PRIMARY KEY (`code`)
) ENGINE=InnoDB DEFAULT CHARSET=latin1;

/*Data for the table `m_unit` */

insert  into `m_unit`(`code`,`description`,`oc`,`action_date`) values (1,'liter','1','2018-03-21 01:15:01'),(2,'Sqft','1','2018-03-21 01:15:17'),(3,'Nos','1','2018-03-22 23:48:29');

/*Table structure for table `migrations` */

DROP TABLE IF EXISTS `migrations`;

CREATE TABLE `migrations` (
  `id` int(10) unsigned NOT NULL AUTO_INCREMENT,
  `migration` varchar(255) COLLATE utf8mb4_unicode_ci NOT NULL,
  `batch` int(11) NOT NULL,
  PRIMARY KEY (`id`)
) ENGINE=InnoDB DEFAULT CHARSET=utf8mb4 COLLATE=utf8mb4_unicode_ci;

/*Data for the table `migrations` */

/*Table structure for table `t_grn_det` */

DROP TABLE IF EXISTS `t_grn_det`;

CREATE TABLE `t_grn_det` (
  `nno` int(3) DEFAULT NULL,
  `code` int(11) DEFAULT NULL,
  `price` decimal(12,2) DEFAULT '0.00',
  `qty` int(3) DEFAULT '0'
) ENGINE=InnoDB DEFAULT CHARSET=utf8 COLLATE=utf8_unicode_ci;

/*Data for the table `t_grn_det` */

insert  into `t_grn_det`(`nno`,`code`,`price`,`qty`) values (1,4,250.00,10),(2,4,250.00,10),(2,3,2530.00,10),(3,12,250.00,120),(4,12,250.00,10),(4,10,25.00,10),(5,3,250.00,10),(6,4,250.00,10),(7,3,250.00,10),(7,4,200.00,20),(7,6,150.00,525),(8,7,1520.00,150);

/*Table structure for table `t_grn_sum` */

DROP TABLE IF EXISTS `t_grn_sum`;

CREATE TABLE `t_grn_sum` (
  `nno` int(3) NOT NULL,
  `ddate` date DEFAULT NULL,
  `supplier` int(10) DEFAULT NULL,
  `memo` varchar(100) COLLATE utf8_unicode_ci DEFAULT NULL,
  `gross_amount` decimal(12,2) DEFAULT '0.00',
  `tax_amount` decimal(12,2) DEFAULT '0.00',
  `net_amount` decimal(12,2) DEFAULT NULL,
  `oc` varchar(20) COLLATE utf8_unicode_ci DEFAULT NULL,
  `action_date` timestamp NOT NULL DEFAULT CURRENT_TIMESTAMP ON UPDATE CURRENT_TIMESTAMP,
  `po_no` decimal(10,0) DEFAULT NULL,
  PRIMARY KEY (`nno`)
) ENGINE=InnoDB DEFAULT CHARSET=utf8 COLLATE=utf8_unicode_ci;

/*Data for the table `t_grn_sum` */

insert  into `t_grn_sum`(`nno`,`ddate`,`supplier`,`memo`,`gross_amount`,`tax_amount`,`net_amount`,`oc`,`action_date`,`po_no`) values (1,'2019-08-02',2,'hjynnmkl',2500.00,0.00,2500.00,'17','2019-07-27 14:36:26',0),(2,'2019-07-24',2,'thyfrt',27800.00,0.00,27800.00,'17','2019-07-27 14:38:47',0),(3,'2019-07-25',1,'rgvde',30000.00,0.00,30000.00,'17','2019-07-27 14:40:43',0),(4,'2019-08-02',2,'REGDRE',2750.00,0.00,2750.00,'17','2019-07-27 14:41:27',0),(5,'2019-07-26',2,'RETGDER',2500.00,0.00,2500.00,'17','2019-07-27 14:43:12',0),(6,'2019-07-24',7,'regvdreder',2500.00,0.00,2500.00,'17','2019-07-27 14:44:45',0),(7,'2019-08-22',1,'gbdf',85250.00,0.00,85250.00,'17','2019-08-16 10:06:13',0),(8,'2019-08-26',4,'test',228000.00,0.00,228000.00,'17','2019-08-26 10:36:47',0);

/*Table structure for table `t_item_damage_det` */

DROP TABLE IF EXISTS `t_item_damage_det`;

CREATE TABLE `t_item_damage_det` (
  `nno` int(11) NOT NULL,
  `item` varchar(100) DEFAULT NULL,
  `qty` int(11) DEFAULT NULL,
  PRIMARY KEY (`nno`)
) ENGINE=InnoDB DEFAULT CHARSET=latin1;

/*Data for the table `t_item_damage_det` */

insert  into `t_item_damage_det`(`nno`,`item`,`qty`) values (1,'3',12);

/*Table structure for table `t_item_damage_sum` */

DROP TABLE IF EXISTS `t_item_damage_sum`;

CREATE TABLE `t_item_damage_sum` (
  `nno` int(11) NOT NULL AUTO_INCREMENT,
  `ddate` date DEFAULT NULL,
  `to_location` int(11) DEFAULT NULL,
  `description` varchar(100) DEFAULT NULL,
  `oc` varchar(20) DEFAULT NULL,
  `action_date` timestamp NOT NULL DEFAULT CURRENT_TIMESTAMP,
  PRIMARY KEY (`nno`)
) ENGINE=InnoDB AUTO_INCREMENT=2 DEFAULT CHARSET=latin1;

/*Data for the table `t_item_damage_sum` */

insert  into `t_item_damage_sum`(`nno`,`ddate`,`to_location`,`description`,`oc`,`action_date`) values (1,'2019-08-27',1,'testing','17','2019-08-26 14:39:57');

/*Table structure for table `t_item_movement` */

DROP TABLE IF EXISTS `t_item_movement`;

CREATE TABLE `t_item_movement` (
  `item` int(11) DEFAULT NULL,
  `location` int(11) DEFAULT NULL,
  `trans_code` varchar(20) COLLATE utf8_unicode_ci DEFAULT NULL,
  `trans_no` int(11) DEFAULT NULL,
  `qty_in` int(3) DEFAULT NULL,
  `qty_out` int(3) DEFAULT NULL,
  `memo` varchar(100) COLLATE utf8_unicode_ci DEFAULT NULL,
  `action_date` timestamp NOT NULL DEFAULT CURRENT_TIMESTAMP ON UPDATE CURRENT_TIMESTAMP,
  `trans_date` date DEFAULT NULL
) ENGINE=InnoDB DEFAULT CHARSET=utf8 COLLATE=utf8_unicode_ci;

/*Data for the table `t_item_movement` */

insert  into `t_item_movement`(`item`,`location`,`trans_code`,`trans_no`,`qty_in`,`qty_out`,`memo`,`action_date`,`trans_date`) values (3,1,'3',7,10,0,'gbdf','2019-08-16 10:07:02',NULL),(4,1,'3',7,20,0,'gbdf','2019-08-16 10:07:04',NULL),(6,1,'3',7,525,0,'gbdf','2019-08-16 10:07:06',NULL),(201,4,'125',1,0,25,'rtycfh','2019-08-26 05:00:48',NULL),(201,5,'125',1,25,0,'rtycfh','2019-08-26 05:00:48',NULL),(102,3,'125',2,0,20,'tes','2019-08-26 05:03:12',NULL),(102,5,'125',2,20,0,'tes','2019-08-26 05:03:12',NULL),(301,9,'125',3,0,3,'','2019-08-26 05:06:09',NULL),(301,10,'125',3,3,0,'','2019-08-26 05:06:09','2019-08-26'),(7,1,'3',8,150,0,'test','2019-08-26 10:36:47','2019-08-26'),(3,1,'14',1,12,0,'testing','2019-08-26 14:39:57','2019-08-27');

/*Table structure for table `t_pur_req_det` */

DROP TABLE IF EXISTS `t_pur_req_det`;

CREATE TABLE `t_pur_req_det` (
  `cl` int(11) DEFAULT NULL,
  `bc` int(11) DEFAULT NULL,
  `code` int(11) DEFAULT NULL,
  `item_code` int(11) DEFAULT NULL,
  `qty` decimal(10,3) DEFAULT NULL,
  KEY `cl` (`cl`),
  KEY `bc` (`bc`)
) ENGINE=InnoDB DEFAULT CHARSET=latin1;

/*Data for the table `t_pur_req_det` */

/*Table structure for table `t_pur_req_sum` */

DROP TABLE IF EXISTS `t_pur_req_sum`;

CREATE TABLE `t_pur_req_sum` (
  `cl` int(11) NOT NULL,
  `bc` int(11) NOT NULL,
  `code` int(11) NOT NULL,
  `date` date DEFAULT NULL,
  `ref_no` varchar(20) DEFAULT NULL,
  `supplier_code` int(11) DEFAULT NULL,
  `location_code` int(11) DEFAULT NULL,
  `description` varchar(200) DEFAULT NULL,
  `employee_code` int(11) DEFAULT NULL,
  `cost_center_code` int(11) DEFAULT NULL,
  `create_user` varchar(20) DEFAULT NULL,
  `create_time` timestamp NOT NULL DEFAULT CURRENT_TIMESTAMP ON UPDATE CURRENT_TIMESTAMP,
  `update_user` varchar(20) DEFAULT NULL,
  `update_time` timestamp NOT NULL DEFAULT '0000-00-00 00:00:00',
  PRIMARY KEY (`cl`,`bc`,`code`)
) ENGINE=InnoDB DEFAULT CHARSET=latin1;

/*Data for the table `t_pur_req_sum` */

/*Table structure for table `t_serial` */

DROP TABLE IF EXISTS `t_serial`;

CREATE TABLE `t_serial` (
  `serial_no` varchar(100) NOT NULL,
  `item_code` int(11) DEFAULT NULL,
  `location_code` int(11) DEFAULT NULL,
  `trans_code` tinyint(4) NOT NULL,
  `trans_no` int(11) NOT NULL,
  `trans_date` date DEFAULT NULL,
  `trans_cost` decimal(12,2) DEFAULT '0.00',
  `pur_type` tinyint(4) DEFAULT NULL,
  `pur_no` int(11) DEFAULT NULL,
  `pur_date` date DEFAULT NULL,
  `pur_supplier` int(11) DEFAULT NULL,
  `pur_cost` decimal(12,2) DEFAULT NULL,
  `dep_rate` decimal(5,2) DEFAULT NULL,
  `dep_period` int(3) DEFAULT NULL,
  `dep_value` decimal(12,2) DEFAULT NULL,
  `dep_opb_date` date DEFAULT NULL,
  `dep_month` int(2) DEFAULT NULL,
  `dep_acc_dep` int(11) DEFAULT NULL,
  `dep_opb_value` decimal(12,2) DEFAULT NULL,
  `dep_nbv` decimal(12,2) DEFAULT NULL,
  `cap_rate` decimal(5,2) DEFAULT NULL,
  `cap_period` int(3) DEFAULT NULL,
  `cap_n_years` int(3) DEFAULT NULL,
  `cap_total` decimal(12,2) DEFAULT NULL,
  `cap_for_year` year(4) DEFAULT NULL,
  `cap_balance` decimal(12,2) DEFAULT NULL,
  `cap_op_amount` decimal(12,2) DEFAULT NULL,
  `cap_temp_diff` decimal(12,2) DEFAULT NULL,
  `inactive` tinyint(1) DEFAULT '0',
  `inactive_reason` varchar(100) DEFAULT NULL,
  `inactive_date` date DEFAULT NULL,
  `oc` varchar(20) DEFAULT NULL,
  `action_date` timestamp NOT NULL DEFAULT CURRENT_TIMESTAMP ON UPDATE CURRENT_TIMESTAMP,
  `current_location` int(11) DEFAULT NULL,
  PRIMARY KEY (`serial_no`)
) ENGINE=InnoDB DEFAULT CHARSET=latin1;

/*Data for the table `t_serial` */

insert  into `t_serial`(`serial_no`,`item_code`,`location_code`,`trans_code`,`trans_no`,`trans_date`,`trans_cost`,`pur_type`,`pur_no`,`pur_date`,`pur_supplier`,`pur_cost`,`dep_rate`,`dep_period`,`dep_value`,`dep_opb_date`,`dep_month`,`dep_acc_dep`,`dep_opb_value`,`dep_nbv`,`cap_rate`,`cap_period`,`cap_n_years`,`cap_total`,`cap_for_year`,`cap_balance`,`cap_op_amount`,`cap_temp_diff`,`inactive`,`inactive_reason`,`inactive_date`,`oc`,`action_date`,`current_location`) values ('1',1,2,2,1,'2018-06-18',0.00,2,1,'2018-06-18',1,29000.00,12.00,36,0.00,'2018-06-01',0,500001,0.00,0.00,14.00,36,0,0.00,2000,0.00,0.00,0.00,0,NULL,NULL,'17','2018-12-13 04:56:50',3),('255',255,22,2,300,'2018-08-28',0.00,2,1,'2018-08-28',23,4217.40,0.00,0,0.00,'2018-08-28',0,0,0.00,0.00,0.00,0,0,0.00,2000,0.00,0.00,0.00,0,NULL,NULL,'17','2018-08-28 01:51:44',22),('ACC/COM/CPU/C/0150',40,15,2,216,'2018-08-22',0.00,2,1,'2018-08-22',9,35000.00,33.00,3,0.00,'2018-08-22',0,10003,0.00,0.00,0.00,0,0,0.00,2000,0.00,0.00,0.00,0,NULL,NULL,'17','2019-01-21 03:38:44',15),('ACC/COM/CPU/C/0153',43,15,2,219,'2018-08-22',0.00,2,1,'2018-08-22',9,35000.00,33.00,3,0.00,'2018-08-22',0,10003,0.00,0.00,0.00,0,0,0.00,2000,0.00,0.00,0.00,0,NULL,NULL,'17','2019-01-21 03:39:46',15),('ACC/COM/CPU/C/0156',46,15,2,221,'2018-08-22',0.00,2,1,'2018-08-22',9,25000.00,33.00,3,0.00,'2018-08-22',0,10003,0.00,0.00,0.00,0,0,0.00,2000,0.00,0.00,0.00,0,NULL,NULL,'17','2019-01-21 03:41:16',15),('ACC/COM/MO/M/0151',41,15,2,217,'2018-08-22',0.00,2,1,'2018-08-22',9,10000.00,33.00,3,0.00,'2018-08-22',0,10003,0.00,0.00,0.00,0,0,0.00,2000,0.00,0.00,0.00,0,NULL,NULL,'17','2019-01-21 03:39:01',15),('ACC/COM/MO/M/0154',44,15,2,220,'2018-08-22',0.00,2,1,'2018-08-22',9,10000.00,33.00,3,0.00,'2018-08-22',0,10003,0.00,0.00,0.00,0,0,0.00,2000,0.00,0.00,0.00,0,NULL,NULL,'17','2019-01-21 03:40:27',15),('ACC/COM/MO/M/0157',47,15,2,222,'2018-08-22',0.00,2,1,'2018-08-22',9,8000.00,33.00,3,0.00,'2018-08-22',0,10003,0.00,0.00,0.00,0,0,0.00,2000,0.00,0.00,0.00,0,NULL,NULL,'17','2019-01-21 03:41:29',15),('ACC/UPS/650MV/U/0152',42,15,2,218,'2018-08-22',0.00,2,1,'2018-08-22',9,4000.00,50.00,2,0.00,'2018-08-22',0,10003,0.00,0.00,0.00,0,0,0.00,2000,0.00,0.00,0.00,0,NULL,NULL,'17','2019-01-21 03:39:18',15),('ACC/UPS/650MV/U/0155',45,15,2,223,'2018-08-22',0.00,2,1,'2018-08-22',9,4000.00,50.00,2,0.00,'2018-08-22',0,10003,0.00,0.00,0.00,0,0,0.00,2000,0.00,0.00,0.00,0,NULL,NULL,'17','2019-01-21 03:40:52',15),('AD/ELE/AC/A/0106',11,21,2,230,'2018-08-22',0.00,2,1,'2018-08-22',3,75000.00,12.50,8,0.00,'2018-08-22',0,0,0.00,0.00,0.00,0,0,0.00,2000,0.00,0.00,0.00,0,NULL,NULL,'17','2019-01-21 01:28:48',21),('AD/ELE/FAN/C/5070',14,21,2,232,'2018-08-22',0.00,2,1,'2018-08-22',3,5000.00,20.00,5,0.00,'2018-08-22',0,0,0.00,0.00,0.00,0,0,0.00,2000,0.00,0.00,0.00,0,NULL,NULL,'17','2019-01-21 01:41:19',21),('AD/FUNI/CAB/C/0105',10,21,2,229,'2018-08-22',0.00,2,1,'2018-08-22',3,15000.00,10.00,10,0.00,'2018-08-22',0,0,0.00,0.00,0.00,0,0,0.00,2000,0.00,0.00,0.00,0,NULL,NULL,'17','2019-01-21 01:28:23',21),('AD/FUNI/CHAIR/C/0100',4,21,2,224,'2018-08-22',0.00,2,1,'2018-08-22',3,15000.00,20.00,5,0.00,'2018-08-22',0,0,0.00,0.00,0.00,0,0,0.00,2000,0.00,0.00,0.00,0,NULL,NULL,'17','2019-01-21 01:26:51',21),('AD/FUNI/CHAIR/C/0108',53,21,2,233,'2018-08-22',0.00,2,1,'2018-08-22',3,8000.00,20.00,5,0.00,'2018-08-22',0,10003,0.00,0.00,0.00,0,0,0.00,2000,0.00,0.00,0.00,0,NULL,NULL,'17','2019-01-21 01:41:53',21),('AD/FUNI/LOCK/L/0104',9,21,2,228,'2018-08-22',0.00,2,1,'2018-08-22',3,10000.00,10.00,10,0.00,'2018-08-22',0,0,0.00,0.00,0.00,0,0,0.00,2000,0.00,0.00,0.00,0,NULL,NULL,'17','2019-01-21 01:28:07',21),('AD/FUNI/RACK/R/0103',8,21,2,227,'2018-08-22',0.00,2,1,'2018-08-22',3,10000.00,20.00,5,0.00,'2018-08-22',0,0,0.00,0.00,0.00,0,0,0.00,2000,0.00,0.00,0.00,0,NULL,NULL,'17','2019-01-21 01:27:46',21),('AD/FUNI/TAB/T/0101',6,21,2,225,'2018-08-22',0.00,2,1,'2018-08-22',3,10000.00,20.00,5,0.00,'2018-08-22',0,0,0.00,0.00,0.00,0,0,0.00,2000,0.00,0.00,0.00,0,NULL,NULL,'17','2019-01-21 01:27:08',21),('AD/FUNI/TAB/T/0102',7,21,2,226,'2018-08-22',0.00,2,1,'2018-08-22',3,3500.00,20.00,5,0.00,'2018-08-22',0,0,0.00,0.00,0.00,0,0,0.00,2000,0.00,0.00,0.00,0,NULL,NULL,'17','2019-01-21 01:27:27',21),('AD/TELE/FM/F/0107',12,21,2,231,'2018-08-22',0.00,2,1,'2018-08-22',3,18000.00,20.00,5,0.00,'2018-08-22',0,0,0.00,0.00,0.00,0,0,0.00,2000,0.00,0.00,0.00,0,NULL,NULL,'17','2019-01-21 01:29:04',21),('FB/COM/TC/C/0287',54,5,2,261,'2018-08-23',0.00,2,1,'2018-08-23',9,100000.00,20.00,5,0.00,'2018-08-23',0,20000,0.00,0.00,0.00,0,0,0.00,2000,0.00,0.00,0.00,0,NULL,NULL,'17','2019-01-21 05:04:35',5),('FB/COM/TC/C/0288',55,5,2,262,'2018-08-23',0.00,2,1,'2018-08-23',3,100000.00,20.00,5,0.00,'2018-08-23',0,10003,0.00,0.00,0.00,0,0,0.00,2000,0.00,0.00,0.00,0,NULL,NULL,'17','2019-01-21 05:04:56',5),('FB/CRM/ALPLT/SV/67/1566',397,5,2,849,'2019-03-09',0.00,2,67,'2019-03-09',17,0.00,0.00,0,0.00,'2019-03-09',0,0,0.00,0.00,0.00,0,0,0.00,2000,0.00,0.00,0.00,0,NULL,NULL,'17','2019-03-08 22:00:56',5),('FB/CRM/CANPLT/SV/25/1577',408,5,2,862,'2019-03-09',0.00,2,25,'2019-03-09',17,0.00,0.00,0,0.00,'2019-03-09',0,0,0.00,0.00,0.00,0,0,0.00,2000,0.00,0.00,0.00,0,NULL,NULL,'17','2019-03-09 00:07:57',5),('FB/CRM/COFCPS/ST/11/1589',420,5,2,877,'2019-03-09',0.00,2,11,'2019-03-09',17,0.00,0.00,0,0.00,'2019-03-09',0,0,0.00,0.00,0.00,0,0,0.00,2000,0.00,0.00,0.00,0,NULL,NULL,'17','2019-03-09 00:40:18',5),('FB/CRM/COFCUP/ST/14/1588',419,5,2,876,'2019-03-09',0.00,2,14,'2019-03-09',17,0.00,0.00,0,0.00,'2019-03-09',0,0,0.00,0.00,0.00,0,0,0.00,2000,0.00,0.00,0.00,0,NULL,NULL,'17','2019-03-09 00:38:37',5),('FB/CRM/COFP/SV/03/1559',390,5,2,842,'2019-03-09',0.00,2,3,'2019-03-09',17,0.00,0.00,0,0.00,'2019-03-09',0,0,0.00,0.00,0.00,0,0,0.00,2000,0.00,0.00,0.00,0,NULL,NULL,'17','2019-03-08 21:42:29',5),('FB/CRM/COFSC/ST/136/1587',418,5,2,875,'2019-03-09',0.00,2,136,'2019-03-09',17,0.00,0.00,0,0.00,'2019-03-09',0,0,0.00,0.00,0.00,0,0,0.00,2000,0.00,0.00,0.00,0,NULL,NULL,'17','2019-03-09 00:36:31',5),('FB/CRM/CREMER/ST/10/1593',424,5,2,881,'2019-03-09',0.00,2,10,'2019-03-09',17,0.00,0.00,0,0.00,'2019-03-09',0,0,0.00,0.00,0.00,0,0,0.00,2000,0.00,0.00,0.00,0,NULL,NULL,'17','2019-03-09 00:50:12',5),('FB/CRM/CRUT/SV/05/1594',425,5,2,882,'2019-03-09',0.00,2,5,'2019-03-09',17,0.00,0.00,0,0.00,'2019-03-09',0,0,0.00,0.00,0.00,0,0,0.00,2000,0.00,0.00,0.00,0,NULL,NULL,'17','2019-03-09 00:57:58',5),('FB/CRM/CRYDISL/SV/45/1564',395,5,2,847,'2019-03-09',0.00,2,45,'2019-03-09',17,0.00,0.00,0,0.00,'2019-03-09',0,0,0.00,0.00,0.00,0,0,0.00,2000,0.00,0.00,0.00,0,NULL,NULL,'17','2019-03-08 21:55:19',5),('FB/CRM/CRYDISS/SV/25/1565',396,5,2,848,'2019-03-09',0.00,2,25,'2019-03-09',17,0.00,0.00,0,0.00,'2019-03-09',0,0,0.00,0.00,0.00,0,0,0.00,2000,0.00,0.00,0.00,0,NULL,NULL,'17','2019-03-08 21:59:14',5),('FB/CRM/CURBWSC/ST/24/1590',421,5,2,878,'2019-03-09',0.00,2,24,'2019-03-09',17,0.00,0.00,0,0.00,'2019-03-09',0,0,0.00,0.00,0.00,0,0,0.00,2000,0.00,0.00,0.00,0,NULL,NULL,'17','2019-03-09 00:43:45',5),('FB/CRM/DSPLT/SV/65/1574',405,5,2,859,'2019-03-09',0.00,2,65,'2019-03-09',17,0.00,0.00,0,0.00,'2019-03-09',0,0,0.00,0.00,0.00,0,0,0.00,2000,0.00,0.00,0.00,0,NULL,NULL,'17','2019-03-09 00:02:36',5),('FB/CRM/DSPLTOL/ST/50/1576',407,5,2,861,'2019-03-09',0.00,2,50,'2019-03-09',17,0.00,0.00,0,0.00,'2019-03-09',0,0,0.00,0.00,0.00,0,0,0.00,2000,0.00,0.00,0.00,0,NULL,NULL,'17','2019-03-09 00:06:19',5),('FB/CRM/DSPLTSQ/ST/27/1575',406,5,2,860,'2019-03-09',0.00,2,27,'2019-03-09',17,0.00,0.00,0,0.00,'2019-03-09',0,0,0.00,0.00,0.00,0,0,0.00,2000,0.00,0.00,0.00,0,NULL,NULL,'17','2019-03-09 00:04:40',5),('FB/CRM/DVBOT/SV/30/1561',392,5,2,844,'2019-03-09',0.00,2,30,'2019-03-09',17,0.00,0.00,0,0.00,'2019-03-09',0,0,0.00,0.00,0.00,0,0,0.00,2000,0.00,0.00,0.00,0,NULL,NULL,'17','2019-03-08 21:48:47',5),('FB/CRM/DVBOTL/ST/11/1562',393,5,2,845,'2019-03-09',0.00,2,11,'2019-03-09',17,0.00,0.00,0,0.00,'2019-03-09',0,0,0.00,0.00,0.00,0,0,0.00,2000,0.00,0.00,0.00,0,NULL,NULL,'17','2019-03-08 21:50:54',5),('FB/CRM/DVBOTS/ST/09/1563',394,5,2,846,'2019-03-09',0.00,2,9,'2019-03-09',17,0.00,0.00,0,0.00,'2019-03-09',0,0,0.00,0.00,0.00,0,0,0.00,2000,0.00,0.00,0.00,0,NULL,NULL,'17','2019-03-08 21:52:43',5),('FB/CRM/EGCUP/ST/32/1573',404,5,2,858,'2019-03-09',0.00,2,32,'2019-03-09',17,0.00,0.00,0,0.00,'2019-03-09',0,0,0.00,0.00,0.00,0,0,0.00,2000,0.00,0.00,0.00,0,NULL,NULL,'17','2019-03-09 00:00:42',5),('FB/CRM/EGCUP/SV/04/1573',404,5,2,857,'2019-03-09',0.00,2,4,'2019-03-09',17,0.00,0.00,0,0.00,'2019-03-09',0,0,0.00,0.00,0.00,0,0,0.00,2000,0.00,0.00,0.00,0,NULL,NULL,'17','2019-03-08 23:56:23',5),('FB/CRM/FINBW/SV/77/1583',414,5,2,871,'2019-03-09',0.00,2,77,'2019-03-09',17,0.00,0.00,0,0.00,'2019-03-09',0,0,0.00,0.00,0.00,0,0,0.00,2000,0.00,0.00,0.00,0,NULL,NULL,'17','2019-03-09 00:25:35',5),('FB/CRM/FINBWL/ST/105/1585',416,5,2,873,'2019-03-09',0.00,2,105,'2019-03-09',17,0.00,0.00,0,0.00,'2019-03-09',0,0,0.00,0.00,0.00,0,0,0.00,2000,0.00,0.00,0.00,0,NULL,NULL,'17','2019-03-09 00:32:57',5),('FB/CRM/FINBWS/ST/106/1584',415,5,2,872,'2019-03-09',0.00,2,106,'2019-03-09',17,0.00,0.00,0,0.00,'2019-03-09',0,0,0.00,0.00,0.00,0,0,0.00,2000,0.00,0.00,0.00,0,NULL,NULL,'17','2019-03-09 00:31:10',5),('FB/CRM/FINBWSC/ST/160/1586',417,5,2,874,'2019-03-09',0.00,2,160,'2019-03-09',17,0.00,0.00,0,0.00,'2019-03-09',0,0,0.00,0.00,0.00,0,0,0.00,2000,0.00,0.00,0.00,0,NULL,NULL,'17','2019-03-09 00:34:43',5),('FB/CRM/HFPL/ST/03/1550',381,5,2,828,'2019-03-08',0.00,2,3,'2019-03-08',17,0.00,0.00,0,0.00,'2019-03-08',0,0,0.00,0.00,0.00,0,0,0.00,2000,0.00,0.00,0.00,0,NULL,NULL,'17','2019-03-07 21:55:21',5),('FB/CRM/HFPL/SV/560/1550',381,5,2,827,'2019-03-08',0.00,2,560,'2019-03-08',17,0.00,0.00,0,0.00,'2019-03-08',0,0,0.00,0.00,0.00,0,0,0.00,2000,0.00,0.00,0.00,0,NULL,NULL,'17','2019-03-07 21:45:54',5),('FB/CRM/MEPLN/ST/14/1552',383,5,2,832,'2019-03-08',0.00,2,14,'2019-03-08',17,0.00,0.00,0,0.00,'2019-03-08',0,0,0.00,0.00,0.00,0,0,0.00,2000,0.00,0.00,0.00,0,NULL,NULL,'17','2019-03-07 22:05:25',5),('FB/CRM/MEPLNW/SV/550/1552',383,5,2,831,'2019-03-08',0.00,2,550,'2019-03-08',17,0.00,0.00,0,0.00,'2019-03-08',0,0,0.00,0.00,0.00,0,0,0.00,2000,0.00,0.00,0.00,0,NULL,NULL,'17','2019-03-07 22:03:36',5),('FB/CRM/MEPLO/ST/359/1553',384,5,2,833,'2019-03-08',0.00,2,350,'2019-03-08',17,0.00,0.00,0,0.00,'2019-03-08',0,0,0.00,0.00,0.00,0,0,0.00,2000,0.00,0.00,0.00,0,NULL,NULL,'17','2019-03-08 04:43:55',5),('FB/CRM/OVPLT/ST/01/1570',401,5,2,853,'2019-03-09',0.00,2,1,'2019-03-09',17,0.00,0.00,0,0.00,'2019-03-09',0,0,0.00,0.00,0.00,0,0,0.00,2000,0.00,0.00,0.00,0,NULL,NULL,'17','2019-03-08 23:49:39',5),('FB/CRM/PASPLT/ST/11/1592',423,5,2,880,'2019-03-09',0.00,2,11,'2019-03-09',17,0.00,0.00,0,0.00,'2019-03-09',0,0,0.00,0.00,0.00,0,0,0.00,2000,0.00,0.00,0.00,0,NULL,NULL,'17','2019-03-09 00:47:45',5),('FB/CRM/RPLT/SV/37/1567',398,5,2,850,'2019-03-09',0.00,2,37,'2019-03-09',17,0.00,0.00,0,0.00,'2019-03-09',0,0,0.00,0.00,0.00,0,0,0.00,2000,0.00,0.00,0.00,0,NULL,NULL,'17','2019-03-08 23:44:55',5),('FB/CRM/RPLTL/ST/07/1569',400,5,2,852,'2019-03-09',0.00,2,7,'2019-03-09',17,0.00,0.00,0,0.00,'2019-03-09',0,0,0.00,0.00,0.00,0,0,0.00,2000,0.00,0.00,0.00,0,NULL,NULL,'17','2019-03-08 23:48:16',5),('FB/CRM/RPLTS/ST/09/1568',399,5,2,851,'2019-03-09',0.00,2,9,'2019-03-09',17,0.00,0.00,0,0.00,'2019-03-09',0,0,0.00,0.00,0.00,0,0,0.00,2000,0.00,0.00,0.00,0,NULL,NULL,'17','2019-03-08 23:46:46',5),('FB/CRM/SALBW/ST/24/1571',402,5,2,855,'2019-03-09',0.00,2,24,'2019-03-09',17,0.00,0.00,0,0.00,'2019-03-09',0,0,0.00,0.00,0.00,0,0,0.00,2000,0.00,0.00,0.00,0,NULL,NULL,'17','2019-03-08 23:52:43',5),('FB/CRM/SALBW/SV/07/1571',402,5,2,854,'2019-03-09',0.00,2,7,'2019-03-09',17,0.00,0.00,0,0.00,'2019-03-09',0,0,0.00,0.00,0.00,0,0,0.00,2000,0.00,0.00,0.00,0,NULL,NULL,'17','2019-03-08 23:51:21',5),('FB/CRM/SALPLT/SV/05/1572',403,5,2,856,'2019-03-09',0.00,2,5,'2019-03-09',17,0.00,0.00,0,0.00,'2019-03-09',0,0,0.00,0.00,0.00,0,0,0.00,2000,0.00,0.00,0.00,0,NULL,NULL,'17','2019-03-08 23:54:23',5),('FB/CRM/SIDPL/ST/14/1551',382,5,2,830,'2019-03-08',0.00,2,14,'2019-03-08',17,0.00,0.00,0,0.00,'2019-03-08',0,0,0.00,0.00,0.00,0,0,0.00,2000,0.00,0.00,0.00,0,NULL,NULL,'17','2019-03-07 22:00:13',5),('FB/CRM/SIDPL/SV/148/1551',382,5,2,829,'2019-03-08',0.00,2,148,'2019-03-08',17,0.00,0.00,0,0.00,'2019-03-08',0,0,0.00,0.00,0.00,0,0,0.00,2000,0.00,0.00,0.00,0,NULL,NULL,'17','2019-03-07 21:58:13',5),('FB/CRM/SPCUPOL/ST/47/1581',412,5,2,868,'2019-03-09',0.00,2,47,'2019-03-09',17,0.00,0.00,0,0.00,'2019-03-09',0,0,0.00,0.00,0.00,0,0,0.00,2000,0.00,0.00,0.00,0,NULL,NULL,'17','2019-03-09 00:18:41',5),('FB/CRM/SUCBOT/SV/11/1560',391,5,2,843,'2019-03-09',0.00,2,11,'2019-03-09',17,0.00,0.00,0,0.00,'2019-03-09',0,0,0.00,0.00,0.00,0,0,0.00,2000,0.00,0.00,0.00,0,NULL,NULL,'17','2019-03-08 21:44:01',5),('FB/CRM/SUGBW/ST/12/1579',410,5,2,865,'2019-03-09',0.00,2,12,'2019-03-09',17,0.00,0.00,0,0.00,'2019-03-09',0,0,0.00,0.00,0.00,0,0,0.00,2000,0.00,0.00,0.00,0,NULL,NULL,'17','2019-03-09 00:13:25',5),('FB/CRM/SUGBW/SV/08/1579',410,5,2,864,'2019-03-09',0.00,2,8,'2019-03-09',17,0.00,0.00,0,0.00,'2019-03-09',0,0,0.00,0.00,0.00,0,0,0.00,2000,0.00,0.00,0.00,0,NULL,NULL,'17','2019-03-09 00:12:09',5),('FB/CRM/SUGBWHN/ST/06/1591',422,5,2,879,'2019-03-09',0.00,2,6,'2019-03-09',17,0.00,0.00,0,0.00,'2019-03-09',0,0,0.00,0.00,0.00,0,0,0.00,2000,0.00,0.00,0.00,0,NULL,NULL,'17','2019-03-09 00:45:59',5),('FB/CRM/SUPCUP/ST/30/1580',411,5,2,867,'2019-03-09',0.00,2,30,'2019-03-09',17,0.00,0.00,0,0.00,'2019-03-09',0,0,0.00,0.00,0.00,0,0,0.00,2000,0.00,0.00,0.00,0,NULL,NULL,'17','2019-03-09 00:16:48',5),('FB/CRM/SUPCUP/SV/127/1580',411,5,2,866,'2019-03-09',0.00,2,127,'2019-03-09',17,0.00,0.00,0,0.00,'2019-03-09',0,0,0.00,0.00,0.00,0,0,0.00,2000,0.00,0.00,0.00,0,NULL,NULL,'17','2019-03-09 00:15:32',5),('FB/CRM/SUPSC/ST/08/1582',413,5,2,870,'2019-03-09',0.00,2,8,'2019-03-09',17,0.00,0.00,0,0.00,'2019-03-09',0,0,0.00,0.00,0.00,0,0,0.00,2000,0.00,0.00,0.00,0,NULL,NULL,'17','2019-03-09 00:23:26',5),('FB/CRM/SUPSC/SV/121/1582',413,5,2,869,'2019-03-09',0.00,2,121,'2019-03-09',17,0.00,0.00,0,0.00,'2019-03-09',0,0,0.00,0.00,0.00,0,0,0.00,2000,0.00,0.00,0.00,0,NULL,NULL,'17','2019-03-09 00:20:50',5),('FB/CRM/TCUP/ST/08/1554',385,5,2,835,'2019-03-09',0.00,2,8,'2019-03-09',17,0.00,0.00,0,0.00,'2019-03-09',0,0,0.00,0.00,0.00,0,0,0.00,2000,0.00,0.00,0.00,0,NULL,NULL,'17','2019-03-08 21:25:54',5),('FB/CRM/TCUP/SV/334/1554',385,5,2,834,'2019-03-09',0.00,2,334,'2019-03-09',17,0.00,0.00,0,0.00,'2019-03-09',0,0,0.00,0.00,0.00,0,0,0.00,2000,0.00,0.00,0.00,0,NULL,NULL,'17','2019-03-08 21:24:23',5),('FB/CRM/TCUPO/ST/10/1555',386,5,2,836,'2019-03-09',0.00,2,10,'2019-03-09',17,0.00,0.00,0,0.00,'2019-03-09',0,0,0.00,0.00,0.00,0,0,0.00,2000,0.00,0.00,0.00,0,NULL,NULL,'17','2019-03-08 21:27:25',5),('FB/CRM/TPICHO/SV/08/1578',409,5,2,863,'2019-03-09',0.00,2,8,'2019-03-09',17,0.00,0.00,0,0.00,'2019-03-09',0,0,0.00,0.00,0.00,0,0,0.00,2000,0.00,0.00,0.00,0,NULL,NULL,'17','2019-03-09 00:10:16',5),('FB/CRM/TPLID/ST/14/1557',388,5,2,840,'2019-03-09',0.00,2,14,'2019-03-09',17,0.00,0.00,0,0.00,'2019-03-09',0,0,0.00,0.00,0.00,0,0,0.00,2000,0.00,0.00,0.00,0,NULL,NULL,'17','2019-03-08 21:34:40',5),('FB/CRM/TPLID/SV/08/1557',388,5,2,839,'2019-03-09',0.00,2,8,'2019-03-09',17,0.00,0.00,0,0.00,'2019-03-09',0,0,0.00,0.00,0.00,0,0,0.00,2000,0.00,0.00,0.00,0,NULL,NULL,'17','2019-03-08 21:33:05',5),('FB/CRM/TPWOLID/SV/04/1558',389,5,2,841,'2019-03-09',0.00,2,4,'2019-03-09',17,0.00,0.00,0,0.00,'2019-03-09',0,0,0.00,0.00,0.00,0,0,0.00,2000,0.00,0.00,0.00,0,NULL,NULL,'17','2019-03-08 21:36:52',5),('FB/CRM/TSCR/ST/269/1556',387,5,2,838,'2019-03-09',0.00,2,269,'2019-03-09',17,0.00,0.00,0,0.00,'2019-03-09',0,0,0.00,0.00,0.00,0,0,0.00,2000,0.00,0.00,0.00,0,NULL,NULL,'17','2019-03-08 21:31:09',5),('FB/CRM/TSCR/SV/227/1556',387,5,2,837,'2019-03-09',0.00,2,227,'2019-03-09',17,0.00,0.00,0,0.00,'2019-03-09',0,0,0.00,0.00,0.00,0,0,0.00,2000,0.00,0.00,0.00,0,NULL,NULL,'17','2019-03-08 21:29:33',5),('FB/CUT/BUTKNIF/SV/60/1612',441,5,2,897,'2019-03-09',0.00,2,60,'2019-03-09',17,0.00,0.00,0,0.00,'2019-03-09',0,0,0.00,0.00,0.00,0,0,0.00,2000,0.00,0.00,0.00,0,NULL,NULL,'17','2019-03-09 02:13:39',5),('FB/CUT/CRHAND/ST/23/1615',445,5,2,901,'2019-03-09',0.00,2,23,'2019-03-09',17,0.00,0.00,0,0.00,'2019-03-09',0,0,0.00,0.00,0.00,0,0,0.00,2000,0.00,0.00,0.00,0,NULL,NULL,'17','2019-03-09 02:20:45',5),('FB/CUT/DFORK/SV/155/1603',429,5,2,886,'2019-03-09',0.00,2,155,'2019-03-09',17,0.00,0.00,0,0.00,'2019-03-09',0,0,0.00,0.00,0.00,0,0,0.00,2000,0.00,0.00,0.00,0,NULL,NULL,'17','2019-03-09 01:44:38',5),('FB/CUT/DKIF/SV/84/1605',431,5,2,888,'2019-03-09',0.00,2,84,'2019-03-09',17,0.00,0.00,0,0.00,'2019-03-09',0,0,0.00,0.00,0.00,0,0,0.00,2000,0.00,0.00,0.00,0,NULL,NULL,'17','2019-03-09 01:47:41',5),('FB/CUT/DKNIFOL/ST/288/1606',432,5,2,889,'2019-03-09',0.00,2,288,'2019-03-09',17,0.00,0.00,0,0.00,'2019-03-09',0,0,0.00,0.00,0.00,0,0,0.00,2000,0.00,0.00,0.00,0,NULL,NULL,'17','2019-03-09 01:51:41',5),('FB/CUT/DSPOO/SV/48/1604',430,5,2,887,'2019-03-09',0.00,2,48,'2019-03-09',17,0.00,0.00,0,0.00,'2019-03-09',0,0,0.00,0.00,0.00,0,0,0.00,2000,0.00,0.00,0.00,0,NULL,NULL,'17','2019-03-09 01:46:11',5),('FB/CUT/FISFOR/SV/26/1607',433,5,2,890,'2019-03-09',0.00,2,26,'2019-03-09',17,0.00,0.00,0,0.00,'2019-03-09',0,0,0.00,0.00,0.00,0,0,0.00,2000,0.00,0.00,0.00,0,NULL,NULL,'17','2019-03-09 01:54:32',5),('FB/CUT/FISKNIF/SV/28/1608',434,5,2,891,'2019-03-09',0.00,2,28,'2019-03-09',17,0.00,0.00,0,0.00,'2019-03-09',0,0,0.00,0.00,0.00,0,0,0.00,2000,0.00,0.00,0.00,0,NULL,NULL,'17','2019-03-09 01:56:15',5),('FB/CUT/MXFORK/ST/96/1617',449,5,2,903,'2019-03-09',0.00,2,96,'2019-03-09',17,0.00,0.00,0,0.00,'2019-03-09',0,0,0.00,0.00,0.00,0,0,0.00,2000,0.00,0.00,0.00,0,NULL,NULL,'17','2019-03-09 02:30:12',5),('FB/CUT/MXKNIF/ST/44/1616',448,5,2,902,'2019-03-09',0.00,2,44,'2019-03-09',17,0.00,0.00,0,0.00,'2019-03-09',0,0,0.00,0.00,0.00,0,0,0.00,2000,0.00,0.00,0.00,0,NULL,NULL,'17','2019-03-09 02:27:44',5),('FB/CUT/MXSPOO/ST/79/1618',450,5,2,904,'2019-03-09',0.00,2,79,'2019-03-09',17,0.00,0.00,0,0.00,'2019-03-09',0,0,0.00,0.00,0.00,0,0,0.00,2000,0.00,0.00,0.00,0,NULL,NULL,'17','2019-03-09 02:31:43',5),('FB/CUT/MXTSPO/ST/102/1619',451,5,2,905,'2019-03-09',0.00,2,102,'2019-03-09',17,0.00,0.00,0,0.00,'2019-03-09',0,0,0.00,0.00,0.00,0,0,0.00,2000,0.00,0.00,0.00,0,NULL,NULL,'17','2019-03-09 02:33:25',5),('FB/CUT/SUSPOO/SV/129/1611',437,5,2,895,'2019-03-09',0.00,2,129,'2019-03-09',17,0.00,0.00,0,0.00,'2019-03-09',0,0,0.00,0.00,0.00,0,0,0.00,2000,0.00,0.00,0.00,0,NULL,NULL,'17','2019-03-09 02:03:15',5),('FB/CUT/SVFORK/ST/01/1609',435,5,2,893,'2019-03-09',0.00,2,1,'2019-03-09',17,0.00,0.00,0,0.00,'2019-03-09',0,0,0.00,0.00,0.00,0,0,0.00,2000,0.00,0.00,0.00,0,NULL,NULL,'17','2019-03-09 02:00:03',5),('FB/CUT/SVFORK/SV/12/1609',435,5,2,892,'2019-03-09',0.00,2,12,'2019-03-09',17,0.00,0.00,0,0.00,'2019-03-09',0,0,0.00,0.00,0.00,0,0,0.00,2000,0.00,0.00,0.00,0,NULL,NULL,'17','2019-03-09 01:57:46',5),('FB/CUT/SVSPOO/SV/11/1610',436,5,2,894,'2019-03-09',0.00,2,11,'2019-03-09',17,0.00,0.00,0,0.00,'2019-03-09',0,0,0.00,0.00,0.00,0,0,0.00,2000,0.00,0.00,0.00,0,NULL,NULL,'17','2019-03-09 02:01:40',5),('FB/CUT/TFORK/SV/424/1602',428,5,2,885,'2019-03-09',0.00,2,424,'2019-03-09',17,0.00,0.00,0,0.00,'2019-03-09',0,0,0.00,0.00,0.00,0,0,0.00,2000,0.00,0.00,0.00,0,NULL,NULL,'17','2019-03-09 01:43:20',5),('FB/CUT/TKNIF/SV/237/1600',426,5,2,883,'2019-03-09',0.00,2,237,'2019-03-09',17,0.00,0.00,0,0.00,'2019-03-09',0,0,0.00,0.00,0.00,0,0,0.00,2000,0.00,0.00,0.00,0,NULL,NULL,'17','2019-03-09 01:40:11',5),('FB/CUT/TONG/SV/06/1614',444,5,2,900,'2019-03-09',0.00,2,6,'2019-03-09',17,0.00,0.00,0,0.00,'2019-03-09',0,0,0.00,0.00,0.00,0,0,0.00,2000,0.00,0.00,0.00,0,NULL,NULL,'17','2019-03-09 02:18:34',5),('FB/CUT/TSPOO/ST/29/1613',442,5,2,899,'2019-03-09',0.00,2,29,'2019-03-09',17,0.00,0.00,0,0.00,'2019-03-09',0,0,0.00,0.00,0.00,0,0,0.00,2000,0.00,0.00,0.00,0,NULL,NULL,'17','2019-03-09 02:16:20',5),('FB/CUT/TSPOO/SV/279/1601',427,5,2,884,'2019-03-09',0.00,2,279,'2019-03-09',17,0.00,0.00,0,0.00,'2019-03-09',0,0,0.00,0.00,0.00,0,0,0.00,2000,0.00,0.00,0.00,0,NULL,NULL,'17','2019-03-09 01:41:59',5),('FB/CUT/TSPOO/SV/304/1613',442,5,2,898,'2019-03-09',0.00,2,304,'2019-03-09',17,0.00,0.00,0,0.00,'2019-03-09',0,0,0.00,0.00,0.00,0,0,0.00,2000,0.00,0.00,0.00,0,NULL,NULL,'17','2019-03-09 02:15:12',5),('FB/ELE/FAN/F/0264',29,5,2,257,'2018-08-23',0.00,2,1,'2018-08-23',3,8000.00,20.00,5,0.00,'2018-08-23',0,0,0.00,0.00,0.00,0,0,0.00,2000,0.00,0.00,0.00,0,NULL,NULL,'17','2019-01-21 04:50:35',5),('FB/ELE/FRIDG/F/0251',16,5,2,244,'2018-08-23',0.00,2,1,'2018-08-23',3,50000.00,20.00,5,0.00,'2018-08-23',0,0,0.00,0.00,0.00,0,0,0.00,2000,0.00,0.00,0.00,0,NULL,NULL,'17','2019-01-21 04:42:11',5),('FB/ELE/FRIDG/F/0252',20,5,2,248,'2018-08-23',0.00,2,1,'2018-08-23',3,50000.00,20.00,5,0.00,'2018-08-23',0,0,0.00,0.00,0.00,0,0,0.00,2000,0.00,0.00,0.00,0,NULL,NULL,'17','2019-01-21 04:47:13',5),('FB/ELE/FRIDG/F/0253',21,5,2,249,'2018-08-23',0.00,2,1,'2018-08-23',3,50000.00,20.00,5,0.00,'2018-08-23',0,0,0.00,0.00,0.00,0,0,0.00,2000,0.00,0.00,0.00,0,NULL,NULL,'17','2019-01-21 04:47:30',5),('FB/ELE/KETT/K/0290',57,5,2,264,'2018-08-23',0.00,2,1,'2018-08-23',14,6000.00,20.00,5,0.00,'2018-08-23',0,10003,0.00,0.00,0.00,0,0,0.00,2000,0.00,0.00,0.00,0,NULL,NULL,'17','2019-01-21 05:05:37',5),('FB/ELE/MACH/B/0256',19,5,2,247,'2018-08-23',0.00,2,1,'2018-08-23',11,25000.00,20.00,5,0.00,'2018-08-23',0,0,0.00,0.00,0.00,0,0,0.00,2000,0.00,0.00,0.00,0,NULL,NULL,'17','2019-01-21 04:46:59',5),('FB/ELE/MACH/B/0258',23,5,2,251,'2018-08-23',0.00,2,1,'2018-08-23',3,6000.00,33.00,3,0.00,'2018-08-23',0,0,0.00,0.00,0.00,0,0,0.00,2000,0.00,0.00,0.00,0,NULL,NULL,'17','2019-01-21 04:48:11',5),('FB/ELE/MACH/D/0254',17,5,2,245,'2018-08-23',0.00,2,1,'2018-08-23',3,45000.00,33.00,3,0.00,'2018-08-23',0,0,0.00,0.00,0.00,0,0,0.00,2000,0.00,0.00,0.00,0,NULL,NULL,'17','2019-01-21 04:42:33',5),('FB/ELE/MACH/D/0255',18,5,2,246,'2018-08-23',0.00,2,1,'2018-08-23',11,50000.00,20.00,5,0.00,'2018-08-23',0,0,0.00,0.00,0.00,0,0,0.00,2000,0.00,0.00,0.00,0,NULL,NULL,'17','2019-01-21 04:46:39',5),('FB/ELE/MACH/I/0250',15,5,2,243,'2018-08-23',0.00,2,1,'2018-08-23',10,100000.00,2.00,5,0.00,'2018-08-23',0,0,0.00,0.00,0.00,0,0,0.00,2000,0.00,0.00,0.00,0,NULL,NULL,'17','2019-01-21 04:41:54',5),('FB/ELE/TOAS/T/0257',22,5,2,250,'2018-08-23',0.00,2,1,'2018-08-23',3,2500.00,33.00,3,0.00,'2018-08-23',0,0,0.00,0.00,0.00,0,0,0.00,2000,0.00,0.00,0.00,0,NULL,NULL,'17','2019-01-21 04:47:54',5),('FB/FUN/TAB/DT/0291',318,5,2,315,'2018-11-08',0.00,2,1,'2018-10-27',5,48000.00,15.00,15,48000.00,'2018-09-21',0,0,48000.00,0.00,0.00,0,0,0.00,2000,0.00,0.00,0.00,0,NULL,NULL,'17','2019-01-21 05:06:21',5),('FB/FUN/TAB/T/0268',316,5,2,304,'2018-11-08',0.00,2,1,'2018-10-27',5,34000.00,15.00,15,3400.00,'2018-09-21',0,0,34000.00,0.00,0.00,0,0,0.00,2000,0.00,0.00,0.00,0,NULL,NULL,'17','2019-01-21 04:54:22',5),('FB/FUN/TAB/T/0269',316,5,2,305,'2018-11-08',0.00,2,1,'2018-10-27',5,34000.00,15.00,15,34000.00,'2018-09-21',0,0,34000.00,0.00,0.00,0,0,0.00,2000,0.00,0.00,0.00,0,NULL,NULL,'17','2019-01-21 04:54:42',5),('FB/FUN/TAB/T/0270',316,5,2,306,'2018-11-08',0.00,2,1,'2018-10-27',5,34000.00,15.00,15,34000.00,'2018-09-21',0,0,34000.00,0.00,0.00,0,0,0.00,2000,0.00,0.00,0.00,0,NULL,NULL,'17','2019-01-21 04:55:58',5),('FB/FUN/TAB/T/0271',316,5,2,308,'2018-11-08',0.00,2,1,'2018-10-27',5,34000.00,15.00,15,34000.00,'2018-09-21',0,0,34000.00,0.00,0.00,0,0,0.00,2000,0.00,0.00,0.00,0,NULL,NULL,'17','2019-01-21 04:56:18',5),('FB/FUN/TAB/T/0272',316,5,2,309,'2018-11-08',0.00,2,1,'2018-10-27',5,34000.00,15.00,15,34000.00,'2018-09-21',0,0,34000.00,0.00,0.00,0,0,0.00,2000,0.00,0.00,0.00,0,NULL,NULL,'17','2019-01-21 04:56:40',5),('FB/FUN/TAB/T/0273',316,5,2,310,'2018-11-08',0.00,2,1,'2018-10-27',5,34000.00,15.00,15,34000.00,'2018-09-21',0,0,34000.00,0.00,0.00,0,0,0.00,2000,0.00,0.00,0.00,0,NULL,NULL,'17','2019-01-21 04:57:01',5),('FB/FUN/TAB/T/0274',317,5,2,311,'2018-11-08',0.00,2,1,'2018-10-27',5,21500.00,15.00,15,21500.00,'2018-09-21',0,0,21500.00,0.00,0.00,0,0,0.00,2000,0.00,0.00,0.00,0,NULL,NULL,'17','2019-01-21 04:57:27',5),('FB/FUN/TAB/T/0275',317,5,2,312,'2018-11-08',0.00,2,1,'2018-10-27',5,21500.00,15.00,15,21500.00,'2018-09-21',0,0,21500.00,0.00,0.00,0,0,0.00,2000,0.00,0.00,0.00,0,NULL,NULL,'17','2019-01-21 04:57:51',5),('FB/FUN/TAB/T/0276',317,5,2,313,'2018-11-08',0.00,2,1,'2018-10-27',5,21500.00,15.00,15,21500.00,'2018-09-21',0,0,21500.00,0.00,0.00,0,0,0.00,2000,0.00,0.00,0.00,0,NULL,NULL,'17','2019-01-21 04:58:25',5),('FB/FUN/TAB/T/0277',317,5,2,314,'2018-11-08',0.00,2,1,'2018-10-27',5,21500.00,15.00,15,21500.00,'2018-09-21',0,0,21500.00,0.00,0.00,0,0,0.00,2000,0.00,0.00,0.00,0,NULL,NULL,'17','2019-01-21 04:58:41',5),('FB/FUN/TAB/T/7113',316,4,2,307,'2018-11-08',0.00,2,1,'2018-10-27',5,34000.00,15.00,15,34000.00,'2018-09-21',0,0,34000.00,0.00,0.00,0,0,0.00,2000,0.00,0.00,0.00,0,NULL,NULL,'17','2018-11-07 23:15:58',4),('FB/FUNI/CHAIR/C/0260',25,5,2,253,'2018-08-23',0.00,2,1,'2018-08-23',7,800.00,20.00,5,0.00,'2018-08-23',0,0,0.00,0.00,0.00,0,0,0.00,2000,0.00,0.00,0.00,0,NULL,NULL,'17','2019-01-21 04:48:45',5),('FB/FUNI/CHAIR/C/0266',31,5,2,259,'2018-08-23',0.00,2,1,'2018-08-23',3,900.00,20.00,5,0.00,'2018-08-23',0,0,0.00,0.00,0.00,0,0,0.00,2000,0.00,0.00,0.00,0,NULL,NULL,'17','2019-01-21 04:51:26',5),('FB/FUNI/RACK/B/0263',28,5,2,256,'2018-08-23',0.00,2,1,'2018-08-23',11,5000.00,20.00,5,0.00,'2018-08-23',0,0,0.00,0.00,0.00,0,0,0.00,2000,0.00,0.00,0.00,0,NULL,NULL,'17','2019-01-21 04:50:19',5),('FB/FUNI/RACK/S/0261',26,5,2,254,'2018-08-23',0.00,2,1,'2018-08-23',3,3500.00,20.00,5,0.00,'2018-08-23',0,0,0.00,0.00,0.00,0,0,0.00,2000,0.00,0.00,0.00,0,NULL,NULL,'17','2019-01-21 04:49:10',5),('FB/FUNI/TAB/T/0259',24,5,2,252,'2018-08-23',0.00,2,1,'2018-08-23',7,2000.00,20.00,5,0.00,'2018-08-23',0,0,0.00,0.00,0.00,0,0,0.00,2000,0.00,0.00,0.00,0,NULL,NULL,'17','2019-01-21 04:48:28',5),('FB/FUNI/TAB/T/0265',30,5,2,258,'2018-08-23',0.00,2,1,'2018-08-23',3,10000.00,20.00,5,0.00,'2018-08-23',0,0,0.00,0.00,0.00,0,0,0.00,2000,0.00,0.00,0.00,0,NULL,NULL,'17','2019-01-21 04:50:53',5),('FB/FUNI/TAB/T/0267',32,5,2,260,'2018-08-23',0.00,2,1,'2018-08-23',3,10000.00,20.00,5,0.00,'2018-08-23',0,0,0.00,0.00,0.00,0,0,0.00,2000,0.00,0.00,0.00,0,NULL,NULL,'17','2019-01-21 04:53:38',5),('FB/FUNI/TRO/T/0262',27,5,2,255,'2018-08-23',0.00,2,1,'2018-08-23',3,2500.00,33.00,3,0.00,'2018-08-23',0,0,0.00,0.00,0.00,0,0,0.00,2000,0.00,0.00,0.00,0,NULL,NULL,'17','2019-01-21 04:49:44',5),('FB/GL/ALJUC/ST/12/1511',362,5,2,801,'2019-03-06',0.00,2,12,'2019-03-06',17,0.00,0.00,0,0.00,'2019-03-06',0,0,0.00,0.00,0.00,0,0,0.00,2000,0.00,0.00,0.00,0,NULL,NULL,'17','2019-03-05 23:20:56',5),('FB/GL/ALJUC/SV/27/1511',362,5,2,800,'2019-03-06',0.00,2,27,'2019-03-06',17,0.00,0.00,0,0.00,'2019-03-06',0,0,0.00,0.00,0.00,0,0,0.00,2000,0.00,0.00,0.00,0,NULL,NULL,'17','2019-03-05 23:19:33',5),('FB/GL/BEMUG/ST/13/1509',360,5,2,798,'2019-03-06',0.00,2,13,'2019-03-06',17,0.00,0.00,0,0.00,'2019-03-06',0,0,0.00,0.00,0.00,0,0,0.00,2000,0.00,0.00,0.00,0,NULL,NULL,'17','2019-03-05 23:15:17',5),('FB/GL/BEMUG/SV/52/1509',360,5,2,797,'2019-03-06',0.00,2,52,'2019-03-06',17,0.00,0.00,0,0.00,'2019-03-06',0,0,0.00,0.00,0.00,0,0,0.00,2000,0.00,0.00,0.00,0,NULL,NULL,'17','2019-03-05 23:13:13',5),('FB/GL/BEPILP/ST/01/1527',379,5,2,825,'2019-03-08',0.00,2,1,'2019-03-08',17,0.00,0.00,0,0.00,'2019-03-08',0,0,0.00,0.00,0.00,0,0,0.00,2000,0.00,0.00,0.00,0,NULL,NULL,'17','2019-03-07 21:26:54',5),('FB/GL/BEPILP/SV/03/1527',379,5,2,824,'2019-03-08',0.00,2,3,'2019-03-08',17,0.00,0.00,0,0.00,'2019-03-08',0,0,0.00,0.00,0.00,0,0,0.00,2000,0.00,0.00,0.00,0,NULL,NULL,'17','2019-03-07 21:25:40',5),('FB/GL/BEPL/SV/18/1507',358,5,2,795,'2019-03-02',0.00,2,18,'2019-03-01',17,0.00,0.00,0,0.00,'2019-03-01',0,0,0.00,0.00,0.00,0,0,0.00,2000,0.00,0.00,0.00,0,NULL,NULL,'17','2019-03-02 04:38:40',5),('FB/GL/BEPLC/ST/12/1508',359,5,2,796,'2019-03-06',0.00,2,12,'2019-03-06',17,0.00,0.00,0,0.00,'2019-03-06',0,0,0.00,0.00,0.00,0,0,0.00,2000,0.00,0.00,0.00,0,NULL,NULL,'17','2019-03-05 23:10:40',5),('FB/GL/BJUCGL/ST/16/1521',373,5,2,816,'2019-03-07',0.00,2,16,'2019-03-07',17,0.00,0.00,0,0.00,'2019-03-07',0,0,0.00,0.00,0.00,0,0,0.00,2000,0.00,0.00,0.00,0,NULL,NULL,'17','2019-03-07 01:13:30',5),('FB/GL/BJUCGL/SV/182/1521',373,5,2,815,'2019-03-07',0.00,2,182,'2019-03-07',17,0.00,0.00,0,0.00,'2019-03-07',0,0,0.00,0.00,0.00,0,0,0.00,2000,0.00,0.00,0.00,0,NULL,NULL,'17','2019-03-07 01:11:58',5),('FB/GL/BRAB/SV/11/1510',361,5,2,799,'2019-03-06',0.00,2,11,'2019-03-06',17,0.00,0.00,0,0.00,'2019-03-06',0,0,0.00,0.00,0.00,0,0,0.00,2000,0.00,0.00,0.00,0,NULL,NULL,'17','2019-03-05 23:17:34',5),('FB/GL/CHAPFL/ST/02/1518',369,5,2,810,'2019-03-07',0.00,2,2,'2019-03-07',17,0.00,0.00,0,0.00,'2019-03-07',0,0,0.00,0.00,0.00,0,0,0.00,2000,0.00,0.00,0.00,0,NULL,NULL,'17','2019-03-06 23:33:48',5),('FB/GL/CHAPSC/ST/53/1519',371,5,2,812,'2019-03-07',0.00,2,53,'2019-03-07',17,0.00,0.00,0,0.00,'2019-03-07',0,0,0.00,0.00,0.00,0,0,0.00,2000,0.00,0.00,0.00,0,NULL,NULL,'17','2019-03-06 23:36:32',5),('FB/GL/CHAPSC/SV/26/1519',371,5,2,811,'2019-03-07',0.00,2,26,'2019-03-07',17,0.00,0.00,0,0.00,'2019-03-07',0,0,0.00,0.00,0.00,0,0,0.00,2000,0.00,0.00,0.00,0,NULL,NULL,'17','2019-03-06 23:35:07',5),('FB/GL/CHEGL/ST/01/1523',375,5,2,820,'2019-03-07',0.00,2,1,'2019-03-07',17,0.00,0.00,0,0.00,'2019-03-07',0,0,0.00,0.00,0.00,0,0,0.00,2000,0.00,0.00,0.00,0,NULL,NULL,'17','2019-03-07 02:25:18',5),('FB/GL/CHEGL/SV/02/1523',375,5,2,819,'2019-03-07',0.00,2,2,'2019-03-07',17,0.00,0.00,0,0.00,'2019-03-07',0,0,0.00,0.00,0.00,0,0,0.00,2000,0.00,0.00,0.00,0,NULL,NULL,'17','2019-03-07 02:23:35',5),('FB/GL/CHPFL/SV/199/1518',369,5,2,809,'2019-03-07',0.00,2,199,'2019-03-07',17,0.00,0.00,0,0.00,'2019-03-07',0,0,0.00,0.00,0.00,0,0,0.00,2000,0.00,0.00,0.00,0,NULL,NULL,'17','2019-03-06 23:30:02',5),('FB/GL/COFJUG/SV/02/1529',438,5,2,896,'2019-03-09',0.00,2,2,'2019-03-09',17,3475.00,0.00,0,0.00,'2019-03-09',0,0,0.00,0.00,0.00,0,0,0.00,2000,0.00,0.00,0.00,0,NULL,NULL,'17','2019-03-09 02:10:43',5),('FB/GL/DESGL/ST/44/1520',372,5,2,814,'2019-03-07',0.00,2,44,'2019-03-07',17,0.00,0.00,0,0.00,'2019-03-07',0,0,0.00,0.00,0.00,0,0,0.00,2000,0.00,0.00,0.00,0,NULL,NULL,'17','2019-03-07 01:03:14',5),('FB/GL/DESGL/SV/04/1520',372,5,2,813,'2019-03-07',0.00,2,4,'2019-03-07',17,0.00,0.00,0,0.00,'2019-03-07',0,0,0.00,0.00,0.00,0,0,0.00,2000,0.00,0.00,0.00,0,NULL,NULL,'17','2019-03-07 01:01:23',5),('FB/GL/HIBO/SV/411/1515',366,5,2,806,'2019-03-06',0.00,2,411,'2019-03-06',17,0.00,0.00,0,0.00,'2019-03-06',0,0,0.00,0.00,0.00,0,0,0.00,2000,0.00,0.00,0.00,0,NULL,NULL,'17','2019-03-05 23:38:50',5),('FB/GL/JUC/ST/05/1513',364,5,2,804,'2019-03-06',0.00,2,5,'2019-03-06',17,0.00,0.00,0,0.00,'2019-03-06',0,0,0.00,0.00,0.00,0,0,0.00,2000,0.00,0.00,0.00,0,NULL,NULL,'17','2019-03-05 23:29:09',5),('FB/GL/JUC/SV/26/1513',364,5,2,803,'2019-03-06',0.00,2,26,'2019-03-06',17,0.00,0.00,0,0.00,'2019-03-06',0,0,0.00,0.00,0.00,0,0,0.00,2000,0.00,0.00,0.00,0,NULL,NULL,'17','2019-03-05 23:27:48',5),('FB/GL/LPILS/SV/22/1524',376,5,2,821,'2019-03-07',0.00,2,22,'2019-03-07',17,0.00,0.00,0,0.00,'2019-03-07',0,0,0.00,0.00,0.00,0,0,0.00,2000,0.00,0.00,0.00,0,NULL,NULL,'17','2019-03-07 02:38:40',5),('FB/GL/MAGA/SV/11/1504',355,5,2,791,'2019-03-02',0.00,2,11,'2019-03-01',17,0.00,0.00,0,0.00,'2019-03-01',0,0,0.00,0.00,0.00,0,0,0.00,2000,0.00,0.00,0.00,0,NULL,NULL,'17','2019-03-02 04:29:09',5),('FB/GL/MARTG/SV/05/1512',363,5,2,802,'2019-03-06',0.00,2,5,'2019-03-06',17,0.00,0.00,0,0.00,'2019-03-06',0,0,0.00,0.00,0.00,0,0,0.00,2000,0.00,0.00,0.00,0,NULL,NULL,'17','2019-03-05 23:25:49',5),('FB/GL/NRWIN/SV/6/1500',351,5,2,785,'2019-03-02',0.00,2,6,'2019-03-01',17,0.00,0.00,0,0.00,'2019-03-01',0,0,0.00,0.00,0.00,0,0,0.00,2000,0.00,0.00,0.00,0,NULL,NULL,'17','2019-03-02 03:29:43',5),('FB/GL/OLHIBO/ST/201/1516',367,5,2,807,'2019-03-06',0.00,2,201,'2019-03-06',17,0.00,0.00,0,0.00,'2019-03-06',0,0,0.00,0.00,0.00,0,0,0.00,2000,0.00,0.00,0.00,0,NULL,NULL,'17','2019-03-05 23:48:03',5),('FB/GL/ORWIN/ST/35/1501',352,5,2,787,'2019-03-02',0.00,2,35,'2019-03-01',17,0.00,0.00,0,0.00,'2019-03-01',0,0,0.00,0.00,0.00,0,0,0.00,2000,0.00,0.00,0.00,0,NULL,NULL,'17','2019-03-02 04:16:12',5),('FB/GL/ORWIN/SV/10/1501',352,5,2,786,'2019-03-02',0.00,2,10,'2019-03-01',17,0.00,0.00,0,0.00,'2019-03-01',0,0,0.00,0.00,0.00,0,0,0.00,2000,0.00,0.00,0.00,0,NULL,NULL,'17','2019-03-02 04:14:46',5),('FB/GL/OWWIN/ST/14/1503',354,5,2,790,'2019-03-02',0.00,2,14,'2019-03-01',17,0.00,0.00,0,0.00,'2019-03-01',0,0,0.00,0.00,0.00,0,0,0.00,2000,0.00,0.00,0.00,0,NULL,NULL,'17','2019-03-02 04:27:18',5),('FB/GL/OWWIN/SV/20/1503',354,5,2,789,'2019-03-02',0.00,2,20,'2019-03-01',17,0.00,0.00,0,0.00,'2019-03-01',0,0,0.00,0.00,0.00,0,0,0.00,2000,0.00,0.00,0.00,0,NULL,NULL,'17','2019-03-02 04:26:02',5),('FB/GL/PINCOP/SV/06/1528',380,5,2,826,'2019-03-08',0.00,2,6,'2019-03-08',17,0.00,0.00,0,0.00,'2019-03-08',0,0,0.00,0.00,0.00,0,0,0.00,2000,0.00,0.00,0.00,0,NULL,NULL,'17','2019-03-07 21:29:36',5),('FB/GL/PINGL/ST/07/1522',374,5,2,818,'2019-03-07',0.00,2,7,'2019-03-07',17,0.00,0.00,0,0.00,'2019-03-07',0,0,0.00,0.00,0.00,0,0,0.00,2000,0.00,0.00,0.00,0,NULL,NULL,'17','2019-03-07 01:17:27',5),('FB/GL/PINGL/SV/02/1522',374,5,2,817,'2019-03-07',0.00,2,2,'2019-03-07',17,0.00,0.00,0,0.00,'2019-03-07',0,0,0.00,0.00,0.00,0,0,0.00,2000,0.00,0.00,0.00,0,NULL,NULL,'17','2019-03-07 01:15:43',5),('FB/GL/SHOTGL/144/1530',452,5,2,906,'2019-03-23',0.00,2,144,'2019-01-16',30,60.00,0.00,0,8640.00,'2019-03-01',0,0,0.00,0.00,0.00,0,0,0.00,2000,0.00,0.00,0.00,0,NULL,NULL,'17','2019-03-23 04:53:04',5),('FB/GL/SHOTGL/48/1531',453,5,2,907,'2019-03-23',0.00,2,48,'2019-01-16',30,75.00,0.00,0,3600.00,'2019-03-01',0,0,0.00,0.00,0.00,0,0,0.00,2000,0.00,0.00,0.00,0,NULL,NULL,'17','2019-03-23 04:54:46',5),('FB/GL/SPILS/SV/09/1525',377,5,2,822,'2019-03-08',0.00,2,9,'2019-03-08',17,0.00,0.00,0,0.00,'2019-03-08',0,0,0.00,0.00,0.00,0,0,0.00,2000,0.00,0.00,0.00,0,NULL,NULL,'17','2019-03-07 21:21:03',5),('FB/GL/TEQ/SV58/1505',356,5,2,792,'2019-03-02',0.00,2,58,'2019-03-01',17,0.00,0.00,0,0.00,'2019-03-01',0,0,0.00,0.00,0.00,0,0,0.00,2000,0.00,0.00,0.00,0,NULL,NULL,'17','2019-03-02 04:30:47',5),('FB/GL/WELG/SV/175/1514',365,5,2,805,'2019-03-06',0.00,2,175,'2019-03-06',17,0.00,0.00,0,0.00,'2019-03-06',0,0,0.00,0.00,0.00,0,0,0.00,2000,0.00,0.00,0.00,0,NULL,NULL,'17','2019-03-05 23:30:57',5),('FB/GL/WGOB/SV/47/1517',368,5,2,808,'2019-03-06',0.00,2,47,'2019-03-06',17,0.00,0.00,0,0.00,'2019-03-06',0,0,0.00,0.00,0.00,0,0,0.00,2000,0.00,0.00,0.00,0,NULL,NULL,'17','2019-03-06 00:02:37',5),('FB/GL/WHIS/ST/6/1506',357,5,2,794,'2019-03-02',0.00,2,6,'2019-03-01',17,0.00,0.00,0,0.00,'2019-03-01',0,0,0.00,0.00,0.00,0,0,0.00,2000,0.00,0.00,0.00,0,NULL,NULL,'17','2019-03-02 04:34:46',5),('FB/GL/WHIS/SV/181/1506',357,5,2,793,'2019-03-02',0.00,2,181,'2019-03-01',17,0.00,0.00,0,0.00,'2019-03-01',0,0,0.00,0.00,0.00,0,0,0.00,2000,0.00,0.00,0.00,0,NULL,NULL,'17','2019-03-02 04:32:51',5),('FB/GL/WISGLP/SV/19/1526',378,5,2,823,'2019-03-08',0.00,2,19,'2019-03-08',17,0.00,0.00,0,0.00,'2019-03-08',0,0,0.00,0.00,0.00,0,0,0.00,2000,0.00,0.00,0.00,0,NULL,NULL,'17','2019-03-07 21:23:04',5),('FB/NWWIN/SV/17/1502',353,5,2,788,'2019-03-02',0.00,2,17,'2019-03-01',17,0.00,0.00,0,0.00,'2019-03-01',0,0,0.00,0.00,0.00,0,0,0.00,2000,0.00,0.00,0.00,0,NULL,NULL,'17','2019-03-02 04:18:23',5),('FB/PRINT/POS/P/0289',56,5,2,263,'2018-08-23',0.00,2,1,'2018-08-23',3,30000.00,20.00,5,0.00,'2018-08-23',0,10003,0.00,0.00,0.00,0,0,0.00,2000,0.00,0.00,0.00,0,NULL,NULL,'17','2019-01-21 05:05:18',5),('FB/RES/COFJG/02/0292',438,5,2,782,'2019-02-23',0.00,2,2,'2019-02-22',22,3475.00,0.00,0,3475.00,'2019-02-22',0,0,0.00,0.00,0.00,0,0,0.00,2000,0.00,0.00,0.00,0,NULL,NULL,'17','2019-02-23 00:52:28',5),('FO/COM/CPU/A/0002',260,19,2,125,'2018-08-10',0.00,2,1,'2018-08-10',9,0.00,0.00,0,0.00,'2018-08-10',0,10001,0.00,0.00,0.00,0,0,0.00,2000,0.00,0.00,0.00,0,NULL,NULL,'17','2019-03-23 05:57:11',19),('FO/COM/CPU/A/0003',261,19,2,126,'2018-08-10',0.00,2,1,'2018-08-10',9,0.00,0.00,0,0.00,'2018-08-10',0,0,0.00,0.00,0.00,0,0,0.00,2000,0.00,0.00,0.00,0,NULL,NULL,'17','2019-01-21 00:15:05',19),('FO/COM/CPU/C/0041',299,19,2,164,'2018-08-18',0.00,2,1,'2018-08-18',9,0.00,0.00,0,0.00,'2018-08-18',0,0,0.00,0.00,0.00,0,0,0.00,2000,0.00,0.00,0.00,0,NULL,NULL,'17','2019-01-21 00:55:27',19),('FO/COM/MO/A/0001',259,19,2,124,'2018-08-10',0.00,2,3,'2018-08-10',9,0.00,0.00,0,0.00,'2018-08-10',0,10000,0.00,0.00,0.00,0,0,0.00,2000,0.00,0.00,0.00,0,NULL,NULL,'17','2019-01-21 00:14:05',19),('FO/ELE/AC/A/0020',278,19,2,143,'2018-08-17',0.00,2,4,'2018-08-17',3,0.00,0.00,0,0.00,'2018-08-17',0,0,0.00,0.00,0.00,0,0,0.00,2000,0.00,0.00,0.00,0,NULL,NULL,'17','2019-01-21 00:36:17',19),('FO/ELE/FRIG/F/0027',285,19,2,150,'2018-08-17',0.00,2,1,'2018-08-17',3,0.00,0.00,0,0.00,'2018-08-17',0,0,0.00,0.00,0.00,0,0,0.00,2000,0.00,0.00,0.00,0,NULL,NULL,'17','2019-01-21 00:40:16',19),('FO/ELE/KEY/A/0006',264,19,2,129,'2018-08-10',0.00,2,1,'2018-08-10',9,0.00,0.00,0,0.00,'2018-08-10',0,0,0.00,0.00,0.00,0,0,0.00,2000,0.00,0.00,0.00,0,NULL,NULL,'17','2019-01-21 00:20:06',19),('FO/ELE/KEYB/0011',269,19,2,134,'2018-08-13',0.00,2,1,'2018-08-13',9,0.00,0.00,0,0.00,'2018-08-13',0,0,0.00,0.00,0.00,0,0,0.00,2000,0.00,0.00,0.00,0,NULL,NULL,'17','2019-01-21 00:27:10',19),('FO/ELE/KEYB/A/0010',268,19,2,133,'2018-08-13',0.00,2,1,'2018-08-13',9,0.00,0.00,0,0.00,'2018-08-13',0,0,0.00,0.00,0.00,0,0,0.00,2000,0.00,0.00,0.00,0,NULL,NULL,'17','2019-01-21 00:25:06',19),('FO/ELE/KEYB/A/0012',270,19,2,135,'2018-08-13',0.00,2,1,'2018-08-13',9,0.00,0.00,0,0.00,'2018-08-13',0,0,0.00,0.00,0.00,0,0,0.00,2000,0.00,0.00,0.00,0,NULL,NULL,'17','2019-01-21 00:27:43',19),('FO/ELE/KEYB/K/0038',296,19,2,161,'2018-08-18',0.00,2,1,'2018-08-18',9,0.00,0.00,0,0.00,'2018-08-18',0,0,0.00,0.00,0.00,0,0,0.00,2000,0.00,0.00,0.00,0,NULL,NULL,'17','2019-01-21 00:54:20',19),('FO/ELE/LAMP/L/0026',284,19,2,149,'2018-08-17',0.00,2,4,'2018-08-17',11,0.00,0.00,0,0.00,'2018-08-17',0,0,0.00,0.00,0.00,0,0,0.00,2000,0.00,0.00,0.00,0,NULL,NULL,'17','2019-01-21 00:38:53',19),('FO/ELE/MACH/M/0037',295,19,2,160,'2018-08-17',0.00,2,1,'2018-08-17',3,0.00,0.00,0,0.00,'2018-08-17',0,0,0.00,0.00,0.00,0,0,0.00,2000,0.00,0.00,0.00,0,NULL,NULL,'17','2019-01-21 00:53:47',19),('FO/ELE/MACH/U/0040',298,19,2,163,'2018-08-18',0.00,2,1,'2018-08-18',9,0.00,0.00,0,0.00,'2018-08-18',0,0,0.00,0.00,0.00,0,0,0.00,2000,0.00,0.00,0.00,0,NULL,NULL,'17','2019-01-21 00:55:01',19),('FO/ELE/MACHE/A/0004',262,19,2,127,'2018-08-10',0.00,2,2,'2018-08-10',9,0.00,0.00,0,0.00,'2018-08-10',0,0,0.00,0.00,0.00,0,0,0.00,2000,0.00,0.00,0.00,0,NULL,NULL,'17','2019-01-21 00:17:00',19),('FO/ELE/MOU/A/0005',263,19,2,128,'2018-08-10',0.00,2,2,'2018-08-10',9,0.00,0.00,0,0.00,'2018-08-10',0,0,0.00,0.00,0.00,0,0,0.00,2000,0.00,0.00,0.00,0,NULL,NULL,'17','2019-01-21 00:19:13',19),('FO/ELE/MOU/A/0007',265,19,2,130,'2018-08-10',0.00,2,1,'2018-08-10',9,0.00,0.00,0,0.00,'2018-08-10',0,0,0.00,0.00,0.00,0,0,0.00,2000,0.00,0.00,0.00,0,NULL,NULL,'17','2019-01-21 00:21:00',19),('FO/ELE/MOU/M/0039',297,19,2,162,'2018-08-18',0.00,2,1,'2018-08-18',9,0.00,0.00,0,0.00,'2018-08-18',0,0,0.00,0.00,0.00,0,0,0.00,2000,0.00,0.00,0.00,0,NULL,NULL,'17','2019-01-21 00:54:41',19),('FO/ELE/PRIN/P/0013',271,19,2,136,'2018-08-13',0.00,2,1,'2018-08-13',9,0.00,0.00,0,0.00,'2018-08-13',0,0,0.00,0.00,0.00,0,0,0.00,2000,0.00,0.00,0.00,0,NULL,NULL,'17','2019-01-21 00:28:25',19),('FO/ELE/PRINT/P/0014',272,19,2,137,'2018-08-17',0.00,2,1,'2018-08-17',9,0.00,0.00,0,0.00,'2018-08-17',0,0,0.00,0.00,0.00,0,0,0.00,2000,0.00,0.00,0.00,0,NULL,NULL,'17','2019-01-21 00:28:48',19),('FO/ELE/REMO/R/0021',279,19,2,144,'2018-08-17',0.00,2,1,'2018-08-17',3,0.00,0.00,0,0.00,'2018-08-17',0,0,0.00,0.00,0.00,0,0,0.00,2000,0.00,0.00,0.00,0,NULL,NULL,'17','2019-01-21 00:36:42',19),('FO/ELE/REMO/R/0023',281,19,2,146,'2018-08-17',0.00,2,1,'2018-08-17',3,0.00,0.00,0,0.00,'2018-08-17',0,0,0.00,0.00,0.00,0,0,0.00,2000,0.00,0.00,0.00,0,NULL,NULL,'17','2019-01-21 00:37:29',19),('FO/ELE/SB/S/0022',280,19,2,145,'2018-08-17',0.00,2,1,'2018-08-17',3,0.00,0.00,0,0.00,'2018-08-17',0,0,0.00,0.00,0.00,0,0,0.00,2000,0.00,0.00,0.00,0,NULL,NULL,'17','2019-01-21 00:37:01',19),('FO/ELE/TELE/A/0008',266,19,2,131,'2018-08-10',0.00,2,1,'2018-08-10',9,0.00,0.00,0,0.00,'2018-08-10',0,0,0.00,0.00,0.00,0,0,0.00,2000,0.00,0.00,0.00,0,NULL,NULL,'17','2019-01-21 00:21:33',19),('FO/ELE/TELE/A/0009',267,19,2,132,'2018-08-10',0.00,2,1,'2018-08-10',9,0.00,0.00,0,0.00,'2018-08-10',0,0,0.00,0.00,0.00,0,0,0.00,2000,0.00,0.00,0.00,0,NULL,NULL,'17','2019-01-21 00:23:09',19),('FO/ELE/TELE/T/0050',308,19,2,173,'2018-08-18',0.00,2,1,'2018-08-18',3,0.00,0.00,0,0.00,'2018-08-18',0,0,0.00,0.00,0.00,0,0,0.00,2000,0.00,0.00,0.00,0,NULL,NULL,'17','2019-01-21 00:59:42',19),('FO/ELE/WTM/W/0025',283,19,2,148,'2018-08-17',0.00,2,1,'2018-08-17',11,0.00,0.00,0,0.00,'2018-08-17',0,0,0.00,0.00,0.00,0,0,0.00,2000,0.00,0.00,0.00,0,NULL,NULL,'17','2019-01-21 00:38:24',19),('FO/FOI/CAL/C/0015',273,19,2,138,'2018-08-17',0.00,2,1,'2018-08-17',9,0.00,0.00,0,0.00,'2018-08-17',0,0,0.00,0.00,0.00,0,0,0.00,2000,0.00,0.00,0.00,0,NULL,NULL,'17','2019-01-21 00:29:10',19),('FO/FOI/CAL/C/0046',304,19,2,169,'2018-08-18',0.00,2,1,'2018-08-18',4,0.00,0.00,0,0.00,'2018-08-18',0,0,0.00,0.00,0.00,0,0,0.00,2000,0.00,0.00,0.00,0,NULL,NULL,'17','2019-01-21 00:57:35',19),('FO/FOI/CASH/0052',457,19,2,911,'2019-07-18',0.00,2,1,'2019-06-07',34,28000.00,0.00,0,28000.00,'2019-06-07',0,0,28000.00,0.00,0.00,0,0,0.00,2000,0.00,0.00,0.00,0,NULL,NULL,'17','2019-07-18 01:26:49',19),('FO/FOI/DUST/D/0035',293,19,2,158,'2018-08-17',0.00,2,1,'2018-08-17',23,0.00,0.00,0,0.00,'2018-08-17',0,0,0.00,0.00,0.00,0,0,0.00,2000,0.00,0.00,0.00,0,NULL,NULL,'17','2019-01-21 00:47:45',19),('FO/FOI/DUST/D/0036',294,19,2,159,'2018-08-17',0.00,2,1,'2018-08-17',23,0.00,0.00,0,0.00,'2018-08-17',0,0,0.00,0.00,0.00,0,0,0.00,2000,0.00,0.00,0.00,0,NULL,NULL,'17','2019-01-21 00:48:10',19),('FO/FOI/DUST/D/0043',301,19,2,166,'2018-08-18',0.00,2,1,'2018-08-18',3,0.00,0.00,0,0.00,'2018-08-18',0,0,0.00,0.00,0.00,0,0,0.00,2000,0.00,0.00,0.00,0,NULL,NULL,'17','2019-01-21 00:56:10',19),('FO/FOI/FOT/B/0031',289,19,2,154,'2018-08-17',0.00,2,1,'2018-08-17',4,0.00,0.00,0,0.00,'2018-08-17',0,0,0.00,0.00,0.00,0,0,0.00,2000,0.00,0.00,0.00,0,NULL,NULL,'17','2019-01-21 00:42:30',19),('FO/FOI/FOT/C/0033',291,19,2,156,'2018-08-17',0.00,2,1,'2018-08-17',4,0.00,0.00,0,0.00,'2018-08-17',0,0,0.00,0.00,0.00,0,0,0.00,2000,0.00,0.00,0.00,0,NULL,NULL,'17','2019-01-21 00:46:53',19),('FO/FOI/FOT/E/0032',290,19,2,155,'2018-08-17',0.00,2,2,'2018-08-17',4,0.00,0.00,0,0.00,'2018-08-17',0,0,0.00,0.00,0.00,0,0,0.00,2000,0.00,0.00,0.00,0,NULL,NULL,'17','2019-01-21 00:44:08',19),('FO/FOI/FOT/K/0019',277,19,2,142,'2018-08-17',0.00,2,10,'2018-08-17',9,0.00,0.00,0,0.00,'2018-08-17',0,0,0.00,0.00,0.00,0,0,0.00,2000,0.00,0.00,0.00,0,NULL,NULL,'17','2019-01-21 00:35:00',19),('FO/FOI/FOT/W/0028',286,19,2,151,'2018-08-17',0.00,2,2,'2018-08-17',11,0.00,0.00,0,0.00,'2018-08-17',0,0,0.00,0.00,0.00,0,0,0.00,2000,0.00,0.00,0.00,0,NULL,NULL,'17','2019-01-21 00:40:35',19),('FO/FOI/FOT/W/0029',287,19,2,152,'2018-08-17',0.00,2,1,'2018-08-17',11,0.00,0.00,0,0.00,'2018-08-17',0,0,0.00,0.00,0.00,0,0,0.00,2000,0.00,0.00,0.00,0,NULL,NULL,'17','2019-01-21 00:40:58',19),('FO/FOI/LOB/0044',302,19,2,167,'2018-08-18',0.00,2,1,'2018-08-18',3,0.00,0.00,0,0.00,'2018-08-18',0,0,0.00,0.00,0.00,0,0,0.00,2000,0.00,0.00,0.00,0,NULL,NULL,'17','2019-01-21 00:56:35',19),('FO/FOI/LOB/E/0042',300,19,2,165,'2018-08-18',0.00,2,1,'2018-08-18',9,0.00,0.00,0,0.00,'2018-08-18',0,0,0.00,0.00,0.00,0,0,0.00,2000,0.00,0.00,0.00,0,NULL,NULL,'17','2019-01-21 00:55:48',19),('FO/FOI/LOB/R/0045',303,19,2,168,'2018-08-18',0.00,2,1,'2018-08-18',3,0.00,0.00,0,0.00,'2018-08-18',0,0,0.00,0.00,0.00,0,0,0.00,2000,0.00,0.00,0.00,0,NULL,NULL,'17','2019-01-21 00:57:02',19),('FO/FOI/PHOTO/0051',456,19,2,910,'2019-07-18',0.00,2,1,'2019-07-15',33,138000.00,0.00,0,138000.00,'2019-07-15',0,0,138000.00,0.00,0.00,0,0,0.00,2000,0.00,0.00,0.00,0,NULL,NULL,'17','2019-07-18 01:24:43',19),('FO/FOI/PUN/P/0024',282,19,2,147,'2018-08-17',0.00,2,1,'2018-08-17',4,0.00,0.00,0,0.00,'2018-08-17',0,0,0.00,0.00,0.00,0,0,0.00,2000,0.00,0.00,0.00,0,NULL,NULL,'17','2019-01-21 00:38:04',19),('FO/FOI/PUN/P/0048',306,19,2,171,'2018-08-18',0.00,2,1,'2018-08-18',4,0.00,0.00,0,0.00,'2018-08-18',0,0,0.00,0.00,0.00,0,0,0.00,2000,0.00,0.00,0.00,0,NULL,NULL,'17','2019-01-21 00:58:23',19),('FO/FOI/SAFE/0051',440,19,2,784,'2019-02-23',0.00,2,1,'2019-02-22',29,20700.00,0.00,0,20700.00,'2019-02-22',0,0,0.00,0.00,0.00,0,0,0.00,2000,0.00,0.00,0.00,0,NULL,NULL,'17','2019-02-23 00:57:06',19),('FO/FOI/SCIC/S/0049',307,19,2,172,'2018-08-18',0.00,2,1,'2018-08-18',4,0.00,0.00,0,0.00,'2018-08-18',0,0,0.00,0.00,0.00,0,0,0.00,2000,0.00,0.00,0.00,0,NULL,NULL,'17','2019-01-21 00:59:23',19),('FO/FOI/SCIS/S/0030',288,19,2,153,'2018-08-17',0.00,2,1,'2018-08-17',11,0.00,0.00,0,0.00,'2018-08-17',0,0,0.00,0.00,0.00,0,0,0.00,2000,0.00,0.00,0.00,0,NULL,NULL,'17','2019-01-21 00:41:38',19),('FO/FOI/STEP/0047',305,19,2,170,'2018-08-18',0.00,2,1,'2018-08-18',4,0.00,0.00,0,0.00,'2018-08-18',0,0,0.00,0.00,0.00,0,0,0.00,2000,0.00,0.00,0.00,0,NULL,NULL,'17','2019-01-21 00:57:58',19),('FO/FOI/STEP/S/0016',274,19,2,139,'2018-08-17',0.00,2,1,'2018-08-17',4,0.00,0.00,0,0.00,'2018-08-17',0,0,0.00,0.00,0.00,0,0,0.00,2000,0.00,0.00,0.00,0,NULL,NULL,'17','2019-01-21 00:29:31',19),('FO/MACH/CRCM/C/0018',276,19,2,141,'2018-08-17',0.00,2,1,'2018-08-17',26,0.00,0.00,0,0.00,'2018-08-17',0,0,0.00,0.00,0.00,0,0,0.00,2000,0.00,0.00,0.00,0,NULL,NULL,'17','2019-01-21 00:34:32',19),('FO/MACH/DCM/D/0017',275,19,2,140,'2018-08-17',0.00,2,1,'2018-08-17',26,0.00,0.00,0,0.00,'2018-08-17',0,0,0.00,0.00,0.00,0,0,0.00,2000,0.00,0.00,0.00,0,NULL,NULL,'17','2019-01-21 00:29:56',19),('FO/TRO/LTRO/T/0034',292,19,2,157,'2018-08-17',0.00,2,1,'2018-08-17',23,0.00,0.00,0,0.00,'2018-08-17',0,0,0.00,0.00,0.00,0,0,0.00,2000,0.00,0.00,0.00,0,NULL,NULL,'17','2019-01-21 00:47:14',19),('HK/BAN/BOW/B/8220',241,22,2,295,'2018-08-28',0.00,2,1,'2018-08-28',25,90000.00,0.00,0,0.00,'2018-08-28',0,0,0.00,0.00,0.00,0,0,0.00,2000,0.00,0.00,0.00,0,NULL,NULL,'17','2018-08-28 01:44:15',22),('HK/BAN/CC/C/8210',239,22,2,293,'2018-08-28',0.00,2,1,'2018-08-28',25,180000.00,0.00,0,0.00,'2018-08-28',0,0,0.00,0.00,0.00,0,0,0.00,2000,0.00,0.00,0.00,0,NULL,NULL,'17','2018-08-28 01:40:18',22),('HK/BAN/CC/C/8211',240,22,2,294,'2018-08-28',0.00,2,1,'2018-08-28',25,144000.00,0.00,0,0.00,'2018-08-28',0,0,0.00,0.00,0.00,0,0,0.00,2000,0.00,0.00,0.00,0,NULL,NULL,'17','2018-08-28 01:42:44',22),('HK/BAN/CC/C/8212',242,22,2,296,'2018-08-28',0.00,2,1,'2018-08-28',25,25000.00,0.00,0,0.00,'2018-08-28',0,0,0.00,0.00,0.00,0,0,0.00,2000,0.00,0.00,0.00,0,NULL,NULL,'17','2018-08-28 01:45:48',22),('HK/BANQ/NAPK/184/0908',454,5,2,908,'2019-06-12',0.00,2,184,'2019-05-03',31,150.00,0.00,0,27600.00,'2019-05-03',0,0,0.00,0.00,0.00,0,0,0.00,2000,0.00,0.00,0.00,0,NULL,NULL,'17','2019-06-11 22:33:45',5),('HK/BI/BI//L/8161',253,22,2,298,'2018-08-28',0.00,2,1,'2018-08-28',13,3439.13,0.00,0,0.00,'2018-08-28',0,0,0.00,0.00,0.00,0,0,0.00,2000,0.00,0.00,0.00,0,NULL,NULL,'17','2018-08-28 01:48:51',22),('HK/COM/TABLE/8200',1,22,2,291,'2018-08-28',0.00,2,1,'2018-08-28',3,29000.00,12.00,36,0.00,'2018-08-28',0,500001,0.00,0.00,14.00,36,0,0.00,2000,0.00,0.00,0.00,0,NULL,NULL,'17','2018-08-28 01:05:22',22),('HK/DLS/R/SOH/305/0705',89,22,2,626,'2019-01-27',0.00,2,1,'2019-01-02',3,5849.78,20.00,5,0.00,'2019-01-02',0,0,0.00,0.00,0.00,0,0,0.00,2000,0.00,0.00,0.00,0,NULL,NULL,'17','2019-02-09 03:18:16',22),('HK/DLX/107/EF/10501',343,22,2,355,'2019-01-05',0.00,2,1,'2019-01-01',3,0.00,0.00,0,0.00,'2019-01-01',0,0,0.00,0.00,0.00,0,0,0.00,2000,0.00,0.00,0.00,0,NULL,NULL,'17','2019-01-05 02:05:23',22),('HK/DLX/R/304/0649',82,22,2,576,'2019-01-27',0.00,2,1,'2019-01-02',3,5400.00,20.00,5,0.00,'2019-01-02',0,0,0.00,0.00,0.00,0,0,0.00,2000,0.00,0.00,0.00,0,NULL,NULL,'17','2019-01-27 05:07:10',22),('HK/DLX/R/304/0759',327,22,2,655,'2019-01-29',0.00,2,1,'2019-01-02',3,0.00,0.00,0,0.00,'2019-01-02',0,0,0.00,0.00,0.00,0,0,0.00,2000,0.00,0.00,0.00,0,NULL,NULL,'17','2019-01-28 23:33:41',22),('HK/DLX/R/306/0761',327,22,2,657,'2019-01-29',0.00,2,1,'2019-01-02',3,0.00,0.00,0,0.00,'2019-01-02',0,0,0.00,0.00,0.00,0,0,0.00,2000,0.00,0.00,0.00,0,NULL,NULL,'17','2019-01-28 23:35:16',22),('HK/DLX/R/307/0762',327,22,2,658,'2019-01-29',0.00,2,1,'2019-01-02',3,0.00,0.00,0,0.00,'2019-01-02',0,0,0.00,0.00,0.00,0,0,0.00,2000,0.00,0.00,0.00,0,NULL,NULL,'17','2019-01-28 23:36:04',22),('HK/DLX/R/309/0764',327,22,2,660,'2019-01-29',0.00,2,1,'2019-01-02',3,0.00,0.00,0,0.00,'2019-01-02',0,0,0.00,0.00,0.00,0,0,0.00,2000,0.00,0.00,0.00,0,NULL,NULL,'17','2019-01-28 23:37:34',22),('HK/DLX/R/AC/107/0799',337,22,2,437,'2019-01-21',0.00,2,1,'2019-01-02',3,0.00,0.00,0,0.00,'2019-01-02',0,0,0.00,0.00,0.00,0,0,0.00,2000,0.00,0.00,0.00,0,NULL,NULL,'17','2019-02-02 06:14:09',22),('HK/DLX/R/AC/301/0800',337,22,2,431,'2019-01-21',0.00,2,1,'2019-01-02',3,0.00,0.00,0,0.00,'2019-01-02',0,0,0.00,0.00,0.00,0,0,0.00,2000,0.00,0.00,0.00,0,NULL,NULL,'17','2019-02-02 06:14:38',22),('HK/DLX/R/AC/302/0801',337,22,2,438,'2019-01-21',0.00,2,1,'2019-01-02',3,0.00,0.00,0,0.00,'2019-01-02',0,0,0.00,0.00,0.00,0,0,0.00,2000,0.00,0.00,0.00,0,NULL,NULL,'17','2019-02-02 06:15:07',22),('HK/DLX/R/AC/303/0802',337,22,2,432,'2019-01-21',0.00,2,1,'2019-01-02',3,0.00,0.00,0,0.00,'2019-01-02',0,0,0.00,0.00,0.00,0,0,0.00,2000,0.00,0.00,0.00,0,NULL,NULL,'17','2019-02-02 06:15:32',22),('HK/DLX/R/AC/304/0803',337,22,2,439,'2019-01-21',0.00,2,1,'2019-01-02',3,0.00,0.00,0,0.00,'2019-01-02',0,0,0.00,0.00,0.00,0,0,0.00,2000,0.00,0.00,0.00,0,NULL,NULL,'17','2019-02-02 06:16:02',22),('HK/DLX/R/AC/305/0804',337,22,2,433,'2019-01-21',0.00,2,1,'2019-01-02',3,0.00,0.00,0,0.00,'2019-01-02',0,0,0.00,0.00,0.00,0,0,0.00,2000,0.00,0.00,0.00,0,NULL,NULL,'17','2019-02-02 06:16:43',22),('HK/DLX/R/AC/306/0805',337,22,2,434,'2019-01-21',0.00,2,1,'2019-01-02',3,0.00,0.00,0,0.00,'2019-01-02',0,0,0.00,0.00,0.00,0,0,0.00,2000,0.00,0.00,0.00,0,NULL,NULL,'17','2019-02-02 06:17:13',22),('HK/DLX/R/AC/307/0806',337,22,2,435,'2019-01-21',0.00,2,1,'2019-01-02',3,0.00,0.00,0,0.00,'2019-01-02',0,0,0.00,0.00,0.00,0,0,0.00,2000,0.00,0.00,0.00,0,NULL,NULL,'17','2019-02-02 06:17:58',22),('HK/DLX/R/AC/308/0807',337,22,2,330,'2018-12-17',0.00,2,1,'2018-12-01',3,0.00,0.00,0,0.00,'2018-12-01',0,0,0.00,0.00,0.00,0,0,0.00,2000,0.00,0.00,0.00,0,NULL,NULL,'17','2019-02-02 06:18:41',22),('HK/DLX/R/AC/309/0808',337,22,2,436,'2019-01-21',0.00,2,1,'2019-01-02',3,0.00,0.00,0,0.00,'2019-01-02',0,0,0.00,0.00,0.00,0,0,0.00,2000,0.00,0.00,0.00,0,NULL,NULL,'17','2019-02-02 06:19:12',22),('HK/DLX/R/AC/310/0809',337,22,2,430,'2019-01-21',0.00,2,1,'2019-01-02',3,0.00,0.00,0,0.00,'2019-01-02',0,0,0.00,0.00,0.00,0,0,0.00,2000,0.00,0.00,0.00,0,NULL,NULL,'17','2019-02-02 06:19:37',22),('HK/DLX/R/ACR/107/0733',322,22,2,449,'2019-01-23',0.00,2,1,'2019-01-02',3,0.00,0.00,0,0.00,'2019-01-02',0,0,0.00,0.00,0.00,0,0,0.00,2000,0.00,0.00,0.00,0,NULL,NULL,'17','2019-01-28 02:07:05',22),('HK/DLX/R/ACR/301/0734',322,22,2,443,'2019-01-23',0.00,2,1,'2019-01-02',3,0.00,0.00,0,0.00,'2019-01-02',0,0,0.00,0.00,0.00,0,0,0.00,2000,0.00,0.00,0.00,0,NULL,NULL,'17','2019-01-28 02:14:23',22),('HK/DLX/R/ACR/302/0735',322,22,2,444,'2019-01-23',0.00,2,1,'2019-01-02',3,0.00,0.00,0,0.00,'2019-01-02',0,0,0.00,0.00,0.00,0,0,0.00,2000,0.00,0.00,0.00,0,NULL,NULL,'17','2019-01-28 02:15:28',22),('HK/DLX/R/ACR/303/0736',322,22,2,445,'2019-01-23',0.00,2,1,'2019-01-02',3,0.00,0.00,0,0.00,'2019-01-02',0,0,0.00,0.00,0.00,0,0,0.00,2000,0.00,0.00,0.00,0,NULL,NULL,'17','2019-01-28 02:17:28',22),('HK/DLX/R/ACR/304/0737',322,22,2,331,'2018-12-17',0.00,2,1,'2018-12-01',3,0.00,0.00,0,0.00,'2018-12-01',0,0,0.00,0.00,0.00,0,0,0.00,2000,0.00,0.00,0.00,0,NULL,NULL,'17','2019-01-28 02:19:17',22),('HK/DLX/R/ACR/305/0738',322,22,2,446,'2019-01-23',0.00,2,1,'2019-01-02',3,0.00,0.00,0,0.00,'2019-01-02',0,0,0.00,0.00,0.00,0,0,0.00,2000,0.00,0.00,0.00,0,NULL,NULL,'17','2019-01-28 02:22:53',22),('HK/DLX/R/ACR/306/0739',322,22,2,440,'2019-01-23',0.00,2,1,'2019-01-02',3,0.00,0.00,0,0.00,'2019-01-02',0,0,0.00,0.00,0.00,0,0,0.00,2000,0.00,0.00,0.00,0,NULL,NULL,'17','2019-01-28 02:24:43',22),('HK/DLX/R/ACR/307/0740',322,22,2,447,'2019-01-23',0.00,2,1,'2019-01-02',3,0.00,0.00,0,0.00,'2019-01-02',0,0,0.00,0.00,0.00,0,0,0.00,2000,0.00,0.00,0.00,0,NULL,NULL,'17','2019-01-28 02:27:25',22),('HK/DLX/R/ACR/308/0741',322,22,2,441,'2019-01-23',0.00,2,1,'2019-01-02',3,0.00,0.00,0,0.00,'2019-01-02',0,0,0.00,0.00,0.00,0,0,0.00,2000,0.00,0.00,0.00,0,NULL,NULL,'17','2019-01-28 02:32:05',22),('HK/DLX/R/ACR/309/0742',322,22,2,448,'2019-01-23',0.00,2,1,'2019-01-02',3,0.00,0.00,0,0.00,'2019-01-02',0,0,0.00,0.00,0.00,0,0,0.00,2000,0.00,0.00,0.00,0,NULL,NULL,'17','2019-01-28 02:38:22',22),('HK/DLX/R/ACR/310/0743',322,22,2,442,'2019-01-23',0.00,2,1,'2019-01-02',3,0.00,0.00,0,0.00,'2019-01-02',0,0,0.00,0.00,0.00,0,0,0.00,2000,0.00,0.00,0.00,0,NULL,NULL,'17','2019-01-28 02:42:31',22),('HK/DLX/R/AMT/107/0711',90,22,2,286,'2018-08-28',0.00,2,1,'2018-08-28',3,1000.00,33.00,3,0.00,'2018-08-28',0,0,0.00,0.00,0.00,0,0,0.00,2000,0.00,0.00,0.00,0,NULL,NULL,'17','2019-01-27 23:32:36',22),('HK/DLX/R/AMT/301/0712',90,22,2,632,'2019-01-28',0.00,2,1,'2019-01-02',3,1000.00,33.00,3,0.00,'2019-01-02',0,0,0.00,0.00,0.00,0,0,0.00,2000,0.00,0.00,0.00,0,NULL,NULL,'17','2019-01-27 23:33:56',22),('HK/DLX/R/AMT/302/0713',90,22,2,633,'2019-01-28',0.00,2,1,'2019-01-02',3,1000.00,33.00,3,0.00,'2019-01-02',0,0,0.00,0.00,0.00,0,0,0.00,2000,0.00,0.00,0.00,0,NULL,NULL,'17','2019-01-27 23:35:20',22),('HK/DLX/R/AMT/303/0714',90,22,2,634,'2019-01-28',0.00,2,1,'2019-01-02',3,1000.00,33.00,3,0.00,'2019-01-02',0,0,0.00,0.00,0.00,0,0,0.00,2000,0.00,0.00,0.00,0,NULL,NULL,'17','2019-01-27 23:36:09',22),('HK/DLX/R/AMT/304/0715',90,22,2,635,'2019-01-28',0.00,2,1,'2019-01-02',3,1000.00,33.00,3,0.00,'2019-01-02',0,0,0.00,0.00,0.00,0,0,0.00,2000,0.00,0.00,0.00,0,NULL,NULL,'17','2019-01-27 23:37:10',22),('HK/DLX/R/AMT/305/0716',90,22,2,636,'2019-01-28',0.00,2,1,'2019-01-02',3,1000.00,33.00,3,0.00,'2019-01-02',0,0,0.00,0.00,0.00,0,0,0.00,2000,0.00,0.00,0.00,0,NULL,NULL,'17','2019-01-27 23:38:11',22),('HK/DLX/R/AMT/306/0717',90,22,2,637,'2019-01-28',0.00,2,1,'2019-01-02',3,1000.00,33.00,3,0.00,'2019-01-02',0,0,0.00,0.00,0.00,0,0,0.00,2000,0.00,0.00,0.00,0,NULL,NULL,'17','2019-01-27 23:39:11',22),('HK/DLX/R/AMT/307/0718',90,22,2,638,'2019-01-28',0.00,2,1,'2019-01-02',3,1000.00,33.00,3,0.00,'2019-01-02',0,0,0.00,0.00,0.00,0,0,0.00,2000,0.00,0.00,0.00,0,NULL,NULL,'17','2019-01-27 23:40:32',22),('HK/DLX/R/AMT/308/0719',90,22,2,639,'2019-01-28',0.00,2,1,'2019-01-02',3,1000.00,33.00,3,0.00,'2019-01-02',0,0,0.00,0.00,0.00,0,0,0.00,2000,0.00,0.00,0.00,0,NULL,NULL,'17','2019-01-27 23:41:45',22),('HK/DLX/R/AMT/309/0720',90,22,2,640,'2019-01-28',0.00,2,1,'2019-01-02',3,1000.00,33.00,3,0.00,'2019-01-02',0,0,0.00,0.00,0.00,0,0,0.00,2000,0.00,0.00,0.00,0,NULL,NULL,'17','2019-01-27 23:42:59',22),('HK/DLX/R/AMT/310/0721',90,22,2,641,'2019-01-28',0.00,2,1,'2019-01-02',3,1000.00,33.00,3,0.00,'2019-01-02',0,0,0.00,0.00,0.00,0,0,0.00,2000,0.00,0.00,0.00,0,NULL,NULL,'17','2019-01-27 23:44:02',22),('HK/DLX/R/BED/107/0755',327,22,2,339,'2018-12-27',0.00,2,1,'2018-12-01',23,0.00,0.00,0,0.00,'2018-12-01',0,0,0.00,0.00,0.00,0,0,0.00,2000,0.00,0.00,0.00,0,NULL,NULL,'17','2019-01-28 23:29:12',22),('HK/DLX/R/BED/301/0756',327,22,2,652,'2019-01-29',0.00,2,1,'2019-01-02',3,0.00,0.00,0,0.00,'2019-01-02',0,0,0.00,0.00,0.00,0,0,0.00,2000,0.00,0.00,0.00,0,NULL,NULL,'17','2019-01-28 23:30:29',22),('HK/DLX/R/BED/302/0757',327,22,2,653,'2019-01-29',0.00,2,1,'2019-01-02',3,0.00,0.00,0,0.00,'2019-01-02',0,0,0.00,0.00,0.00,0,0,0.00,2000,0.00,0.00,0.00,0,NULL,NULL,'17','2019-01-28 23:31:43',22),('HK/DLX/R/BED/303/0758',327,22,2,654,'2019-01-29',0.00,2,1,'2019-01-02',3,0.00,0.00,0,0.00,'2019-01-02',0,0,0.00,0.00,0.00,0,0,0.00,2000,0.00,0.00,0.00,0,NULL,NULL,'17','2019-01-28 23:32:54',22),('HK/DLX/R/BED/305/0760',327,22,2,656,'2019-01-29',0.00,2,1,'2019-01-02',3,0.00,0.00,0,0.00,'2019-01-02',0,0,0.00,0.00,0.00,0,0,0.00,2000,0.00,0.00,0.00,0,NULL,NULL,'17','2019-01-28 23:34:31',22),('HK/DLX/R/BED/308/0763',327,22,2,659,'2019-01-29',0.00,2,1,'2019-01-02',3,0.00,0.00,0,0.00,'2019-01-02',0,0,0.00,0.00,0.00,0,0,0.00,2000,0.00,0.00,0.00,0,NULL,NULL,'17','2019-01-28 23:36:51',22),('HK/DLX/R/BED/310/0765',327,22,2,661,'2019-01-29',0.00,2,1,'2019-01-02',3,0.00,0.00,0,0.00,'2019-01-02',0,0,0.00,0.00,0.00,0,0,0.00,2000,0.00,0.00,0.00,0,NULL,NULL,'17','2019-01-28 23:38:20',22),('HK/DLX/R/BL/107/0843',340,22,2,338,'2018-12-27',0.00,2,1,'2018-12-01',23,0.00,0.00,0,0.00,'2018-12-01',0,0,0.00,0.00,0.00,0,0,0.00,2000,0.00,0.00,0.00,0,NULL,NULL,'17','2019-02-07 21:06:20',22),('HK/DLX/R/BL/301/0844',340,22,2,711,'2019-02-08',0.00,2,1,'2019-02-08',23,0.00,0.00,0,0.00,'2019-02-08',0,0,0.00,0.00,0.00,0,0,0.00,2000,0.00,0.00,0.00,0,NULL,NULL,'17','2019-02-07 21:08:04',22),('HK/DLX/R/BL/302/0845',340,22,2,712,'2019-02-08',0.00,2,1,'2019-02-08',3,0.00,0.00,0,0.00,'2019-02-08',0,0,0.00,0.00,0.00,0,0,0.00,2000,0.00,0.00,0.00,0,NULL,NULL,'17','2019-02-07 21:13:10',22),('HK/DLX/R/BL/303/0846',340,22,2,713,'2019-02-08',0.00,2,1,'2019-02-08',3,0.00,0.00,0,0.00,'2019-02-08',0,0,0.00,0.00,0.00,0,0,0.00,2000,0.00,0.00,0.00,0,NULL,NULL,'17','2019-02-07 21:17:30',22),('HK/DLX/R/BL/304/0847',340,22,2,714,'2019-02-08',0.00,2,1,'2019-02-08',3,0.00,0.00,0,0.00,'2019-02-08',0,0,0.00,0.00,0.00,0,0,0.00,2000,0.00,0.00,0.00,0,NULL,NULL,'17','2019-02-07 21:20:45',22),('HK/DLX/R/BL/305/0848',340,22,2,715,'2019-02-08',0.00,2,0,'2019-02-08',3,0.00,0.00,0,0.00,'2019-02-08',0,0,0.00,0.00,0.00,0,0,0.00,2000,0.00,0.00,0.00,0,NULL,NULL,'17','2019-02-07 21:22:08',22),('HK/DLX/R/BL/306/0849',340,22,2,716,'2019-02-08',0.00,2,1,'2019-02-08',3,0.00,0.00,0,0.00,'2019-02-08',0,0,0.00,0.00,0.00,0,0,0.00,2000,0.00,0.00,0.00,0,NULL,NULL,'17','2019-02-07 21:25:02',22),('HK/DLX/R/BL/307/0850',340,22,2,717,'2019-02-08',0.00,2,1,'2019-02-08',3,0.00,0.00,0,0.00,'2019-02-08',0,0,0.00,0.00,0.00,0,0,0.00,2000,0.00,0.00,0.00,0,NULL,NULL,'17','2019-02-07 21:26:24',22),('HK/DLX/R/BL/308/0851',340,22,2,718,'2019-02-08',0.00,2,1,'2019-02-08',3,0.00,0.00,0,0.00,'2019-02-08',0,0,0.00,0.00,0.00,0,0,0.00,2000,0.00,0.00,0.00,0,NULL,NULL,'17','2019-02-07 21:28:55',22),('HK/DLX/R/BL/309/0852',340,22,2,719,'2019-02-08',0.00,2,1,'2019-02-08',3,0.00,0.00,0,0.00,'2019-02-08',0,0,0.00,0.00,0.00,0,0,0.00,2000,0.00,0.00,0.00,0,NULL,NULL,'17','2019-02-07 21:32:30',22),('HK/DLX/R/BL/310/0853',340,22,2,720,'2019-02-08',0.00,2,1,'2019-02-08',3,0.00,0.00,0,0.00,'2019-02-08',0,0,0.00,0.00,0.00,0,0,0.00,2000,0.00,0.00,0.00,0,NULL,NULL,'17','2019-02-07 21:33:59',22),('HK/DLX/R/BLS/9450',330,22,2,344,'2018-12-28',0.00,2,1,'2018-12-01',1,0.00,0.00,0,0.00,'2018-12-01',0,0,0.00,0.00,0.00,0,0,0.00,2000,0.00,0.00,0.00,0,NULL,NULL,'17','2018-12-28 00:14:45',22),('HK/DLX/R/BOP/9800',80,22,2,279,'2018-08-28',0.00,2,1,'2018-08-28',14,450.00,20.00,5,0.00,'2018-08-28',0,0,0.00,0.00,0.00,0,0,0.00,2000,0.00,0.00,0.00,0,NULL,NULL,'17','2018-12-14 02:09:02',22),('HK/DLX/R/BR/107/0522',61,22,2,402,'2019-01-17',0.00,2,1,'2019-01-02',7,34125.00,20.00,5,0.00,'2019-01-02',0,0,0.00,0.00,0.00,0,0,0.00,2000,0.00,0.00,0.00,0,NULL,NULL,'17','2019-01-26 02:33:24',22),('HK/DLX/R/BR/301/0523',61,22,2,409,'2019-01-17',0.00,2,1,'2019-01-02',7,34125.00,20.00,5,0.00,'2019-01-02',0,0,0.00,0.00,0.00,0,0,0.00,2000,0.00,0.00,0.00,0,NULL,NULL,'17','2019-01-26 02:35:53',22),('HK/DLX/R/BR/302/0524',61,22,2,403,'2019-01-17',0.00,2,1,'2019-01-02',7,34125.00,20.00,5,0.00,'2019-01-02',0,0,0.00,0.00,0.00,0,0,0.00,2000,0.00,0.00,0.00,0,NULL,NULL,'17','2019-01-26 02:36:24',22),('HK/DLX/R/BR/303/0525',61,22,2,404,'2019-01-17',0.00,2,1,'2019-01-02',7,34125.00,20.00,5,0.00,'2019-01-02',0,0,0.00,0.00,0.00,0,0,0.00,2000,0.00,0.00,0.00,0,NULL,NULL,'17','2019-01-26 02:38:59',22),('HK/DLX/R/BR/304/0526',61,22,2,405,'2019-01-17',0.00,2,1,'2019-01-02',7,34125.00,20.00,5,0.00,'2019-01-02',0,0,0.00,0.00,0.00,0,0,0.00,2000,0.00,0.00,0.00,0,NULL,NULL,'17','2019-01-26 02:39:34',22),('HK/DLX/R/BR/305/0527',61,22,2,268,'2018-08-25',0.00,2,1,'2018-08-25',7,34125.00,20.00,5,0.00,'2018-08-25',0,0,0.00,0.00,0.00,0,0,0.00,2000,0.00,0.00,0.00,0,NULL,NULL,'17','2019-01-26 02:41:44',22),('HK/DLX/R/BR/306/0528',61,22,2,406,'2019-01-17',0.00,2,1,'2019-01-02',7,34125.00,20.00,5,0.00,'2019-01-02',0,0,0.00,0.00,0.00,0,0,0.00,2000,0.00,0.00,0.00,0,NULL,NULL,'17','2019-01-26 02:42:15',22),('HK/DLX/R/BR/307/0529',61,22,2,400,'2019-01-17',0.00,2,1,'2019-01-02',7,34125.00,20.00,5,0.00,'2019-01-02',0,0,0.00,0.00,0.00,0,0,0.00,2000,0.00,0.00,0.00,0,NULL,NULL,'17','2019-01-26 02:43:21',22),('HK/DLX/R/BR/308/0530',61,22,2,407,'2019-01-17',0.00,2,1,'2019-01-02',7,34125.00,20.00,5,0.00,'2019-01-02',0,0,0.00,0.00,0.00,0,0,0.00,2000,0.00,0.00,0.00,0,NULL,NULL,'17','2019-01-26 02:43:48',22),('HK/DLX/R/BR/309/0531',61,22,2,401,'2019-01-17',0.00,2,1,'2019-01-02',7,34125.00,20.00,5,0.00,'2019-01-02',0,0,0.00,0.00,0.00,0,0,0.00,2000,0.00,0.00,0.00,0,NULL,NULL,'17','2019-01-26 02:44:26',22),('HK/DLX/R/BR/310/0532',61,22,2,408,'2019-01-17',0.00,2,1,'2019-01-02',7,34125.00,20.00,5,0.00,'2019-01-02',0,0,0.00,0.00,0.00,0,0,0.00,2000,0.00,0.00,0.00,0,NULL,NULL,'17','2019-01-26 02:45:16',22),('HK/DLX/R/BRD/9750',79,22,2,348,'2018-12-28',0.00,2,1,'2018-12-01',5,31050.00,20.00,5,0.00,'2018-12-01',0,0,0.00,0.00,0.00,0,0,0.00,2000,0.00,0.00,0.00,0,NULL,NULL,'17','2018-12-28 04:38:26',22),('HK/DLX/R/BRLS/9500',331,22,2,345,'2018-12-28',0.00,2,1,'2018-12-01',1,0.00,0.00,0,0.00,'2018-12-01',0,0,0.00,0.00,0.00,0,0,0.00,2000,0.00,0.00,0.00,0,NULL,NULL,'17','2018-12-28 00:35:25',22),('HK/DLX/R/BRM/107/0634',81,22,2,280,'2018-08-28',0.00,2,1,'2018-08-28',14,24000.00,20.00,5,0.00,'2018-08-28',0,0,0.00,0.00,0.00,0,0,0.00,2000,0.00,0.00,0.00,0,NULL,NULL,'17','2019-01-27 04:16:17',22),('HK/DLX/R/BRM/301/0635',81,22,2,563,'2019-01-27',0.00,2,1,'2019-01-02',3,24000.00,20.00,5,0.00,'2019-01-02',0,0,0.00,0.00,0.00,0,0,0.00,2000,0.00,0.00,0.00,0,NULL,NULL,'17','2019-01-27 04:18:16',22),('HK/DLX/R/BRM/302/0636',81,22,2,564,'2019-01-27',0.00,2,1,'2019-01-02',3,24000.00,20.00,5,0.00,'2019-01-02',0,0,0.00,0.00,0.00,0,0,0.00,2000,0.00,0.00,0.00,0,NULL,NULL,'17','2019-01-27 04:19:36',22),('HK/DLX/R/BRM/303/0637',81,22,2,565,'2019-01-27',0.00,2,1,'2019-01-02',3,24000.00,20.00,5,0.00,'2019-01-02',0,0,0.00,0.00,0.00,0,0,0.00,2000,0.00,0.00,0.00,0,NULL,NULL,'17','2019-01-27 04:20:30',22),('HK/DLX/R/BRM/304/0638',81,22,2,566,'2019-01-27',0.00,2,1,'2019-01-02',3,24000.00,20.00,5,0.00,'2019-01-02',0,0,0.00,0.00,0.00,0,0,0.00,2000,0.00,0.00,0.00,0,NULL,NULL,'17','2019-01-27 04:21:36',22),('HK/DLX/R/BRM/305/0639',81,22,2,567,'2019-01-27',0.00,2,1,'2019-01-02',3,24000.00,20.00,5,0.00,'2019-01-02',0,0,0.00,0.00,0.00,0,0,0.00,2000,0.00,0.00,0.00,0,NULL,NULL,'17','2019-01-27 04:22:27',22),('HK/DLX/R/BRM/306/0640',81,22,2,568,'2019-01-27',0.00,2,1,'2019-01-02',3,24000.00,20.00,5,0.00,'2019-01-02',0,0,0.00,0.00,0.00,0,0,0.00,2000,0.00,0.00,0.00,0,NULL,NULL,'17','2019-01-27 04:23:31',22),('HK/DLX/R/BRM/307/0641',81,22,2,569,'2019-01-27',0.00,2,1,'2019-01-02',3,24000.00,20.00,5,0.00,'2019-01-02',0,0,0.00,0.00,0.00,0,0,0.00,2000,0.00,0.00,0.00,0,NULL,NULL,'17','2019-01-27 04:24:13',22),('HK/DLX/R/BRM/308/0642',81,22,2,570,'2019-01-27',0.00,2,1,'2019-01-02',3,24000.00,20.00,5,0.00,'2019-01-02',0,0,0.00,0.00,0.00,0,0,0.00,2000,0.00,0.00,0.00,0,NULL,NULL,'17','2019-01-27 04:25:08',22),('HK/DLX/R/BRM/309/0643',81,22,2,571,'2019-01-27',0.00,2,1,'2019-01-02',3,24000.00,20.00,5,0.00,'2019-01-02',0,0,0.00,0.00,0.00,0,0,0.00,2000,0.00,0.00,0.00,0,NULL,NULL,'17','2019-01-27 04:26:01',22),('HK/DLX/R/BRM/310/0644',81,22,2,572,'2019-01-27',0.00,2,1,'2019-01-02',3,24000.00,20.00,5,0.00,'2019-01-02',0,0,0.00,0.00,0.00,0,0,0.00,2000,0.00,0.00,0.00,0,NULL,NULL,'17','2019-01-27 04:26:59',22),('HK/DLX/R/BT/107/0832',326,22,2,337,'2018-12-27',0.00,2,1,'2018-12-01',23,0.00,0.00,0,0.00,'2018-12-01',0,0,0.00,0.00,0.00,0,0,0.00,2000,0.00,0.00,0.00,0,NULL,NULL,'17','2019-02-07 01:44:38',22),('HK/DLX/R/BT/301/0833',326,22,2,701,'2019-02-07',0.00,2,1,'2019-02-07',7,0.00,0.00,0,0.00,'2019-02-07',0,0,0.00,0.00,0.00,0,0,0.00,2000,0.00,0.00,0.00,0,NULL,NULL,'17','2019-02-07 01:52:30',22),('HK/DLX/R/BT/302/0834',326,22,2,702,'2019-02-07',0.00,2,1,'2019-02-07',7,0.00,0.00,0,0.00,'2019-02-07',0,0,0.00,0.00,0.00,0,0,0.00,2000,0.00,0.00,0.00,0,NULL,NULL,'17','2019-02-07 01:54:46',22),('HK/DLX/R/BT/303/0835',326,22,2,703,'2019-02-07',0.00,2,1,'2019-02-07',7,0.00,0.00,0,0.00,'2019-02-07',0,0,0.00,0.00,0.00,0,0,0.00,2000,0.00,0.00,0.00,0,NULL,NULL,'17','2019-02-07 01:56:44',22),('HK/DLX/R/BT/304/0836',326,22,2,704,'2019-02-07',0.00,2,1,'2019-02-07',7,0.00,0.00,0,0.00,'2019-02-07',0,0,0.00,0.00,0.00,0,0,0.00,2000,0.00,0.00,0.00,0,NULL,NULL,'17','2019-02-07 01:58:09',22),('HK/DLX/R/BT/305/0837',326,22,2,705,'2019-02-07',0.00,2,1,'2019-02-07',7,0.00,0.00,0,0.00,'2019-02-07',0,0,0.00,0.00,0.00,0,0,0.00,2000,0.00,0.00,0.00,0,NULL,NULL,'17','2019-02-07 02:06:40',22),('HK/DLX/R/BT/306/0838',326,22,2,706,'2019-02-07',0.00,2,1,'2019-02-07',7,0.00,0.00,0,0.00,'2019-02-07',0,0,0.00,0.00,0.00,0,0,0.00,2000,0.00,0.00,0.00,0,NULL,NULL,'17','2019-02-07 02:08:04',22),('HK/DLX/R/BT/307/0839',326,22,2,707,'2019-02-07',0.00,2,1,'2019-02-07',7,0.00,0.00,0,0.00,'2019-02-07',0,0,0.00,0.00,0.00,0,0,0.00,2000,0.00,0.00,0.00,0,NULL,NULL,'17','2019-02-07 02:30:19',22),('HK/DLX/R/BT/308/0840',326,22,2,708,'2019-02-07',0.00,2,1,'2019-02-07',7,0.00,0.00,0,0.00,'2019-02-07',0,0,0.00,0.00,0.00,0,0,0.00,2000,0.00,0.00,0.00,0,NULL,NULL,'17','2019-02-07 02:32:49',22),('HK/DLX/R/BT/309/0841',326,22,2,709,'2019-02-07',0.00,2,1,'2019-02-07',7,0.00,0.00,0,0.00,'2019-02-07',0,0,0.00,0.00,0.00,0,0,0.00,2000,0.00,0.00,0.00,0,NULL,NULL,'17','2019-02-07 02:34:53',22),('HK/DLX/R/BT/310/0842',326,22,2,710,'2019-02-07',0.00,2,1,'2019-02-07',7,0.00,0.00,0,0.00,'2019-02-07',0,0,0.00,0.00,0.00,0,0,0.00,2000,0.00,0.00,0.00,0,NULL,NULL,'17','2019-02-07 02:36:47',22),('HK/DLX/R/CEL/107/0810',339,22,2,336,'2018-12-18',0.00,2,1,'2018-12-01',3,0.00,0.00,0,0.00,'2018-12-01',0,0,0.00,0.00,0.00,0,0,0.00,2000,0.00,0.00,0.00,0,NULL,NULL,'17','2019-02-06 23:36:00',22),('HK/DLX/R/CEL/301/0811',339,22,2,681,'2019-02-07',0.00,2,1,'2019-02-07',3,0.00,0.00,0,0.00,'2019-02-07',0,0,0.00,0.00,0.00,0,0,0.00,2000,0.00,0.00,0.00,0,NULL,NULL,'17','2019-02-06 23:49:04',22),('HK/DLX/R/CEL/302/0812',339,22,2,682,'2019-02-07',0.00,2,1,'2019-02-07',3,0.00,0.00,0,0.00,'2019-02-07',0,0,0.00,0.00,0.00,0,0,0.00,2000,0.00,0.00,0.00,0,NULL,NULL,'17','2019-02-06 23:48:30',22),('HK/DLX/R/CEL/303/0813',339,22,2,683,'2019-02-07',0.00,2,1,'2019-02-07',3,0.00,0.00,0,0.00,'2019-02-07',0,0,0.00,0.00,0.00,0,0,0.00,2000,0.00,0.00,0.00,0,NULL,NULL,'17','2019-02-06 23:47:45',22),('HK/DLX/R/CEL/304/0814',339,22,2,684,'2019-02-07',0.00,2,1,'2019-02-07',3,0.00,0.00,0,0.00,'2019-02-07',0,0,0.00,0.00,0.00,0,0,0.00,2000,0.00,0.00,0.00,0,NULL,NULL,'17','2019-02-06 23:52:51',22),('HK/DLX/R/CEL/305/0815',339,22,2,685,'2019-02-07',0.00,2,1,'2019-02-07',3,0.00,0.00,0,0.00,'2019-02-07',0,0,0.00,0.00,0.00,0,0,0.00,2000,0.00,0.00,0.00,0,NULL,NULL,'17','2019-02-06 23:54:13',22),('HK/DLX/R/CEL/306/0816',339,22,2,686,'2019-02-07',0.00,2,1,'2019-02-07',3,0.00,0.00,0,0.00,'2019-02-07',0,0,0.00,0.00,0.00,0,0,0.00,2000,0.00,0.00,0.00,0,NULL,NULL,'17','2019-02-06 23:55:22',22),('HK/DLX/R/CEL/307/0817',339,22,2,687,'2019-02-07',0.00,2,1,'2019-02-07',3,0.00,0.00,0,0.00,'2019-02-07',0,0,0.00,0.00,0.00,0,0,0.00,2000,0.00,0.00,0.00,0,NULL,NULL,'17','2019-02-06 23:56:36',22),('HK/DLX/R/CEL/308/0818',339,22,2,688,'2019-02-07',0.00,2,1,'2019-02-07',3,0.00,0.00,0,0.00,'2019-02-07',0,0,0.00,0.00,0.00,0,0,0.00,2000,0.00,0.00,0.00,0,NULL,NULL,'17','2019-02-06 23:59:46',22),('HK/DLX/R/CEL/309/0819',339,22,2,689,'2019-02-07',0.00,2,1,'2019-02-07',3,0.00,0.00,0,0.00,'2019-02-07',0,0,0.00,0.00,0.00,0,0,0.00,2000,0.00,0.00,0.00,0,NULL,NULL,'17','2019-02-07 00:01:04',22),('HK/DLX/R/CEL/310/0820',339,22,2,690,'2019-02-07',0.00,2,1,'2019-02-07',3,0.00,0.00,0,0.00,'2019-02-07',0,0,0.00,0.00,0.00,0,0,0.00,2000,0.00,0.00,0.00,0,NULL,NULL,'17','2019-02-07 00:02:35',22),('HK/DLX/R/CFA/107/0500',14,22,2,347,'2018-12-28',0.00,2,1,'2018-12-01',3,5000.00,20.00,5,0.00,'2018-12-01',0,0,0.00,0.00,0.00,0,0,0.00,2000,0.00,0.00,0.00,0,NULL,NULL,'17','2019-01-25 23:46:27',22),('HK/DLX/R/CFA/301/0501',14,22,2,450,'2019-01-26',0.00,2,1,'2019-01-02',3,5000.00,20.00,5,0.00,'2019-01-02',0,0,0.00,0.00,0.00,0,0,0.00,2000,0.00,0.00,0.00,0,NULL,NULL,'17','2019-01-25 23:52:51',22),('HK/DLX/R/CFA/302/0502',14,22,2,451,'2019-01-26',0.00,2,1,'2019-01-02',3,5000.00,20.00,5,0.00,'2019-01-02',0,0,0.00,0.00,0.00,0,0,0.00,2000,0.00,0.00,0.00,0,NULL,NULL,'17','2019-01-25 23:57:51',22),('HK/DLX/R/CFA/303/0503',14,22,2,452,'2019-01-26',0.00,2,1,'2019-01-02',3,5000.00,20.00,5,0.00,'2019-01-02',0,0,0.00,0.00,0.00,0,0,0.00,2000,0.00,0.00,0.00,0,NULL,NULL,'17','2019-01-25 23:59:29',22),('HK/DLX/R/CFA/304/0504',14,22,2,453,'2019-01-26',0.00,2,1,'2019-01-02',3,5000.00,20.00,5,0.00,'2019-01-02',0,0,0.00,0.00,0.00,0,0,0.00,2000,0.00,0.00,0.00,0,NULL,NULL,'17','2019-01-26 00:00:55',22),('HK/DLX/R/CFA/305/0505',14,22,2,454,'2019-01-26',0.00,2,1,'2019-01-02',3,5000.00,20.00,5,0.00,'2019-01-02',0,0,0.00,0.00,0.00,0,0,0.00,2000,0.00,0.00,0.00,0,NULL,NULL,'17','2019-01-26 00:03:01',22),('HK/DLX/R/CFA/306/0506',14,22,2,455,'2019-01-26',0.00,2,1,'2019-01-02',3,5000.00,20.00,5,0.00,'2019-01-02',0,0,0.00,0.00,0.00,0,0,0.00,2000,0.00,0.00,0.00,0,NULL,NULL,'17','2019-01-26 00:04:28',22),('HK/DLX/R/CFA/307/0507',14,22,2,456,'2019-01-26',0.00,2,1,'2019-01-02',3,5000.00,20.00,5,0.00,'2019-01-02',0,0,0.00,0.00,0.00,0,0,0.00,2000,0.00,0.00,0.00,0,NULL,NULL,'17','2019-01-26 00:05:46',22),('HK/DLX/R/CFA/308/0508',14,22,2,457,'2019-01-26',0.00,2,1,'2019-01-02',3,5000.00,20.00,5,0.00,'2019-01-02',0,0,0.00,0.00,0.00,0,0,0.00,2000,0.00,0.00,0.00,0,NULL,NULL,'17','2019-01-26 00:08:24',22),('HK/DLX/R/CFA/309/0509',14,22,2,458,'2019-01-26',0.00,2,1,'2019-01-02',3,5000.00,20.00,5,0.00,'2019-01-02',0,0,0.00,0.00,0.00,0,0,0.00,2000,0.00,0.00,0.00,0,NULL,NULL,'17','2019-01-26 00:09:35',22),('HK/DLX/R/CFA/310/0510',14,22,2,459,'2019-01-26',0.00,2,1,'2019-01-02',3,5000.00,20.00,5,0.00,'2019-01-02',0,0,0.00,0.00,0.00,0,0,0.00,2000,0.00,0.00,0.00,0,NULL,NULL,'17','2019-01-26 00:10:31',22),('HK/DLX/R/CH/107/0854',72,22,2,275,'2018-08-28',0.00,2,1,'2018-08-28',7,52500.00,20.00,5,0.00,'2018-08-28',0,0,0.00,0.00,0.00,0,0,0.00,2000,0.00,0.00,0.00,0,NULL,NULL,'17','2019-02-07 23:14:27',22),('HK/DLX/R/CH/301/0855',72,22,2,721,'2019-02-08',0.00,2,1,'2019-02-08',7,52500.00,20.00,2,0.00,'2019-02-08',0,0,0.00,0.00,0.00,0,0,0.00,2000,0.00,0.00,0.00,0,NULL,NULL,'17','2019-02-07 23:25:36',22),('HK/DLX/R/CH/302/0856',72,22,2,722,'2019-02-08',0.00,2,1,'2019-02-08',7,52500.00,20.00,5,0.00,'2019-02-08',0,0,0.00,0.00,0.00,0,0,0.00,2000,0.00,0.00,0.00,0,NULL,NULL,'17','2019-02-07 23:28:49',22),('HK/DLX/R/CH/303/0857',72,22,2,723,'2019-02-08',0.00,2,1,'2019-02-08',7,52500.00,20.00,5,0.00,'2019-02-08',0,0,0.00,0.00,0.00,0,0,0.00,2000,0.00,0.00,0.00,0,NULL,NULL,'17','2019-02-07 23:33:26',22),('HK/DLX/R/CH/304/0858',72,22,2,724,'2019-02-08',0.00,2,1,'2019-02-08',7,52500.00,20.00,5,0.00,'2019-02-08',0,0,0.00,0.00,0.00,0,0,0.00,2000,0.00,0.00,0.00,0,NULL,NULL,'17','2019-02-07 23:38:20',22),('HK/DLX/R/CH/305/0859',72,22,2,725,'2019-02-08',0.00,2,1,'2019-02-08',7,52500.00,20.00,5,0.00,'2019-02-08',0,0,0.00,0.00,0.00,0,0,0.00,2000,0.00,0.00,0.00,0,NULL,NULL,'17','2019-02-07 23:39:42',22),('HK/DLX/R/CH/306/0860',72,22,2,726,'2019-02-08',0.00,2,1,'2019-02-08',7,52500.00,20.00,5,0.00,'2019-02-08',0,0,0.00,0.00,0.00,0,0,0.00,2000,0.00,0.00,0.00,0,NULL,NULL,'17','2019-02-07 23:40:48',22),('HK/DLX/R/CH/307/0861',72,22,2,727,'2019-02-08',0.00,2,1,'2019-02-08',7,52500.00,20.00,5,0.00,'2019-02-08',0,0,0.00,0.00,0.00,0,0,0.00,2000,0.00,0.00,0.00,0,NULL,NULL,'17','2019-02-07 23:42:37',22),('HK/DLX/R/CH/308/0862',72,22,2,728,'2019-02-08',0.00,2,1,'2019-02-08',7,52500.00,20.00,5,0.00,'2019-02-08',0,0,0.00,0.00,0.00,0,0,0.00,2000,0.00,0.00,0.00,0,NULL,NULL,'17','2019-02-07 23:44:13',22),('HK/DLX/R/CH/309/0863',72,22,2,729,'2019-02-08',0.00,2,1,'2019-02-08',7,52500.00,20.00,5,0.00,'2019-02-08',0,0,0.00,0.00,0.00,0,0,0.00,2000,0.00,0.00,0.00,0,NULL,NULL,'17','2019-02-07 23:45:16',22),('HK/DLX/R/CH/310/0864',72,22,2,730,'2019-02-08',0.00,2,1,'2019-02-08',7,52500.00,20.00,5,0.00,'2019-02-08',0,0,0.00,0.00,0.00,0,0,0.00,2000,0.00,0.00,0.00,0,NULL,NULL,'17','2019-02-07 23:47:04',22),('HK/DLX/R/COM/107/0777',334,22,2,353,'2019-01-05',0.00,2,1,'2019-01-01',3,0.00,0.00,0,0.00,'2019-01-01',0,0,0.00,0.00,0.00,0,0,0.00,2000,0.00,0.00,0.00,0,NULL,NULL,'17','2019-02-09 03:27:35',22),('HK/DLX/R/COM/301/0778',334,22,2,672,'2019-02-02',0.00,2,1,'2019-01-02',3,0.00,0.00,0,0.00,'2019-01-02',0,0,0.00,0.00,0.00,0,0,0.00,2000,0.00,0.00,0.00,0,NULL,NULL,'17','2019-02-09 03:24:51',22),('HK/DLX/R/COM/303/0780',334,22,2,673,'2019-02-02',0.00,2,1,'2019-01-02',3,0.00,0.00,0,0.00,'2019-01-02',0,0,0.00,0.00,0.00,0,0,0.00,2000,0.00,0.00,0.00,0,NULL,NULL,'17','2019-02-09 03:25:32',22),('HK/DLX/R/COM/304/0781',334,22,2,674,'2019-02-02',0.00,2,1,'2019-01-02',3,0.00,0.00,0,0.00,'2019-01-02',0,0,0.00,0.00,0.00,0,0,0.00,2000,0.00,0.00,0.00,0,NULL,NULL,'17','2019-02-09 03:26:11',22),('HK/DLX/R/COM/305/0782',334,22,2,675,'2019-02-02',0.00,2,1,'2019-01-02',3,0.00,0.00,0,0.00,'2019-01-02',0,0,0.00,0.00,0.00,0,0,0.00,2000,0.00,0.00,0.00,0,NULL,NULL,'17','2019-02-09 03:26:34',22),('HK/DLX/R/COM/306/0783',334,22,2,676,'2019-02-02',0.00,2,1,'2019-01-02',3,0.00,0.00,0,0.00,'2019-01-02',0,0,0.00,0.00,0.00,0,0,0.00,2000,0.00,0.00,0.00,0,NULL,NULL,'17','2019-02-09 03:26:55',22),('HK/DLX/R/COM/307/0784',334,22,2,677,'2019-02-02',0.00,2,1,'2019-01-02',3,0.00,0.00,0,0.00,'2019-01-02',0,0,0.00,0.00,0.00,0,0,0.00,2000,0.00,0.00,0.00,0,NULL,NULL,'17','2019-02-09 03:27:14',22),('HK/DLX/R/COM/308/0785',334,22,2,678,'2019-02-02',0.00,2,1,'2019-01-02',3,0.00,0.00,0,0.00,'2019-01-02',0,0,0.00,0.00,0.00,0,0,0.00,2000,0.00,0.00,0.00,0,NULL,NULL,'17','2019-02-09 03:30:41',22),('HK/DLX/R/COM/309/0786',334,22,2,679,'2019-02-02',0.00,2,1,'2019-01-02',3,0.00,0.00,0,0.00,'2019-01-02',0,0,0.00,0.00,0.00,0,0,0.00,2000,0.00,0.00,0.00,0,NULL,NULL,'17','2019-02-09 03:25:10',22),('HK/DLX/R/COM/310/0787',334,22,2,680,'2019-02-02',0.00,2,1,'2019-01-02',3,0.00,0.00,0,0.00,'2019-01-02',0,0,0.00,0.00,0.00,0,0,0.00,2000,0.00,0.00,0.00,0,NULL,NULL,'17','2019-02-09 03:25:51',22),('HK/DLX/R/DBL/107/0566',70,22,2,273,'2018-08-26',0.00,2,1,'2018-08-26',7,29000.00,33.00,3,0.00,'2018-08-26',0,0,0.00,0.00,0.00,0,0,0.00,2000,0.00,0.00,0.00,0,NULL,NULL,'17','2019-01-26 23:58:18',22),('HK/DLX/R/DBL/301/0567',70,22,2,490,'2019-01-27',0.00,2,1,'2019-01-02',3,29000.00,33.00,3,0.00,'2019-01-02',0,0,0.00,0.00,0.00,0,0,0.00,2000,0.00,0.00,0.00,0,NULL,NULL,'17','2019-01-26 23:59:33',22),('HK/DLX/R/DBL/302/0568',70,22,2,491,'2019-01-27',0.00,2,1,'2019-01-02',3,29000.00,33.00,3,0.00,'2019-01-02',0,0,0.00,0.00,0.00,0,0,0.00,2000,0.00,0.00,0.00,0,NULL,NULL,'17','2019-01-27 00:02:46',22),('HK/DLX/R/DBL/303/0569',70,22,2,492,'2019-01-27',0.00,2,1,'2019-01-02',3,29000.00,33.00,3,0.00,'2019-01-02',0,0,0.00,0.00,0.00,0,0,0.00,2000,0.00,0.00,0.00,0,NULL,NULL,'17','2019-01-27 00:03:47',22),('HK/DLX/R/DBL/304/0570',70,22,2,493,'2019-01-27',0.00,2,1,'2019-01-02',3,29000.00,33.00,3,0.00,'2019-01-02',0,0,0.00,0.00,0.00,0,0,0.00,2000,0.00,0.00,0.00,0,NULL,NULL,'17','2019-01-27 00:04:38',22),('HK/DLX/R/DBL/305/0571',70,22,2,494,'2019-01-27',0.00,2,1,'2019-01-02',3,29000.00,33.00,3,0.00,'2019-01-02',0,0,0.00,0.00,0.00,0,0,0.00,2000,0.00,0.00,0.00,0,NULL,NULL,'17','2019-01-27 00:05:40',22),('HK/DLX/R/DBL/306/0572',70,22,2,495,'2019-01-27',0.00,2,1,'2019-01-02',3,29000.00,33.00,3,0.00,'2019-01-02',0,0,0.00,0.00,0.00,0,0,0.00,2000,0.00,0.00,0.00,0,NULL,NULL,'17','2019-01-27 00:07:37',22),('HK/DLX/R/DBL/307/0573',70,22,2,496,'2019-01-27',0.00,2,1,'2019-01-02',3,29000.00,33.00,3,0.00,'2019-01-02',0,0,0.00,0.00,0.00,0,0,0.00,2000,0.00,0.00,0.00,0,NULL,NULL,'17','2019-01-27 00:09:22',22),('HK/DLX/R/DBL/308/0574',70,22,2,497,'2019-01-27',0.00,2,1,'2019-01-02',3,29000.00,33.00,3,0.00,'2019-01-02',0,0,0.00,0.00,0.00,0,0,0.00,2000,0.00,0.00,0.00,0,NULL,NULL,'17','2019-01-27 00:10:12',22),('HK/DLX/R/DBL/309/0575',70,22,2,498,'2019-01-27',0.00,2,1,'2019-01-02',3,29000.00,33.00,3,0.00,'2019-01-02',0,0,0.00,0.00,0.00,0,0,0.00,2000,0.00,0.00,0.00,0,NULL,NULL,'17','2019-01-27 00:11:59',22),('HK/DLX/R/DBL/310/0576',70,22,2,499,'2019-01-27',0.00,2,1,'2019-01-02',3,29000.00,33.00,3,0.00,'2019-01-02',0,0,0.00,0.00,0.00,0,0,0.00,2000,0.00,0.00,0.00,0,NULL,NULL,'17','2019-01-27 00:13:30',22),('HK/DLX/R/DL/107/8001',58,22,2,265,'2018-08-25',0.00,2,1,'2018-08-25',7,128155.00,20.00,5,0.00,'2018-08-25',0,0,0.00,0.00,0.00,0,0,0.00,2000,0.00,0.00,0.00,0,NULL,NULL,'17','2019-01-07 02:03:06',22),('HK/DLX/R/DL/301/8000',58,22,2,326,'2018-12-13',0.00,2,1,'2018-12-01',3,128155.00,20.00,5,0.00,'2018-12-01',0,0,0.00,0.00,0.00,0,0,0.00,2000,0.00,0.00,0.00,0,NULL,NULL,'17','2019-01-07 02:04:34',22),('HK/DLX/R/DL/302/8002',58,22,2,360,'2019-01-07',0.00,2,1,'2019-01-01',3,128155.00,20.00,5,0.00,'2019-01-01',0,0,0.00,0.00,0.00,0,0,0.00,2000,0.00,0.00,0.00,0,NULL,NULL,'17','2019-01-07 02:07:04',22),('HK/DLX/R/DL/303/8003',58,22,2,361,'2019-01-07',0.00,2,1,'2019-01-01',3,128155.00,20.00,5,0.00,'2019-01-01',0,0,0.00,0.00,0.00,0,0,0.00,2000,0.00,0.00,0.00,0,NULL,NULL,'17','2019-01-07 02:09:02',22),('HK/DLX/R/DL/304/8004',58,22,2,362,'2019-01-07',0.00,2,1,'2019-01-01',3,128155.00,20.00,5,0.00,'2019-01-01',0,0,0.00,0.00,0.00,0,0,0.00,2000,0.00,0.00,0.00,0,NULL,NULL,'17','2019-01-07 02:10:56',22),('HK/DLX/R/DL/305/8005',58,22,2,363,'2019-01-07',0.00,2,1,'2019-01-01',3,128155.00,20.00,5,0.00,'2019-01-01',0,0,0.00,0.00,0.00,0,0,0.00,2000,0.00,0.00,0.00,0,NULL,NULL,'17','2019-01-07 02:13:06',22),('HK/DLX/R/DL/306/8006',58,22,2,364,'2019-01-07',0.00,2,1,'2019-01-01',3,128155.00,20.00,5,0.00,'2019-01-01',0,0,0.00,0.00,0.00,0,0,0.00,2000,0.00,0.00,0.00,0,NULL,NULL,'17','2019-01-07 02:14:38',22),('HK/DLX/R/DL/307/8007',58,22,2,368,'2019-01-07',0.00,2,1,'2019-01-01',3,128155.00,20.00,5,0.00,'2019-01-01',0,0,0.00,0.00,0.00,0,0,0.00,2000,0.00,0.00,0.00,0,NULL,NULL,'17','2019-01-07 02:31:04',22),('HK/DLX/R/DL/308/8008',58,22,2,365,'2019-01-07',0.00,2,1,'2019-01-01',3,128155.00,20.00,5,0.00,'2019-01-01',0,0,0.00,0.00,0.00,0,0,0.00,2000,0.00,0.00,0.00,0,NULL,NULL,'17','2019-01-07 02:17:39',22),('HK/DLX/R/DL/309/8009',58,22,2,366,'2019-01-07',0.00,2,1,'2019-01-01',3,128155.00,20.00,5,0.00,'2019-01-01',0,0,0.00,0.00,0.00,0,0,0.00,2000,0.00,0.00,0.00,0,NULL,NULL,'17','2019-01-07 02:21:56',22),('HK/DLX/R/DL/310/8010',58,22,2,367,'2019-01-07',0.00,2,1,'2019-01-01',3,128155.00,20.00,5,0.00,'2019-01-01',0,0,0.00,0.00,0.00,0,0,0.00,2000,0.00,0.00,0.00,0,NULL,NULL,'17','2019-01-07 02:26:14',22),('HK/DLX/R/DLS/9400',329,22,2,343,'2018-12-28',0.00,2,1,'2018-12-01',1,0.00,0.00,0,0.00,'2018-12-01',0,0,0.00,0.00,0.00,0,0,0.00,2000,0.00,0.00,0.00,0,NULL,NULL,'17','2018-12-28 00:13:04',22),('HK/DLX/R/DT/107/0533',64,22,2,269,'2018-08-25',0.00,2,1,'2018-08-25',7,83375.00,20.00,5,0.00,'2018-08-25',0,0,0.00,0.00,0.00,0,0,0.00,2000,0.00,0.00,0.00,0,NULL,NULL,'17','2019-01-26 03:00:58',22),('HK/DLX/R/DT/301/0534',64,22,2,460,'2019-01-26',0.00,2,1,'2019-01-02',3,83375.00,20.00,5,0.00,'2019-01-02',0,0,0.00,0.00,0.00,0,0,0.00,2000,0.00,0.00,0.00,0,NULL,NULL,'17','2019-01-26 03:07:11',22),('HK/DLX/R/DT/302/0535',64,22,2,461,'2019-01-26',0.00,2,1,'2019-01-02',3,83375.00,20.00,5,0.00,'2019-01-02',0,0,0.00,0.00,0.00,0,0,0.00,2000,0.00,0.00,0.00,0,NULL,NULL,'17','2019-01-26 03:09:34',22),('HK/DLX/R/DT/303/0536',64,22,2,462,'2019-01-26',0.00,2,1,'2019-01-02',3,83375.00,20.00,5,0.00,'2019-01-02',0,0,0.00,0.00,0.00,0,0,0.00,2000,0.00,0.00,0.00,0,NULL,NULL,'17','2019-01-26 03:10:26',22),('HK/DLX/R/DT/304/0537',64,22,2,463,'2019-01-26',0.00,2,1,'2019-01-02',3,83375.00,20.00,5,0.00,'2019-01-02',0,0,0.00,0.00,0.00,0,0,0.00,2000,0.00,0.00,0.00,0,NULL,NULL,'17','2019-01-26 03:12:03',22),('HK/DLX/R/DT/305/0538',64,22,2,464,'2019-01-26',0.00,2,1,'2019-01-02',3,83375.00,20.00,5,0.00,'2019-01-02',0,0,0.00,0.00,0.00,0,0,0.00,2000,0.00,0.00,0.00,0,NULL,NULL,'17','2019-01-26 03:12:50',22),('HK/DLX/R/DT/306/0539',64,22,2,465,'2019-01-26',0.00,2,1,'2019-01-02',3,83375.00,20.00,5,0.00,'2019-01-02',0,0,0.00,0.00,0.00,0,0,0.00,2000,0.00,0.00,0.00,0,NULL,NULL,'17','2019-01-26 03:13:45',22),('HK/DLX/R/DT/307/0540',64,22,2,466,'2019-01-26',0.00,2,1,'2019-01-02',3,83375.00,20.00,5,0.00,'2019-01-02',0,0,0.00,0.00,0.00,0,0,0.00,2000,0.00,0.00,0.00,0,NULL,NULL,'17','2019-01-26 03:14:56',22),('HK/DLX/R/DT/308/0541',64,22,2,467,'2019-01-26',0.00,2,1,'2019-01-02',3,83375.00,20.00,5,0.00,'2019-01-02',0,0,0.00,0.00,0.00,0,0,0.00,2000,0.00,0.00,0.00,0,NULL,NULL,'17','2019-01-26 03:15:58',22),('HK/DLX/R/DT/309/0542',64,22,2,468,'2019-01-26',0.00,2,1,'2019-01-02',3,83375.00,20.00,5,0.00,'2019-01-02',0,0,0.00,0.00,0.00,0,0,0.00,2000,0.00,0.00,0.00,0,NULL,NULL,'17','2019-01-26 03:16:34',22),('HK/DLX/R/DT/310/0543',64,22,2,469,'2019-01-26',0.00,2,1,'2019-01-02',3,83375.00,20.00,5,0.00,'2019-01-02',0,0,0.00,0.00,0.00,0,0,0.00,2000,0.00,0.00,0.00,0,NULL,NULL,'17','2019-01-26 03:18:37',22),('HK/DLX/R/EF/10500',343,22,2,354,'2019-01-05',0.00,2,1,'2019-01-01',3,0.00,0.00,0,0.00,'2019-01-01',0,0,0.00,0.00,0.00,0,0,0.00,2000,0.00,0.00,0.00,0,NULL,NULL,'17','2019-01-05 02:02:28',22),('HK/DLX/R/ES/9300',342,22,2,341,'2018-12-27',0.00,2,1,'2018-12-01',1,0.00,0.00,0,0.00,'2018-12-01',0,0,0.00,0.00,0.00,0,0,0.00,2000,0.00,0.00,0.00,0,NULL,NULL,'17','2018-12-27 04:47:21',22),('HK/DLX/R/HAID/107/0689',87,22,2,284,'2018-08-28',0.00,2,1,'2018-08-28',3,15207.00,33.00,3,0.00,'2018-08-28',0,0,0.00,0.00,0.00,0,0,0.00,2000,0.00,0.00,0.00,0,NULL,NULL,'17','2019-01-27 07:12:30',22),('HK/DLX/R/HAID/301/0690',87,22,2,612,'2019-01-27',0.00,2,1,'2019-01-02',3,15207.00,33.00,3,0.00,'2019-01-02',0,0,0.00,0.00,0.00,0,0,0.00,2000,0.00,0.00,0.00,0,NULL,NULL,'17','2019-01-27 07:13:39',22),('HK/DLX/R/HAID/302/0691',87,22,2,613,'2019-01-27',0.00,2,1,'2019-01-02',3,15207.00,33.00,3,0.00,'2019-01-02',0,0,0.00,0.00,0.00,0,0,0.00,2000,0.00,0.00,0.00,0,NULL,NULL,'17','2019-01-27 07:15:31',22),('HK/DLX/R/HAID/303/0692',87,22,2,614,'2019-01-27',0.00,2,1,'2019-01-02',3,15207.00,33.00,3,0.00,'2019-01-02',0,0,0.00,0.00,0.00,0,0,0.00,2000,0.00,0.00,0.00,0,NULL,NULL,'17','2019-01-27 07:16:31',22),('HK/DLX/R/HAID/304/0693',87,22,2,615,'2019-01-27',0.00,2,1,'2019-01-02',3,15207.00,33.00,3,0.00,'2019-01-02',0,0,0.00,0.00,0.00,0,0,0.00,2000,0.00,0.00,0.00,0,NULL,NULL,'17','2019-01-27 07:17:31',22),('HK/DLX/R/HAID/305/0694',87,22,2,616,'2019-01-27',0.00,2,1,'2019-01-02',3,15207.00,33.00,3,0.00,'2019-01-02',0,0,0.00,0.00,0.00,0,0,0.00,2000,0.00,0.00,0.00,0,NULL,NULL,'17','2019-01-27 07:18:26',22),('HK/DLX/R/HAID/306/0695',87,22,2,617,'2019-01-27',0.00,2,1,'2019-01-02',3,15207.00,33.00,3,0.00,'2019-01-02',0,0,0.00,0.00,0.00,0,0,0.00,2000,0.00,0.00,0.00,0,NULL,NULL,'17','2019-01-27 07:19:24',22),('HK/DLX/R/HAID/307/0696',87,22,2,618,'2019-01-27',0.00,2,1,'2019-01-02',3,15207.00,33.00,3,0.00,'2019-01-02',0,0,0.00,0.00,0.00,0,0,0.00,2000,0.00,0.00,0.00,0,NULL,NULL,'17','2019-01-27 07:20:26',22),('HK/DLX/R/HAID/308/0697',87,22,2,619,'2019-01-27',0.00,2,1,'2019-01-02',3,15207.00,33.00,3,0.00,'2019-01-02',0,0,0.00,0.00,0.00,0,0,0.00,2000,0.00,0.00,0.00,0,NULL,NULL,'17','2019-01-27 07:21:23',22),('HK/DLX/R/HAID/309/0698',87,22,2,620,'2019-01-27',0.00,2,1,'2019-01-02',3,15207.00,33.00,3,0.00,'2019-01-02',0,0,0.00,0.00,0.00,0,0,0.00,2000,0.00,0.00,0.00,0,NULL,NULL,'17','2019-01-27 07:22:20',22),('HK/DLX/R/HAID/310/0699',87,22,2,621,'2019-01-27',0.00,2,1,'2019-01-02',3,15207.00,33.00,3,0.00,'2019-01-02',0,0,0.00,0.00,0.00,0,0,0.00,2000,0.00,0.00,0.00,0,NULL,NULL,'17','2019-01-27 07:23:09',22),('HK/DLX/R/HB/107/0821',69,22,2,272,'2018-08-26',0.00,2,1,'2018-08-26',7,179275.00,20.00,5,0.00,'2018-08-26',0,0,0.00,0.00,0.00,0,0,0.00,2000,0.00,0.00,0.00,0,NULL,NULL,'17','2019-02-07 00:15:05',22),('HK/DLX/R/HB/301/0822',69,22,2,691,'2019-02-07',0.00,2,1,'2019-02-07',7,179275.00,20.00,5,0.00,'2019-02-07',0,0,0.00,0.00,0.00,0,0,0.00,2000,0.00,0.00,0.00,0,NULL,NULL,'17','2019-02-07 00:16:22',22),('HK/DLX/R/HB/302/0823',69,22,2,692,'2019-02-07',0.00,2,1,'2019-02-07',7,179275.00,20.00,5,0.00,'2019-02-07',0,0,0.00,0.00,0.00,0,0,0.00,2000,0.00,0.00,0.00,0,NULL,NULL,'17','2019-02-07 00:17:37',22),('HK/DLX/R/HB/303/0824',69,22,2,693,'2019-02-07',0.00,2,1,'2019-02-07',7,179275.00,20.00,5,0.00,'2019-02-07',0,0,0.00,0.00,0.00,0,0,0.00,2000,0.00,0.00,0.00,0,NULL,NULL,'17','2019-02-07 00:27:13',22),('HK/DLX/R/HB/304/0825',69,22,2,694,'2019-02-07',0.00,2,1,'2019-02-07',7,179275.00,20.00,5,0.00,'2019-02-07',0,0,0.00,0.00,0.00,0,0,0.00,2000,0.00,0.00,0.00,0,NULL,NULL,'17','2019-02-07 00:29:31',22),('HK/DLX/R/HB/305/0826',69,22,2,695,'2019-02-07',0.00,2,1,'2019-02-07',7,179275.00,20.00,5,0.00,'2019-02-07',0,0,0.00,0.00,0.00,0,0,0.00,2000,0.00,0.00,0.00,0,NULL,NULL,'17','2019-02-07 00:30:51',22),('HK/DLX/R/HB/306/0827',69,22,2,696,'2019-02-07',0.00,2,1,'2019-02-07',7,179275.00,20.00,5,0.00,'2019-02-07',0,0,0.00,0.00,0.00,0,0,0.00,2000,0.00,0.00,0.00,0,NULL,NULL,'17','2019-02-07 00:32:20',22),('HK/DLX/R/HB/307/0828',69,22,2,697,'2019-02-07',0.00,2,1,'2019-02-07',7,179275.00,20.00,5,0.00,'2019-02-07',0,0,0.00,0.00,0.00,0,0,0.00,2000,0.00,0.00,0.00,0,NULL,NULL,'17','2019-02-07 00:33:55',22),('HK/DLX/R/HB/308/0829',69,22,2,698,'2019-02-07',0.00,2,1,'2019-02-07',7,179275.00,20.00,5,0.00,'2019-02-07',0,0,0.00,0.00,0.00,0,0,0.00,2000,0.00,0.00,0.00,0,NULL,NULL,'17','2019-02-07 00:37:30',22),('HK/DLX/R/HB/309/0830',69,22,2,699,'2019-02-07',0.00,2,1,'2019-02-07',7,179275.00,20.00,5,0.00,'2019-02-07',0,0,0.00,0.00,0.00,0,0,0.00,2000,0.00,0.00,0.00,0,NULL,NULL,'17','2019-02-07 00:38:50',22),('HK/DLX/R/HB/310/0831',69,22,2,700,'2019-02-07',0.00,2,1,'2019-02-07',7,179275.00,20.00,5,0.00,'2019-02-07',0,0,0.00,0.00,0.00,0,0,0.00,2000,0.00,0.00,0.00,0,NULL,NULL,'17','2019-02-07 00:40:16',22),('HK/DLX/R/HSW/107/0678',85,22,2,351,'2019-01-05',0.00,2,1,'2019-01-01',3,37792.00,20.00,5,0.00,'2019-01-01',0,0,0.00,0.00,0.00,0,0,0.00,2000,0.00,0.00,0.00,0,NULL,NULL,'17','2019-01-27 06:39:44',22),('HK/DLX/R/HSW/301/0679',85,22,2,349,'2019-01-05',0.00,2,1,'2019-01-01',11,37792.00,20.00,5,0.00,'2019-01-01',0,0,0.00,0.00,0.00,0,0,0.00,2000,0.00,0.00,0.00,0,NULL,NULL,'17','2019-01-27 06:41:00',22),('HK/DLX/R/HSW/302/0680',85,22,2,603,'2019-01-27',0.00,2,1,'2019-01-02',3,37792.00,20.00,5,0.00,'2019-01-02',0,0,0.00,0.00,0.00,0,0,0.00,2000,0.00,0.00,0.00,0,NULL,NULL,'17','2019-01-27 06:42:46',22),('HK/DLX/R/HSW/303/0681',85,22,2,604,'2019-01-27',0.00,2,1,'2019-01-02',3,37792.00,20.00,5,0.00,'2019-01-02',0,0,0.00,0.00,0.00,0,0,0.00,2000,0.00,0.00,0.00,0,NULL,NULL,'17','2019-01-27 06:44:16',22),('HK/DLX/R/HSW/304/0682',85,22,2,605,'2019-01-27',0.00,2,1,'2019-01-02',3,37792.00,20.00,5,0.00,'2019-01-02',0,0,0.00,0.00,0.00,0,0,0.00,2000,0.00,0.00,0.00,0,NULL,NULL,'17','2019-01-27 06:46:34',22),('HK/DLX/R/HSW/305/0683',85,22,2,606,'2019-01-27',0.00,2,1,'2019-01-02',3,37792.00,20.00,5,0.00,'2019-01-02',0,0,0.00,0.00,0.00,0,0,0.00,2000,0.00,0.00,0.00,0,NULL,NULL,'17','2019-01-27 06:47:38',22),('HK/DLX/R/HSW/306/0684',85,22,2,607,'2019-01-27',0.00,2,1,'2019-01-02',3,37792.00,20.00,5,0.00,'2019-01-02',0,0,0.00,0.00,0.00,0,0,0.00,2000,0.00,0.00,0.00,0,NULL,NULL,'17','2019-01-27 06:52:33',22),('HK/DLX/R/HSW/307/0685',85,22,2,608,'2019-01-27',0.00,2,1,'2019-01-02',3,37792.00,20.00,5,0.00,'2019-01-02',0,0,0.00,0.00,0.00,0,0,0.00,2000,0.00,0.00,0.00,0,NULL,NULL,'17','2019-01-27 06:53:34',22),('HK/DLX/R/HSW/308/0686',85,22,2,609,'2019-01-27',0.00,2,1,'2019-01-02',3,37792.00,20.00,5,0.00,'2019-01-02',0,0,0.00,0.00,0.00,0,0,0.00,2000,0.00,0.00,0.00,0,NULL,NULL,'17','2019-01-27 06:54:27',22),('HK/DLX/R/HSW/309/0687',85,22,2,610,'2019-01-27',0.00,2,1,'2019-01-02',3,37792.00,20.00,5,0.00,'2019-01-02',0,0,0.00,0.00,0.00,0,0,0.00,2000,0.00,0.00,0.00,0,NULL,NULL,'17','2019-01-27 06:55:25',22),('HK/DLX/R/HSW/310/0688',85,22,2,611,'2019-01-27',0.00,2,1,'2019-01-02',3,37792.00,20.00,5,0.00,'2019-01-02',0,0,0.00,0.00,0.00,0,0,0.00,2000,0.00,0.00,0.00,0,NULL,NULL,'17','2019-01-27 06:56:17',22),('HK/DLX/R/INPLU/8700',325,22,2,335,'2018-12-18',0.00,2,1,'2018-12-01',3,0.00,0.00,0,0.00,'2018-12-01',0,0,0.00,0.00,0.00,0,0,0.00,2000,0.00,0.00,0.00,0,NULL,NULL,'17','2018-12-18 04:02:20',22),('HK/DLX/R/KET/107/0865',341,22,2,340,'2018-12-27',0.00,2,1,'2018-12-01',1,0.00,0.00,0,0.00,'2018-12-01',0,0,0.00,0.00,0.00,0,0,0.00,2000,0.00,0.00,0.00,0,NULL,NULL,'17','2019-02-07 23:58:17',22),('HK/DLX/R/KET/301/0866',341,22,2,731,'2019-02-08',0.00,2,1,'2019-02-08',1,0.00,0.00,0,0.00,'2019-02-08',0,0,0.00,0.00,0.00,0,0,0.00,2000,0.00,0.00,0.00,0,NULL,NULL,'17','2019-02-08 01:55:41',22),('HK/DLX/R/KET/302/0867',341,22,2,732,'2019-02-08',0.00,2,1,'2019-02-08',1,0.00,0.00,0,0.00,'2019-02-08',0,0,0.00,0.00,0.00,0,0,0.00,2000,0.00,0.00,0.00,0,NULL,NULL,'17','2019-02-08 02:03:17',22),('HK/DLX/R/KET/303/0868',341,22,2,733,'2019-02-08',0.00,2,1,'2019-02-08',1,0.00,0.00,0,0.00,'2019-02-08',0,0,0.00,0.00,0.00,0,0,0.00,2000,0.00,0.00,0.00,0,NULL,NULL,'17','2019-02-08 02:05:05',22),('HK/DLX/R/KET/304/0869',341,22,2,734,'2019-02-08',0.00,2,1,'2019-02-08',1,0.00,0.00,0,0.00,'2019-02-08',0,0,0.00,0.00,0.00,0,0,0.00,2000,0.00,0.00,0.00,0,NULL,NULL,'17','2019-02-08 02:43:43',22),('HK/DLX/R/KET/305/0870',341,22,2,735,'2019-02-08',0.00,2,1,'2019-02-08',1,0.00,0.00,0,0.00,'2019-02-08',0,0,0.00,0.00,0.00,0,0,0.00,2000,0.00,0.00,0.00,0,NULL,NULL,'17','2019-02-08 02:45:11',22),('HK/DLX/R/KET/306/0871',341,22,2,736,'2019-02-08',0.00,2,1,'2019-02-08',1,0.00,0.00,0,0.00,'2019-02-08',0,0,0.00,0.00,0.00,0,0,0.00,2000,0.00,0.00,0.00,0,NULL,NULL,'17','2019-02-08 02:46:34',22),('HK/DLX/R/KET/307//0872',341,22,2,737,'2019-02-08',0.00,2,1,'2019-02-08',1,0.00,0.00,0,0.00,'2019-02-08',0,0,0.00,0.00,0.00,0,0,0.00,2000,0.00,0.00,0.00,0,NULL,NULL,'17','2019-02-08 02:48:18',22),('HK/DLX/R/KET/308/0873',341,22,2,738,'2019-02-08',0.00,2,1,'2019-02-08',1,0.00,0.00,0,0.00,'2019-02-08',0,0,0.00,0.00,0.00,0,0,0.00,2000,0.00,0.00,0.00,0,NULL,NULL,'17','2019-02-08 02:49:54',22),('HK/DLX/R/KET/309/0874',341,22,2,739,'2019-02-08',0.00,2,1,'2019-02-08',1,0.00,0.00,0,0.00,'2019-02-08',0,0,0.00,0.00,0.00,0,0,0.00,2000,0.00,0.00,0.00,0,NULL,NULL,'17','2019-02-08 02:51:50',22),('HK/DLX/R/KET/310/0875',341,22,2,740,'2019-02-08',0.00,2,1,'2019-02-08',1,0.00,0.00,0,0.00,'2019-02-08',0,0,0.00,0.00,0.00,0,0,0.00,2000,0.00,0.00,0.00,0,NULL,NULL,'17','2019-02-08 02:53:56',22),('HK/DLX/R/MD/107/8050',59,22,2,266,'2018-08-25',0.00,2,1,'2018-08-25',7,31800.00,20.00,5,0.00,'2018-08-25',0,0,0.00,0.00,0.00,0,0,0.00,2000,0.00,0.00,0.00,0,NULL,NULL,'17','2019-01-07 02:46:25',22),('HK/DLX/R/MD/301/8051',59,22,2,369,'2019-01-07',0.00,2,1,'2019-01-01',5,31800.00,20.00,5,0.00,'2019-01-01',0,0,0.00,0.00,0.00,0,0,0.00,2000,0.00,0.00,0.00,0,NULL,NULL,'17','2019-01-07 02:49:08',22),('HK/DLX/R/MD/302/8052',59,22,2,370,'2019-01-07',0.00,2,1,'2019-01-01',5,31800.00,20.00,5,0.00,'2019-01-01',0,0,0.00,0.00,0.00,0,0,0.00,2000,0.00,0.00,0.00,0,NULL,NULL,'17','2019-01-07 02:52:25',22),('HK/DLX/R/MD/303/8053',59,22,2,371,'2019-01-07',0.00,2,1,'2019-01-01',5,31800.00,20.00,5,0.00,'2019-01-01',0,0,0.00,0.00,0.00,0,0,0.00,2000,0.00,0.00,0.00,0,NULL,NULL,'17','2019-01-07 02:56:39',22),('HK/DLX/R/MD/304/8054',59,22,2,372,'2019-01-07',0.00,2,1,'2019-01-01',5,31800.00,20.00,5,0.00,'2019-01-01',0,0,0.00,0.00,0.00,0,0,0.00,2000,0.00,0.00,0.00,0,NULL,NULL,'17','2019-01-07 04:00:39',22),('HK/DLX/R/MD/305/8055',59,22,2,373,'2019-01-07',0.00,2,1,'2019-01-01',5,31800.00,20.00,5,0.00,'2019-01-01',0,0,0.00,0.00,0.00,0,0,0.00,2000,0.00,0.00,0.00,0,NULL,NULL,'17','2019-01-07 04:02:36',22),('HK/DLX/R/MD/306/8056',59,22,2,374,'2019-01-07',0.00,2,1,'2019-01-01',5,31800.00,20.00,5,0.00,'2019-01-01',0,0,0.00,0.00,0.00,0,0,0.00,2000,0.00,0.00,0.00,0,NULL,NULL,'17','2019-01-07 04:04:16',22),('HK/DLX/R/MD/307/8057',59,22,2,375,'2019-01-07',0.00,2,1,'2019-01-01',5,31800.00,20.00,5,0.00,'2019-01-01',0,0,0.00,0.00,0.00,0,0,0.00,2000,0.00,0.00,0.00,0,NULL,NULL,'17','2019-01-07 04:06:33',22),('HK/DLX/R/MD/308/8058',59,22,2,376,'2019-01-07',0.00,2,1,'2019-01-01',5,31800.00,20.00,5,0.00,'2019-01-01',0,0,0.00,0.00,0.00,0,0,0.00,2000,0.00,0.00,0.00,0,NULL,NULL,'17','2019-01-07 04:08:54',22),('HK/DLX/R/MD/309/8059',59,22,2,377,'2019-01-07',0.00,2,1,'2019-01-01',5,31800.00,20.00,5,0.00,'2019-01-01',0,0,0.00,0.00,0.00,0,0,0.00,2000,0.00,0.00,0.00,0,NULL,NULL,'17','2019-01-07 04:11:49',22),('HK/DLX/R/MD/310/8060',59,22,2,378,'2019-01-07',0.00,2,1,'2019-01-01',5,31800.00,20.00,5,0.00,'2019-01-01',0,0,0.00,0.00,0.00,0,0,0.00,2000,0.00,0.00,0.00,0,NULL,NULL,'17','2019-01-07 04:13:54',22),('HK/DLX/R/MF/107/0744',323,22,2,332,'2018-12-17',0.00,2,1,'2018-12-01',3,0.00,0.00,0,0.00,'2018-12-01',0,0,0.00,0.00,0.00,0,0,0.00,2000,0.00,0.00,0.00,0,NULL,NULL,'17','2019-01-28 23:14:12',22),('HK/DLX/R/MF/301/0745',323,22,2,642,'2019-01-29',0.00,2,1,'2019-01-02',3,0.00,0.00,0,0.00,'2019-01-02',0,0,0.00,0.00,0.00,0,0,0.00,2000,0.00,0.00,0.00,0,NULL,NULL,'17','2019-01-28 23:15:42',22),('HK/DLX/R/MF/302/0746',323,22,2,643,'2019-01-29',0.00,2,1,'2019-01-02',3,0.00,0.00,0,0.00,'2019-01-02',0,0,0.00,0.00,0.00,0,0,0.00,2000,0.00,0.00,0.00,0,NULL,NULL,'17','2019-01-28 23:16:46',22),('HK/DLX/R/MF/303/0747',323,22,2,644,'2019-01-29',0.00,2,1,'2019-01-02',3,0.00,0.00,0,0.00,'2019-01-02',0,0,0.00,0.00,0.00,0,0,0.00,2000,0.00,0.00,0.00,0,NULL,NULL,'17','2019-01-28 23:18:07',22),('HK/DLX/R/MF/304/0748',323,22,2,645,'2019-01-29',0.00,2,1,'2019-01-02',3,0.00,0.00,0,0.00,'2019-01-02',0,0,0.00,0.00,0.00,0,0,0.00,2000,0.00,0.00,0.00,0,NULL,NULL,'17','2019-01-28 23:19:07',22),('HK/DLX/R/MF/305/0749',323,22,2,646,'2019-01-29',0.00,2,1,'2019-01-02',3,0.00,0.00,0,0.00,'2019-01-02',0,0,0.00,0.00,0.00,0,0,0.00,2000,0.00,0.00,0.00,0,NULL,NULL,'17','2019-01-28 23:20:09',22),('HK/DLX/R/MF/306/0750',323,22,2,647,'2019-01-29',0.00,2,1,'2019-01-02',3,0.00,0.00,0,0.00,'2019-01-02',0,0,0.00,0.00,0.00,0,0,0.00,2000,0.00,0.00,0.00,0,NULL,NULL,'17','2019-01-28 23:21:05',22),('HK/DLX/R/MF/307/0751',323,22,2,648,'2019-01-29',0.00,2,1,'2019-01-02',3,0.00,0.00,0,0.00,'2019-01-02',0,0,0.00,0.00,0.00,0,0,0.00,2000,0.00,0.00,0.00,0,NULL,NULL,'17','2019-01-28 23:21:55',22),('HK/DLX/R/MF/308/0752',323,22,2,649,'2019-01-29',0.00,2,1,'2019-01-02',3,0.00,0.00,0,0.00,'2019-01-02',0,0,0.00,0.00,0.00,0,0,0.00,2000,0.00,0.00,0.00,0,NULL,NULL,'17','2019-01-28 23:23:08',22),('HK/DLX/R/MF/309/0753',323,22,2,650,'2019-01-29',0.00,2,1,'2019-01-02',3,0.00,0.00,0,0.00,'2019-01-02',0,0,0.00,0.00,0.00,0,0,0.00,2000,0.00,0.00,0.00,0,NULL,NULL,'17','2019-01-28 23:24:24',22),('HK/DLX/R/MF/310/0754',323,22,2,651,'2019-01-29',0.00,2,1,'2019-01-02',3,0.00,0.00,0,0.00,'2019-01-02',0,0,0.00,0.00,0.00,0,0,0.00,2000,0.00,0.00,0.00,0,NULL,NULL,'17','2019-01-28 23:25:12',22),('HK/DLX/R/MIR/107/0544',65,22,2,270,'2018-08-25',0.00,2,1,'2018-08-25',7,16412.00,20.00,5,0.00,'2018-08-25',0,0,0.00,0.00,0.00,0,0,0.00,2000,0.00,0.00,0.00,0,NULL,NULL,'17','2019-01-26 07:40:34',22),('HK/DLX/R/MIR/301/0545',65,22,2,470,'2019-01-26',0.00,2,1,'2019-01-02',3,16412.00,20.00,5,0.00,'2019-01-02',0,0,0.00,0.00,0.00,0,0,0.00,2000,0.00,0.00,0.00,0,NULL,NULL,'17','2019-01-26 07:42:07',22),('HK/DLX/R/MIR/302/0546',65,22,2,471,'2019-01-26',0.00,2,1,'2019-01-02',3,16412.00,20.00,5,0.00,'2019-01-02',0,0,0.00,0.00,0.00,0,0,0.00,2000,0.00,0.00,0.00,0,NULL,NULL,'17','2019-01-26 07:43:03',22),('HK/DLX/R/MIR/303/0547',65,22,2,472,'2019-01-26',0.00,2,1,'2019-01-02',3,16412.00,20.00,5,0.00,'2019-01-02',0,0,0.00,0.00,0.00,0,0,0.00,2000,0.00,0.00,0.00,0,NULL,NULL,'17','2019-01-26 07:44:02',22),('HK/DLX/R/MIR/304/0548',65,22,2,473,'2019-01-26',0.00,2,1,'2019-01-02',3,16412.00,20.00,5,0.00,'2019-01-02',0,0,0.00,0.00,0.00,0,0,0.00,2000,0.00,0.00,0.00,0,NULL,NULL,'17','2019-01-26 07:44:46',22),('HK/DLX/R/MIR/305/0549',65,22,2,474,'2019-01-26',0.00,2,1,'2019-01-02',3,16412.00,20.00,5,0.00,'2019-01-02',0,0,0.00,0.00,0.00,0,0,0.00,2000,0.00,0.00,0.00,0,NULL,NULL,'17','2019-01-26 07:46:19',22),('HK/DLX/R/MIR/306/0550',65,22,2,475,'2019-01-26',0.00,2,1,'2019-01-02',3,16412.00,20.00,5,0.00,'2019-01-02',0,0,0.00,0.00,0.00,0,0,0.00,2000,0.00,0.00,0.00,0,NULL,NULL,'17','2019-01-26 07:47:27',22),('HK/DLX/R/MIR/307/0551',65,22,2,476,'2019-01-26',0.00,2,1,'2019-01-02',3,16412.00,20.00,5,0.00,'2019-01-02',0,0,0.00,0.00,0.00,0,0,0.00,2000,0.00,0.00,0.00,0,NULL,NULL,'17','2019-01-26 07:50:28',22),('HK/DLX/R/MIR/308/0552',65,22,2,477,'2019-01-26',0.00,2,1,'2019-01-02',3,16412.00,20.00,5,0.00,'2019-01-02',0,0,0.00,0.00,0.00,0,0,0.00,2000,0.00,0.00,0.00,0,NULL,NULL,'17','2019-01-26 07:51:38',22),('HK/DLX/R/MIR/309/0553',65,22,2,478,'2019-01-26',0.00,2,1,'2019-01-02',3,16412.00,20.00,5,0.00,'2019-01-02',0,0,0.00,0.00,0.00,0,0,0.00,2000,0.00,0.00,0.00,0,NULL,NULL,'17','2019-01-26 07:52:47',22),('HK/DLX/R/MIR/310/0554',65,22,2,479,'2019-01-26',0.00,2,1,'2019-01-02',3,16412.00,20.00,5,0.00,'2019-01-02',0,0,0.00,0.00,0.00,0,0,0.00,2000,0.00,0.00,0.00,0,NULL,NULL,'17','2019-01-26 07:53:31',22),('HK/DLX/R/PAD/107/0667',84,22,2,283,'2018-08-28',0.00,2,1,'2018-08-28',3,2150.00,20.00,5,0.00,'2018-08-28',0,0,0.00,0.00,0.00,0,0,0.00,2000,0.00,0.00,0.00,0,NULL,NULL,'17','2019-01-27 06:19:50',22),('HK/DLX/R/PAD/301/0668',84,22,2,593,'2019-01-27',0.00,2,1,'2019-01-02',3,2150.00,20.00,5,0.00,'2019-01-02',0,0,0.00,0.00,0.00,0,0,0.00,2000,0.00,0.00,0.00,0,NULL,NULL,'17','2019-01-27 06:21:09',22),('HK/DLX/R/PAD/302/0669',84,22,2,594,'2019-01-27',0.00,2,1,'2019-01-02',3,2150.00,20.00,5,0.00,'2019-01-02',0,0,0.00,0.00,0.00,0,0,0.00,2000,0.00,0.00,0.00,0,NULL,NULL,'17','2019-01-27 06:22:00',22),('HK/DLX/R/PAD/303/0670',84,22,2,595,'2019-01-27',0.00,2,1,'2019-01-02',3,2150.00,20.00,5,0.00,'2019-01-02',0,0,0.00,0.00,0.00,0,0,0.00,2000,0.00,0.00,0.00,0,NULL,NULL,'17','2019-01-27 06:22:58',22),('HK/DLX/R/PAD/304/0671',84,22,2,596,'2019-01-27',0.00,2,1,'2019-01-02',3,2150.00,20.00,5,0.00,'2019-01-02',0,0,0.00,0.00,0.00,0,0,0.00,2000,0.00,0.00,0.00,0,NULL,NULL,'17','2019-01-27 06:24:00',22),('HK/DLX/R/PAD/305/0672',84,22,2,597,'2019-01-27',0.00,2,1,'2019-01-02',3,2150.00,20.00,5,0.00,'2019-01-02',0,0,0.00,0.00,0.00,0,0,0.00,2000,0.00,0.00,0.00,0,NULL,NULL,'17','2019-01-27 06:25:00',22),('HK/DLX/R/PAD/306/0673',84,22,2,598,'2019-01-27',0.00,2,1,'2019-01-02',3,2150.00,20.00,5,0.00,'2019-01-02',0,0,0.00,0.00,0.00,0,0,0.00,2000,0.00,0.00,0.00,0,NULL,NULL,'17','2019-01-27 06:25:52',22),('HK/DLX/R/PAD/307/0674',84,22,2,599,'2019-01-27',0.00,2,1,'2019-01-02',3,2150.00,20.00,5,0.00,'2019-01-02',0,0,0.00,0.00,0.00,0,0,0.00,2000,0.00,0.00,0.00,0,NULL,NULL,'17','2019-01-27 06:26:52',22),('HK/DLX/R/PAD/308/0675',84,22,2,600,'2019-01-27',0.00,2,1,'2019-01-02',3,2150.00,20.00,5,0.00,'2019-01-02',0,0,0.00,0.00,0.00,0,0,0.00,2000,0.00,0.00,0.00,0,NULL,NULL,'17','2019-01-27 06:27:59',22),('HK/DLX/R/PAD/309/0676',84,22,2,601,'2019-01-27',0.00,2,1,'2019-01-02',3,2150.00,20.00,5,0.00,'2019-01-02',0,0,0.00,0.00,0.00,0,0,0.00,2000,0.00,0.00,0.00,0,NULL,NULL,'17','2019-01-27 06:28:50',22),('HK/DLX/R/PAD/310/0677',84,22,2,602,'2019-01-27',0.00,2,1,'2019-01-02',3,2150.00,20.00,5,0.00,'2019-01-02',0,0,0.00,0.00,0.00,0,0,0.00,2000,0.00,0.00,0.00,0,NULL,NULL,'17','2019-01-27 06:30:01',22),('HK/DLX/R/PC/107/8100',320,22,2,327,'2018-12-14',0.00,2,1,'2018-12-01',3,0.00,0.00,0,0.00,'2018-12-01',0,0,0.00,0.00,0.00,0,0,0.00,2000,0.00,0.00,0.00,0,NULL,NULL,'17','2019-01-10 02:31:16',22),('HK/DLX/R/PC/301/8101',320,22,2,379,'2019-01-10',0.00,2,1,'2019-01-02',1,0.00,0.00,0,0.00,'2019-01-02',0,0,0.00,0.00,0.00,0,0,0.00,2000,0.00,0.00,0.00,0,NULL,NULL,'17','2019-01-10 02:43:57',22),('HK/DLX/R/PC/302/8102',320,22,2,380,'2019-01-10',0.00,2,1,'2019-01-01',1,0.00,0.00,0,0.00,'2019-01-02',0,0,0.00,0.00,0.00,0,0,0.00,2000,0.00,0.00,0.00,0,NULL,NULL,'17','2019-01-10 02:45:08',22),('HK/DLX/R/PC/303/8103',320,22,2,381,'2019-01-10',0.00,2,1,'2019-01-02',1,0.00,0.00,0,0.00,'2019-01-02',0,0,0.00,0.00,0.00,0,0,0.00,2000,0.00,0.00,0.00,0,NULL,NULL,'17','2019-01-10 02:46:42',22),('HK/DLX/R/PC/304/8104',320,22,2,382,'2019-01-10',0.00,2,1,'2019-01-02',1,0.00,0.00,0,0.00,'2019-01-02',0,0,0.00,0.00,0.00,0,0,0.00,2000,0.00,0.00,0.00,0,NULL,NULL,'17','2019-01-10 02:47:57',22),('HK/DLX/R/PC/305/8105',320,22,2,383,'2019-01-10',0.00,2,1,'2019-01-02',1,0.00,0.00,0,0.00,'2019-01-02',0,0,0.00,0.00,0.00,0,0,0.00,2000,0.00,0.00,0.00,0,NULL,NULL,'17','2019-01-10 02:48:56',22),('HK/DLX/R/PC/306/8106',320,22,2,384,'2019-01-10',0.00,2,1,'2019-01-02',1,0.00,0.00,0,0.00,'2019-01-02',0,0,0.00,0.00,0.00,0,0,0.00,2000,0.00,0.00,0.00,0,NULL,NULL,'17','2019-01-10 02:50:10',22),('HK/DLX/R/PC/307/8107',320,22,2,385,'2019-01-10',0.00,2,1,'2019-01-02',1,0.00,0.00,0,0.00,'2019-01-02',0,0,0.00,0.00,0.00,0,0,0.00,2000,0.00,0.00,0.00,0,NULL,NULL,'17','2019-01-10 02:51:15',22),('HK/DLX/R/PC/308/8108',320,22,2,386,'2019-01-10',0.00,2,1,'2019-01-02',1,0.00,0.00,0,0.00,'2019-01-02',0,0,0.00,0.00,0.00,0,0,0.00,2000,0.00,0.00,0.00,0,NULL,NULL,'17','2019-01-10 02:52:59',22),('HK/DLX/R/PC/309',320,22,2,388,'2019-01-10',0.00,2,1,'2019-01-02',1,0.00,0.00,0,0.00,'2019-01-02',0,0,0.00,0.00,0.00,0,0,0.00,2000,0.00,0.00,0.00,0,NULL,NULL,'17','2019-01-10 02:59:34',22),('HK/DLX/R/PC/309/8109',320,22,2,387,'2019-01-10',0.00,2,1,'2019-01-02',1,0.00,0.00,0,0.00,'2019-01-02',0,0,0.00,0.00,0.00,0,0,0.00,2000,0.00,0.00,0.00,0,NULL,NULL,'17','2019-01-10 02:55:04',22),('HK/DLX/R/PC/310/8110',320,22,2,389,'2019-01-10',0.00,2,1,'2019-01-02',1,0.00,0.00,0,0.00,'2019-01-02',0,0,0.00,0.00,0.00,0,0,0.00,2000,0.00,0.00,0.00,0,NULL,NULL,'17','2019-01-10 03:01:28',22),('HK/DLX/R/PF/107/0555',67,22,2,271,'2018-08-26',0.00,2,1,'2018-08-26',7,44500.00,33.00,3,0.00,'2018-08-26',0,0,0.00,0.00,0.00,0,0,0.00,2000,0.00,0.00,0.00,0,NULL,NULL,'17','2019-01-26 23:26:16',22),('HK/DLX/R/PF/301/0556',67,22,2,480,'2019-01-27',0.00,2,1,'2019-01-02',3,44500.00,33.00,3,0.00,'2019-01-02',0,0,0.00,0.00,0.00,0,0,0.00,2000,0.00,0.00,0.00,0,NULL,NULL,'17','2019-01-26 23:27:52',22),('HK/DLX/R/PF/302/0557',67,22,2,481,'2019-01-27',0.00,2,1,'2019-01-02',3,44500.00,33.00,3,0.00,'2019-01-02',0,0,0.00,0.00,0.00,0,0,0.00,2000,0.00,0.00,0.00,0,NULL,NULL,'17','2019-01-26 23:30:22',22),('HK/DLX/R/PF/303/0558',67,22,2,482,'2019-01-27',0.00,2,1,'2019-01-02',3,44500.00,33.00,3,0.00,'2019-01-02',0,0,0.00,0.00,0.00,0,0,0.00,2000,0.00,0.00,0.00,0,NULL,NULL,'17','2019-01-26 23:30:04',22),('HK/DLX/R/PF/304/0559',67,22,2,483,'2019-01-27',0.00,2,1,'2019-01-02',3,44500.00,33.00,3,0.00,'2019-01-02',0,0,0.00,0.00,0.00,0,0,0.00,2000,0.00,0.00,0.00,0,NULL,NULL,'17','2019-01-26 23:31:48',22),('HK/DLX/R/PF/305/0560',67,22,2,484,'2019-01-27',0.00,2,1,'2019-01-02',3,44500.00,33.00,3,0.00,'2019-01-02',0,0,0.00,0.00,0.00,0,0,0.00,2000,0.00,0.00,0.00,0,NULL,NULL,'17','2019-01-26 23:33:22',22),('HK/DLX/R/PF/306/0561',67,22,2,485,'2019-01-27',0.00,2,1,'2019-01-02',3,44500.00,33.00,3,0.00,'2019-01-02',0,0,0.00,0.00,0.00,0,0,0.00,2000,0.00,0.00,0.00,0,NULL,NULL,'17','2019-01-26 23:35:10',22),('HK/DLX/R/PF/307/0562',67,22,2,486,'2019-01-27',0.00,2,1,'2019-01-02',3,44500.00,33.00,3,0.00,'2019-01-02',0,0,0.00,0.00,0.00,0,0,0.00,2000,0.00,0.00,0.00,0,NULL,NULL,'17','2019-01-26 23:36:29',22),('HK/DLX/R/PF/308/0563',67,22,2,487,'2019-01-27',0.00,2,1,'2019-01-02',3,44500.00,33.00,3,0.00,'2019-01-02',0,0,0.00,0.00,0.00,0,0,0.00,2000,0.00,0.00,0.00,0,NULL,NULL,'17','2019-01-26 23:39:31',22),('HK/DLX/R/PF/309/0564',67,22,2,488,'2019-01-27',0.00,2,1,'2019-01-02',3,44500.00,33.00,3,0.00,'2019-01-02',0,0,0.00,0.00,0.00,0,0,0.00,2000,0.00,0.00,0.00,0,NULL,NULL,'17','2019-01-26 23:40:26',22),('HK/DLX/R/PF/310/0565',67,22,2,489,'2019-01-27',0.00,2,1,'2019-01-02',3,44500.00,33.00,3,0.00,'2019-01-02',0,0,0.00,0.00,0.00,0,0,0.00,2000,0.00,0.00,0.00,0,NULL,NULL,'17','2019-01-26 23:42:16',22),('HK/DLX/R/PLU/8650',338,22,2,334,'2018-12-17',0.00,2,1,'2018-12-01',3,0.00,0.00,0,0.00,'2018-12-01',0,0,0.00,0.00,0.00,0,0,0.00,2000,0.00,0.00,0.00,0,NULL,NULL,'17','2018-12-17 03:59:01',22),('HK/DLX/R/SFB/107/0601',75,22,2,277,'2018-08-28',0.00,2,1,'2018-08-28',3,16373.00,20.00,5,0.00,'2018-08-28',0,0,0.00,0.00,0.00,0,0,0.00,2000,0.00,0.00,0.00,0,NULL,NULL,'17','2019-01-27 02:15:32',22),('HK/DLX/R/SFB/301/0602',75,22,2,533,'2019-01-27',0.00,2,1,'2019-01-02',3,16373.00,20.00,5,0.00,'2019-01-02',0,0,0.00,0.00,0.00,0,0,0.00,2000,0.00,0.00,0.00,0,NULL,NULL,'17','2019-01-27 02:17:35',22),('HK/DLX/R/SFB/302/0603',75,22,2,534,'2019-01-27',0.00,2,1,'2019-01-02',3,16373.00,20.00,5,0.00,'2019-01-02',0,0,0.00,0.00,0.00,0,0,0.00,2000,0.00,0.00,0.00,0,NULL,NULL,'17','2019-01-27 02:18:59',22),('HK/DLX/R/SFB/303/0604',75,22,2,535,'2019-01-27',0.00,2,1,'2019-01-02',3,16373.00,20.00,5,0.00,'2019-01-02',0,0,0.00,0.00,0.00,0,0,0.00,2000,0.00,0.00,0.00,0,NULL,NULL,'17','2019-01-27 02:20:38',22),('HK/DLX/R/SFB/304/0605',75,22,2,536,'2019-01-27',0.00,2,1,'2019-01-02',3,16373.00,20.00,5,0.00,'2019-01-02',0,0,0.00,0.00,0.00,0,0,0.00,2000,0.00,0.00,0.00,0,NULL,NULL,'17','2019-01-27 02:21:49',22),('HK/DLX/R/SFB/305/0606',75,22,2,537,'2019-01-27',0.00,2,1,'2019-01-02',3,16373.00,20.00,5,0.00,'2019-01-02',0,0,0.00,0.00,0.00,0,0,0.00,2000,0.00,0.00,0.00,0,NULL,NULL,'17','2019-01-27 02:22:49',22),('HK/DLX/R/SFB/306/0607',75,22,2,538,'2019-01-27',0.00,2,1,'2019-01-02',3,16373.00,20.00,5,0.00,'2019-01-02',0,0,0.00,0.00,0.00,0,0,0.00,2000,0.00,0.00,0.00,0,NULL,NULL,'17','2019-01-27 02:48:58',22),('HK/DLX/R/SFB/307/0608',75,22,2,539,'2019-01-27',0.00,2,1,'2019-01-02',3,16373.00,20.00,5,0.00,'2019-01-02',0,0,0.00,0.00,0.00,0,0,0.00,2000,0.00,0.00,0.00,0,NULL,NULL,'17','2019-01-27 02:25:01',22),('HK/DLX/R/SFB/308/0609',75,22,2,540,'2019-01-27',0.00,2,1,'2019-01-02',3,16373.00,20.00,5,0.00,'2019-01-02',0,0,0.00,0.00,0.00,0,0,0.00,2000,0.00,0.00,0.00,0,NULL,NULL,'17','2019-01-27 02:26:00',22),('HK/DLX/R/SFB/309/0610',75,22,2,541,'2019-01-27',0.00,2,1,'2019-01-02',3,16373.00,20.00,5,0.00,'2019-01-02',0,0,0.00,0.00,0.00,0,0,0.00,2000,0.00,0.00,0.00,0,NULL,NULL,'17','2019-01-27 02:27:44',22),('HK/DLX/R/SFB/310/0611',75,22,2,542,'2019-01-27',0.00,2,1,'2019-01-02',3,16373.00,20.00,5,0.00,'2019-01-02',0,0,0.00,0.00,0.00,0,0,0.00,2000,0.00,0.00,0.00,0,NULL,NULL,'17','2019-01-27 02:28:40',22),('HK/DLX/R/SHM/107/0645',82,22,2,281,'2018-08-28',0.00,2,1,'2018-08-28',14,5400.00,20.00,5,0.00,'2018-08-28',0,0,0.00,0.00,0.00,0,0,0.00,2000,0.00,0.00,0.00,0,NULL,NULL,'17','2019-01-27 04:58:21',22),('HK/DLX/R/SHM/301/0646',82,22,2,573,'2019-01-27',0.00,2,1,'2019-01-02',3,5400.00,20.00,5,0.00,'2019-01-02',0,0,0.00,0.00,0.00,0,0,0.00,2000,0.00,0.00,0.00,0,NULL,NULL,'17','2019-01-27 05:00:48',22),('HK/DLX/R/SHM/302/0647',82,22,2,574,'2019-01-27',0.00,2,1,'2019-01-02',3,5400.00,20.00,5,0.00,'2019-01-02',0,0,0.00,0.00,0.00,0,0,0.00,2000,0.00,0.00,0.00,0,NULL,NULL,'17','2019-01-27 05:03:32',22),('HK/DLX/R/SHM/303/0648',82,22,2,575,'2019-01-27',0.00,2,1,'2019-01-02',3,5400.00,20.00,5,0.00,'2019-01-02',0,0,0.00,0.00,0.00,0,0,0.00,2000,0.00,0.00,0.00,0,NULL,NULL,'17','2019-01-27 05:06:12',22),('HK/DLX/R/SHM/305/0650',82,22,2,577,'2019-01-27',0.00,2,1,'2019-01-02',3,5400.00,20.00,5,0.00,'2019-01-02',0,0,0.00,0.00,0.00,0,0,0.00,2000,0.00,0.00,0.00,0,NULL,NULL,'17','2019-01-27 05:08:22',22),('HK/DLX/R/SHM/306/0651',82,22,2,578,'2019-01-27',0.00,2,1,'2019-01-02',3,5400.00,20.00,5,0.00,'2019-01-02',0,0,0.00,0.00,0.00,0,0,0.00,2000,0.00,0.00,0.00,0,NULL,NULL,'17','2019-01-27 05:29:10',22),('HK/DLX/R/SHM/307/0652',82,22,2,579,'2019-01-27',0.00,2,1,'2019-01-02',3,5400.00,20.00,5,0.00,'2019-01-02',0,0,0.00,0.00,0.00,0,0,0.00,2000,0.00,0.00,0.00,0,NULL,NULL,'17','2019-01-27 05:31:14',22),('HK/DLX/R/SHM/308/0653',82,22,2,580,'2019-01-27',0.00,2,1,'2019-01-02',3,5400.00,20.00,5,0.00,'2019-01-02',0,0,0.00,0.00,0.00,0,0,0.00,2000,0.00,0.00,0.00,0,NULL,NULL,'17','2019-01-27 05:32:42',22),('HK/DLX/R/SHM/309/0654',82,22,2,581,'2019-01-27',0.00,2,1,'2019-01-02',3,5400.00,20.00,5,0.00,'2019-01-02',0,0,0.00,0.00,0.00,0,0,0.00,2000,0.00,0.00,0.00,0,NULL,NULL,'17','2019-01-27 05:34:05',22),('HK/DLX/R/SHM/310/0655',82,22,2,582,'2019-01-27',0.00,2,1,'2019-01-02',3,5400.00,20.00,5,0.00,'2019-01-02',0,0,0.00,0.00,0.00,0,0,0.00,2000,0.00,0.00,0.00,0,NULL,NULL,'17','2019-01-27 05:35:01',22),('HK/DLX/R/SOH/107/0700',89,22,2,285,'2018-08-28',0.00,2,1,'2018-08-28',3,5849.78,20.00,5,0.00,'2018-08-28',0,0,0.00,0.00,0.00,0,0,0.00,2000,0.00,0.00,0.00,0,NULL,NULL,'17','2019-02-09 03:19:21',22),('HK/DLX/R/SOH/301/0701',89,22,2,622,'2019-01-27',0.00,2,1,'2019-01-02',3,5849.78,20.00,5,0.00,'2019-01-02',0,0,0.00,0.00,0.00,0,0,0.00,2000,0.00,0.00,0.00,0,NULL,NULL,'17','2019-02-09 03:16:12',22),('HK/DLX/R/SOH/302/0702',89,22,2,623,'2019-01-27',0.00,2,1,'2019-01-02',3,5849.78,20.00,5,0.00,'2019-01-02',0,0,0.00,0.00,0.00,0,0,0.00,2000,0.00,0.00,0.00,0,NULL,NULL,'17','2019-02-09 03:16:53',22),('HK/DLX/R/SOH/303/0703',89,22,2,624,'2019-01-27',0.00,2,1,'2019-01-02',3,5849.78,20.00,5,0.00,'2019-01-02',0,0,0.00,0.00,0.00,0,0,0.00,2000,0.00,0.00,0.00,0,NULL,NULL,'17','2019-02-09 03:17:33',22),('HK/DLX/R/SOH/304/0704',89,22,2,625,'2019-01-27',0.00,2,1,'2019-01-02',3,5849.78,20.00,5,0.00,'2019-01-02',0,0,0.00,0.00,0.00,0,0,0.00,2000,0.00,0.00,0.00,0,NULL,NULL,'17','2019-02-09 03:17:54',22),('HK/DLX/R/SOH/306/0706',89,22,2,627,'2019-01-27',0.00,2,1,'2019-01-02',3,5849.78,20.00,5,0.00,'2019-01-02',0,0,0.00,0.00,0.00,0,0,0.00,2000,0.00,0.00,0.00,0,NULL,NULL,'17','2019-02-09 03:18:41',22),('HK/DLX/R/SOH/307/0707',89,22,2,628,'2019-01-27',0.00,2,1,'2019-01-02',3,5849.78,20.00,5,0.00,'2019-01-02',0,0,0.00,0.00,0.00,0,0,0.00,2000,0.00,0.00,0.00,0,NULL,NULL,'17','2019-02-09 03:19:02',22),('HK/DLX/R/SOH/308/0708',89,22,2,629,'2019-01-27',0.00,2,1,'2019-01-02',3,5849.78,20.00,5,0.00,'2019-01-02',0,0,0.00,0.00,0.00,0,0,0.00,2000,0.00,0.00,0.00,0,NULL,NULL,'17','2019-02-09 03:19:40',22),('HK/DLX/R/SOH/309/0709',89,22,2,630,'2019-01-27',0.00,2,1,'2019-01-02',3,5849.78,20.00,5,0.00,'2019-01-02',0,0,0.00,0.00,0.00,0,0,0.00,2000,0.00,0.00,0.00,0,NULL,NULL,'17','2019-02-09 03:16:31',22),('HK/DLX/R/SOH/310/0710',89,22,2,631,'2019-01-27',0.00,2,1,'2019-01-02',3,5849.78,20.00,5,0.00,'2019-01-02',0,0,0.00,0.00,0.00,0,0,0.00,2000,0.00,0.00,0.00,0,NULL,NULL,'17','2019-02-09 03:17:14',22),('HK/DLX/R/TRH/107/0656',83,22,2,282,'2018-08-28',0.00,2,1,'2018-08-28',3,5500.00,20.00,5,0.00,'2018-08-28',0,0,0.00,0.00,0.00,0,0,0.00,2000,0.00,0.00,0.00,0,NULL,NULL,'17','2019-01-27 05:48:11',22),('HK/DLX/R/TRH/301/0657',83,22,2,583,'2019-01-27',0.00,2,1,'2019-01-02',3,5500.00,20.00,5,0.00,'2019-01-02',0,0,0.00,0.00,0.00,0,0,0.00,2000,0.00,0.00,0.00,0,NULL,NULL,'17','2019-01-27 06:00:14',22),('HK/DLX/R/TRH/302/0658',83,22,2,584,'2019-01-27',0.00,2,1,'2019-01-02',3,5500.00,20.00,5,0.00,'2019-01-02',0,0,0.00,0.00,0.00,0,0,0.00,2000,0.00,0.00,0.00,0,NULL,NULL,'17','2019-01-27 06:01:31',22),('HK/DLX/R/TRH/303/0659',83,22,2,585,'2019-01-27',0.00,2,1,'2019-01-02',3,5500.00,20.00,5,0.00,'2019-01-02',0,0,0.00,0.00,0.00,0,0,0.00,2000,0.00,0.00,0.00,0,NULL,NULL,'17','2019-01-27 06:04:16',22),('HK/DLX/R/TRH/304/0660',83,22,2,586,'2019-01-27',0.00,2,1,'2019-01-02',3,5500.00,20.00,5,0.00,'2019-01-02',0,0,0.00,0.00,0.00,0,0,0.00,2000,0.00,0.00,0.00,0,NULL,NULL,'17','2019-01-27 06:05:20',22),('HK/DLX/R/TRH/305/0661',83,22,2,587,'2019-01-27',0.00,2,1,'2019-01-02',3,5500.00,20.00,5,0.00,'2019-01-02',0,0,0.00,0.00,0.00,0,0,0.00,2000,0.00,0.00,0.00,0,NULL,NULL,'17','2019-01-27 06:06:15',22),('HK/DLX/R/TRH/306/0662',83,22,2,588,'2019-01-27',0.00,2,1,'2019-01-02',3,5500.00,20.00,5,0.00,'2019-01-02',0,0,0.00,0.00,0.00,0,0,0.00,2000,0.00,0.00,0.00,0,NULL,NULL,'17','2019-01-27 06:07:20',22),('HK/DLX/R/TRH/307/0663',83,22,2,589,'2019-01-27',0.00,2,1,'2019-01-02',3,5500.00,20.00,5,0.00,'2019-01-02',0,0,0.00,0.00,0.00,0,0,0.00,2000,0.00,0.00,0.00,0,NULL,NULL,'17','2019-01-27 06:08:28',22),('HK/DLX/R/TRH/308/0664',83,22,2,590,'2019-01-27',0.00,2,1,'2019-01-02',3,5500.00,20.00,5,0.00,'2019-01-02',0,0,0.00,0.00,0.00,0,0,0.00,2000,0.00,0.00,0.00,0,NULL,NULL,'17','2019-01-27 06:09:21',22),('HK/DLX/R/TRH/309/0665',83,22,2,591,'2019-01-27',0.00,2,1,'2019-01-02',3,5500.00,20.00,5,0.00,'2019-01-02',0,0,0.00,0.00,0.00,0,0,0.00,2000,0.00,0.00,0.00,0,NULL,NULL,'17','2019-01-27 06:10:17',22),('HK/DLX/R/TRH/310/0666',83,22,2,592,'2019-01-27',0.00,2,1,'2019-01-02',3,5500.00,20.00,5,0.00,'2019-01-02',0,0,0.00,0.00,0.00,0,0,0.00,2000,0.00,0.00,0.00,0,NULL,NULL,'17','2019-01-27 06:11:34',22),('HK/DLX/R/TSH/107/0588',73,22,2,276,'2018-08-28',0.00,2,1,'2018-08-28',10,12000.00,33.00,3,0.00,'2018-08-28',0,0,0.00,0.00,0.00,0,0,0.00,2000,0.00,0.00,0.00,0,NULL,NULL,'17','2019-01-27 02:04:20',22),('HK/DLX/R/TSH/301/0589',73,22,2,510,'2019-01-27',0.00,2,1,'2019-01-02',3,12000.00,33.00,3,0.00,'2019-01-02',0,0,0.00,0.00,0.00,0,0,0.00,2000,0.00,0.00,0.00,0,NULL,NULL,'17','2019-01-27 00:46:06',22),('HK/DLX/R/TSH/302/0590',71,22,2,511,'2019-01-27',0.00,2,1,'2019-01-02',3,36450.00,20.00,5,0.00,'2019-01-02',0,0,0.00,0.00,0.00,0,0,0.00,2000,0.00,0.00,0.00,0,NULL,NULL,'17','2019-01-27 00:46:52',22),('HK/DLX/R/TSH/302/0592',73,22,2,524,'2019-01-27',0.00,2,1,'2019-01-02',3,12000.00,33.00,3,0.00,'2019-01-02',0,0,0.00,0.00,0.00,0,0,0.00,2000,0.00,0.00,0.00,0,NULL,NULL,'17','2019-01-27 02:06:19',22),('HK/DLX/R/TSH/303/0591',71,22,2,512,'2019-01-27',0.00,2,1,'2019-01-02',3,36450.00,20.00,5,0.00,'2019-01-02',0,0,0.00,0.00,0.00,0,0,0.00,2000,0.00,0.00,0.00,0,NULL,NULL,'17','2019-01-27 00:48:08',22),('HK/DLX/R/TSH/303/0593',73,22,2,525,'2019-01-27',0.00,2,1,'2019-01-02',3,12000.00,33.00,3,0.00,'2019-01-02',0,0,0.00,0.00,0.00,0,0,0.00,2000,0.00,0.00,0.00,0,NULL,NULL,'17','2019-01-27 02:07:34',22),('HK/DLX/R/TSH/304/0594',73,22,2,526,'2019-01-27',0.00,2,1,'2019-01-02',3,12000.00,33.00,3,0.00,'2019-01-02',0,0,0.00,0.00,0.00,0,0,0.00,2000,0.00,0.00,0.00,0,NULL,NULL,'17','2019-01-27 02:08:47',22),('HK/DLX/R/TSH/305/0595',73,22,2,527,'2019-01-27',0.00,2,1,'2019-01-02',3,12000.00,33.00,3,0.00,'2019-01-02',0,0,0.00,0.00,0.00,0,0,0.00,2000,0.00,0.00,0.00,0,NULL,NULL,'17','2019-01-27 02:09:35',22),('HK/DLX/R/TSH/306/0596',73,22,2,528,'2019-01-27',0.00,2,1,'2019-01-02',3,12000.00,33.00,3,0.00,'2019-01-02',0,0,0.00,0.00,0.00,0,0,0.00,2000,0.00,0.00,0.00,0,NULL,NULL,'17','2019-01-27 02:10:16',22),('HK/DLX/R/TSH/307/0597',73,22,2,529,'2019-01-27',0.00,2,1,'2019-01-02',3,12000.00,33.00,3,0.00,'2019-01-02',0,0,0.00,0.00,0.00,0,0,0.00,2000,0.00,0.00,0.00,0,NULL,NULL,'17','2019-01-27 02:11:01',22),('HK/DLX/R/TSH/308/0598',73,22,2,530,'2019-01-27',0.00,2,1,'2019-01-02',3,12000.00,33.00,3,0.00,'2019-01-02',0,0,0.00,0.00,0.00,0,0,0.00,2000,0.00,0.00,0.00,0,NULL,NULL,'17','2019-01-27 02:11:56',22),('HK/DLX/R/TSH/309/0599',73,22,2,531,'2019-01-27',0.00,2,1,'2019-01-02',3,12000.00,33.00,3,0.00,'2019-01-02',0,0,0.00,0.00,0.00,0,0,0.00,2000,0.00,0.00,0.00,0,NULL,NULL,'17','2019-01-27 02:12:42',22),('HK/DLX/R/TSH/310/0600',73,22,2,532,'2019-01-27',0.00,2,1,'2019-01-02',3,12000.00,33.00,3,0.00,'2019-01-02',0,0,0.00,0.00,0.00,0,0,0.00,2000,0.00,0.00,0.00,0,NULL,NULL,'17','2019-01-27 02:13:53',22),('HK/DLX/R/TT/107/0577',71,22,2,274,'2018-08-26',0.00,2,1,'2018-08-26',7,36450.00,20.00,5,0.00,'2018-08-26',0,0,0.00,0.00,0.00,0,0,0.00,2000,0.00,0.00,0.00,0,NULL,NULL,'17','2019-01-27 00:20:13',22),('HK/DLX/R/TT/301/0578',71,22,2,500,'2019-01-27',0.00,2,1,'2019-01-02',3,36450.00,20.00,5,0.00,'2019-01-02',0,0,0.00,0.00,0.00,0,0,0.00,2000,0.00,0.00,0.00,0,NULL,NULL,'17','2019-01-27 00:21:04',22),('HK/DLX/R/TT/302/0579',71,22,2,501,'2019-01-27',0.00,2,1,'2019-01-02',3,36450.00,20.00,5,0.00,'2019-01-02',0,0,0.00,0.00,0.00,0,0,0.00,2000,0.00,0.00,0.00,0,NULL,NULL,'17','2019-01-27 00:22:20',22),('HK/DLX/R/TT/303/0580',71,22,2,502,'2019-01-27',0.00,2,1,'2019-01-02',3,36450.00,20.00,5,0.00,'2019-01-02',0,0,0.00,0.00,0.00,0,0,0.00,2000,0.00,0.00,0.00,0,NULL,NULL,'17','2019-01-27 00:23:18',22),('HK/DLX/R/TT/304/0581',71,22,2,503,'2019-01-27',0.00,2,1,'2019-01-02',3,36450.00,20.00,5,0.00,'2019-01-02',0,0,0.00,0.00,0.00,0,0,0.00,2000,0.00,0.00,0.00,0,NULL,NULL,'17','2019-01-27 00:24:24',22),('HK/DLX/R/TT/305/0582',71,22,2,504,'2019-01-27',0.00,2,1,'2019-01-02',3,36450.00,20.00,5,0.00,'2019-01-02',0,0,0.00,0.00,0.00,0,0,0.00,2000,0.00,0.00,0.00,0,NULL,NULL,'17','2019-01-27 00:25:49',22),('HK/DLX/R/TT/306/0583',71,22,2,505,'2019-01-27',0.00,2,1,'2019-01-02',3,36450.00,20.00,5,0.00,'2019-01-02',0,0,0.00,0.00,0.00,0,0,0.00,2000,0.00,0.00,0.00,0,NULL,NULL,'17','2019-01-27 00:26:48',22),('HK/DLX/R/TT/307/0584',71,22,2,506,'2019-01-27',0.00,2,1,'2019-01-02',3,36450.00,20.00,5,0.00,'2019-01-02',0,0,0.00,0.00,0.00,0,0,0.00,2000,0.00,0.00,0.00,0,NULL,NULL,'17','2019-01-27 00:27:42',22),('HK/DLX/R/TT/308/0585',71,22,2,507,'2019-01-27',0.00,2,1,'2019-01-02',3,36450.00,20.00,5,0.00,'2019-01-02',0,0,0.00,0.00,0.00,0,0,0.00,2000,0.00,0.00,0.00,0,NULL,NULL,'17','2019-01-27 00:28:35',22),('HK/DLX/R/TT/309/0586',71,22,2,508,'2019-01-27',0.00,2,1,'2019-01-02',3,36450.00,20.00,5,0.00,'2019-01-02',0,0,0.00,0.00,0.00,0,0,0.00,2000,0.00,0.00,0.00,0,NULL,NULL,'17','2019-01-27 00:30:45',22),('HK/DLX/R/TT/310/0587',71,22,2,509,'2019-01-27',0.00,2,1,'2019-01-02',3,36450.00,20.00,5,0.00,'2019-01-02',0,0,0.00,0.00,0.00,0,0,0.00,2000,0.00,0.00,0.00,0,NULL,NULL,'17','2019-01-27 00:31:52',22),('HK/DLX/R/TTBL/107/0577',346,22,2,513,'2019-01-27',0.00,2,1,'2019-01-02',3,36450.00,20.00,5,0.00,'2019-01-02',0,0,0.00,0.00,0.00,0,0,0.00,2000,0.00,0.00,0.00,0,NULL,NULL,'17','2019-01-27 01:50:19',22),('HK/DLX/R/TTBL/301/0578',346,22,2,514,'2019-01-27',0.00,2,1,'2019-01-02',3,36450.00,20.00,5,0.00,'2019-01-02',0,0,0.00,0.00,0.00,0,0,0.00,2000,0.00,0.00,0.00,0,NULL,NULL,'17','2019-01-27 01:51:30',22),('HK/DLX/R/TTBL/302/0579',346,22,2,515,'2019-01-27',0.00,2,1,'2019-01-02',3,36450.00,20.00,5,0.00,'2019-01-02',0,0,0.00,0.00,0.00,0,0,0.00,2000,0.00,0.00,0.00,0,NULL,NULL,'17','2019-01-27 01:53:01',22),('HK/DLX/R/TTBL/303/0580',346,22,2,516,'2019-01-27',0.00,2,1,'2019-01-02',3,36450.00,20.00,5,0.00,'2019-01-02',0,0,0.00,0.00,0.00,0,0,0.00,2000,0.00,0.00,0.00,0,NULL,NULL,'17','2019-01-27 01:54:41',22),('HK/DLX/R/TTBL/304/0581',346,22,2,517,'2019-01-27',0.00,2,1,'2019-01-02',3,36450.00,20.00,5,0.00,'2019-01-02',0,0,0.00,0.00,0.00,0,0,0.00,2000,0.00,0.00,0.00,0,NULL,NULL,'17','2019-01-27 01:56:01',22),('HK/DLX/R/TTBL/305/0582',346,22,2,518,'2019-01-27',0.00,2,1,'2019-01-02',3,36450.00,20.00,5,0.00,'2019-01-02',0,0,0.00,0.00,0.00,0,0,0.00,2000,0.00,0.00,0.00,0,NULL,NULL,'17','2019-01-27 01:57:26',22),('HK/DLX/R/TTBL/306/0583',346,22,2,519,'2019-01-27',0.00,2,1,'2019-01-02',3,36450.00,20.00,5,0.00,'2019-01-02',0,0,0.00,0.00,0.00,0,0,0.00,2000,0.00,0.00,0.00,0,NULL,NULL,'17','2019-01-27 01:58:09',22),('HK/DLX/R/TTBL/307/0584',346,22,2,520,'2019-01-27',0.00,2,1,'2019-01-02',3,36450.00,20.00,5,0.00,'2019-01-02',0,0,0.00,0.00,0.00,0,0,0.00,2000,0.00,0.00,0.00,0,NULL,NULL,'17','2019-01-27 01:59:11',22),('HK/DLX/R/TTBL/308/0585',346,22,2,521,'2019-01-27',0.00,2,1,'2019-01-02',3,36450.00,20.00,5,0.00,'2019-01-02',0,0,0.00,0.00,0.00,0,0,0.00,2000,0.00,0.00,0.00,0,NULL,NULL,'17','2019-01-27 02:00:04',22),('HK/DLX/R/TTBL/309/0586',346,22,2,522,'2019-01-27',0.00,2,1,'2019-01-02',3,36450.00,20.00,5,0.00,'2019-01-02',0,0,0.00,0.00,0.00,0,0,0.00,2000,0.00,0.00,0.00,0,NULL,NULL,'17','2019-01-27 02:01:04',22),('HK/DLX/R/TTBL/310/0587',346,22,2,523,'2019-01-27',0.00,2,1,'2019-01-02',3,36450.00,20.00,5,0.00,'2019-01-02',0,0,0.00,0.00,0.00,0,0,0.00,2000,0.00,0.00,0.00,0,NULL,NULL,'17','2019-01-27 02:01:57',22),('HK/DLX/R/TV/107/0788',336,22,2,415,'2019-01-17',0.00,2,1,'2019-01-02',3,0.00,0.00,0,0.00,'2019-01-02',0,0,0.00,0.00,0.00,0,0,0.00,2000,0.00,0.00,0.00,0,NULL,NULL,'17','2019-02-02 01:47:39',22),('HK/DLX/R/TV/301/0789',336,22,2,329,'2018-12-17',0.00,2,1,'2018-12-01',3,0.00,0.00,0,0.00,'2018-12-01',0,0,0.00,0.00,0.00,0,0,0.00,2000,0.00,0.00,0.00,0,NULL,NULL,'17','2019-02-02 02:48:41',22),('HK/DLX/R/TV/302/0790',336,22,2,416,'2019-01-17',0.00,2,1,'2019-01-02',3,0.00,0.00,0,0.00,'2019-01-02',0,0,0.00,0.00,0.00,0,0,0.00,2000,0.00,0.00,0.00,0,NULL,NULL,'17','2019-02-02 02:49:27',22),('HK/DLX/R/TV/303/0791',336,22,2,410,'2019-01-17',0.00,2,1,'2019-01-02',7,0.00,0.00,0,0.00,'2019-01-02',0,0,0.00,0.00,0.00,0,0,0.00,2000,0.00,0.00,0.00,0,NULL,NULL,'17','2019-02-02 02:50:14',22),('HK/DLX/R/TV/304/0792',336,22,2,417,'2019-01-17',0.00,2,1,'2019-01-02',3,0.00,0.00,0,0.00,'2019-01-02',0,0,0.00,0.00,0.00,0,0,0.00,2000,0.00,0.00,0.00,0,NULL,NULL,'17','2019-02-02 02:51:26',22),('HK/DLX/R/TV/305/0793',336,22,2,411,'2019-01-17',0.00,2,1,'2019-01-02',3,0.00,0.00,0,0.00,'2019-01-02',0,0,0.00,0.00,0.00,0,0,0.00,2000,0.00,0.00,0.00,0,NULL,NULL,'17','2019-02-02 02:52:04',22),('HK/DLX/R/TV/306/0794',336,22,2,418,'2019-01-17',0.00,2,1,'2019-01-02',3,0.00,0.00,0,0.00,'2019-01-02',0,0,0.00,0.00,0.00,0,0,0.00,2000,0.00,0.00,0.00,0,NULL,NULL,'17','2019-02-02 02:53:56',22),('HK/DLX/R/TV/307/0795',336,22,2,412,'2019-01-17',0.00,2,1,'2019-01-02',3,0.00,0.00,0,0.00,'2019-01-02',0,0,0.00,0.00,0.00,0,0,0.00,2000,0.00,0.00,0.00,0,NULL,NULL,'17','2019-02-02 02:54:46',22),('HK/DLX/R/TV/308/0796',336,22,2,419,'2019-01-17',0.00,2,1,'2019-01-02',3,0.00,0.00,0,0.00,'2019-01-02',0,0,0.00,0.00,0.00,0,0,0.00,2000,0.00,0.00,0.00,0,NULL,NULL,'17','2019-02-02 02:56:01',22),('HK/DLX/R/TV/309/0797',336,22,2,413,'2019-01-17',0.00,2,1,'2019-01-02',3,0.00,0.00,0,0.00,'2019-01-02',0,0,0.00,0.00,0.00,0,0,0.00,2000,0.00,0.00,0.00,0,NULL,NULL,'17','2019-02-02 02:56:47',22),('HK/DLX/R/TV/310/0798',336,22,2,414,'2019-01-17',0.00,2,1,'2019-01-02',3,0.00,0.00,0,0.00,'2019-01-02',0,0,0.00,0.00,0.00,0,0,0.00,2000,0.00,0.00,0.00,0,NULL,NULL,'17','2019-02-02 02:57:20',22),('HK/DLX/R/TVA/8600',324,22,2,333,'2018-12-17',0.00,2,1,'2018-12-01',3,0.00,0.00,0,0.00,'2018-12-01',0,0,0.00,0.00,0.00,0,0,0.00,2000,0.00,0.00,0.00,0,NULL,NULL,'17','2018-12-17 03:57:05',22),('HK/DLX/R/TVR/107/0722',321,22,2,422,'2019-01-20',0.00,2,1,'2019-01-02',3,0.00,0.00,1,0.00,'2019-01-02',0,0,0.00,0.00,0.00,0,0,0.00,2000,0.00,0.00,0.00,0,NULL,NULL,'17','2019-01-28 01:46:55',22),('HK/DLX/R/TVR/301/0723',321,22,2,429,'2019-01-20',0.00,2,1,'2019-01-02',3,0.00,0.00,1,0.00,'2019-01-02',0,0,0.00,0.00,0.00,0,0,0.00,2000,0.00,0.00,0.00,0,NULL,NULL,'17','2019-01-28 01:48:11',22),('HK/DLX/R/TVR/302/0724',321,22,2,423,'2019-01-20',0.00,2,1,'2019-01-02',3,0.00,0.00,1,0.00,'2019-01-02',0,0,0.00,0.00,0.00,0,0,0.00,2000,0.00,0.00,0.00,0,NULL,NULL,'17','2019-01-28 01:48:49',22),('HK/DLX/R/TVR/303/0725',321,22,2,424,'2019-01-20',0.00,2,1,'2019-01-02',3,0.00,0.00,1,0.00,'2019-01-02',0,0,0.00,0.00,0.00,0,0,0.00,2000,0.00,0.00,0.00,0,NULL,NULL,'17','2019-01-28 01:49:30',22),('HK/DLX/R/TVR/304/0726',321,22,2,425,'2019-01-20',0.00,2,1,'2019-01-02',3,0.00,0.00,1,0.00,'2019-01-02',0,0,0.00,0.00,0.00,0,0,0.00,2000,0.00,0.00,0.00,0,NULL,NULL,'17','2019-01-28 01:50:29',22),('HK/DLX/R/TVR/305/0727',321,22,2,328,'2018-12-14',0.00,2,1,'2018-12-01',3,0.00,0.00,1,0.00,'2018-12-01',0,0,0.00,0.00,0.00,0,0,0.00,2000,0.00,0.00,0.00,0,NULL,NULL,'17','2019-01-28 01:52:02',22),('HK/DLX/R/TVR/306/0728',321,22,2,426,'2019-01-20',0.00,2,1,'2019-01-02',3,0.00,0.00,1,0.00,'2019-01-02',0,0,0.00,0.00,0.00,0,0,0.00,2000,0.00,0.00,0.00,0,NULL,NULL,'17','2019-01-28 01:53:14',22),('HK/DLX/R/TVR/307/0729',321,22,2,420,'2019-01-20',0.00,2,1,'2019-01-02',3,0.00,0.00,1,0.00,'2019-01-02',0,0,0.00,0.00,0.00,0,0,0.00,2000,0.00,0.00,0.00,0,NULL,NULL,'17','2019-01-28 01:56:16',22),('HK/DLX/R/TVR/308/0730',321,22,2,427,'2019-01-20',0.00,2,1,'2019-01-02',3,0.00,0.00,1,0.00,'2019-01-02',0,0,0.00,0.00,0.00,0,0,0.00,2000,0.00,0.00,0.00,0,NULL,NULL,'17','2019-01-28 01:59:07',22),('HK/DLX/R/TVR/309/0731',321,22,2,421,'2019-01-20',0.00,2,1,'2019-01-02',3,0.00,0.00,1,0.00,'2019-01-02',0,0,0.00,0.00,0.00,0,0,0.00,2000,0.00,0.00,0.00,0,NULL,NULL,'17','2019-01-28 01:59:51',22),('HK/DLX/R/TVR/310/0732',321,22,2,428,'2019-01-20',0.00,2,1,'2019-01-02',3,0.00,0.00,1,0.00,'2019-01-02',0,0,0.00,0.00,0.00,0,0,0.00,2000,0.00,0.00,0.00,0,NULL,NULL,'17','2019-01-28 02:00:46',22),('HK/DLX/R/TWLR/10150',86,22,2,350,'2019-01-05',0.00,2,1,'2019-01-01',3,5690.00,20.00,5,0.00,'2019-01-01',0,0,0.00,0.00,0.00,0,0,0.00,2000,0.00,0.00,0.00,0,NULL,NULL,'17','2019-01-05 01:52:32',22),('HK/DLX/R/WL/107/0511',60,22,2,398,'2019-01-14',0.00,2,1,'2019-01-02',1,8850.00,20.00,5,0.00,'2019-01-02',0,0,0.00,0.00,0.00,0,0,0.00,2000,0.00,0.00,0.00,0,NULL,NULL,'17','2019-01-26 00:28:12',22),('HK/DLX/R/WL/301/0512',60,22,2,392,'2019-01-14',0.00,2,1,'2019-01-02',1,8850.00,20.00,5,0.00,'2019-01-02',0,0,0.00,0.00,0.00,0,0,0.00,2000,0.00,0.00,0.00,0,NULL,NULL,'17','2019-01-26 02:26:42',22),('HK/DLX/R/WL/302/0513',60,22,2,399,'2019-01-14',0.00,2,1,'2019-01-02',1,8850.00,20.00,5,0.00,'2019-01-02',0,0,0.00,0.00,0.00,0,0,0.00,2000,0.00,0.00,0.00,0,NULL,NULL,'17','2019-01-26 02:27:29',22),('HK/DLX/R/WL/303/0514',60,22,2,393,'2019-01-14',0.00,2,1,'2019-01-02',1,8850.00,20.00,5,0.00,'2019-01-02',0,0,0.00,0.00,0.00,0,0,0.00,2000,0.00,0.00,0.00,0,NULL,NULL,'17','2019-01-26 02:28:03',22),('HK/DLX/R/WL/304/0515',60,22,2,394,'2019-01-14',0.00,2,1,'2019-01-02',1,8850.00,20.00,5,0.00,'2019-01-02',0,0,0.00,0.00,0.00,0,0,0.00,2000,0.00,0.00,0.00,0,NULL,NULL,'17','2019-01-26 02:28:32',22),('HK/DLX/R/WL/305/0516',60,22,2,395,'2019-01-14',0.00,2,1,'2019-01-02',1,8850.00,20.00,5,0.00,'2019-01-02',0,0,0.00,0.00,0.00,0,0,0.00,2000,0.00,0.00,0.00,0,NULL,NULL,'17','2019-01-26 02:29:01',22),('HK/DLX/R/WL/306/0517',60,22,2,267,'2018-08-25',0.00,2,1,'2018-08-25',7,8850.00,20.00,5,0.00,'2018-08-25',0,0,0.00,0.00,0.00,0,0,0.00,2000,0.00,0.00,0.00,0,NULL,NULL,'17','2019-01-26 02:29:34',22),('HK/DLX/R/WL/307/0518',60,22,2,396,'2019-01-14',0.00,2,1,'2019-01-02',1,8850.00,20.00,5,0.00,'2019-01-02',0,0,0.00,0.00,0.00,0,0,0.00,2000,0.00,0.00,0.00,0,NULL,NULL,'17','2019-01-26 02:30:02',22),('HK/DLX/R/WL/308/0519',60,22,2,390,'2019-01-14',0.00,2,1,'2019-01-09',1,8850.00,20.00,5,0.00,'2019-01-09',0,0,0.00,0.00,0.00,0,0,0.00,2000,0.00,0.00,0.00,0,NULL,NULL,'17','2019-01-26 02:30:33',22),('HK/DLX/R/WL/309/0520',60,22,2,397,'2019-01-14',0.00,2,1,'2019-01-02',1,8850.00,20.00,5,0.00,'2019-01-02',0,0,0.00,0.00,0.00,0,0,0.00,2000,0.00,0.00,0.00,0,NULL,NULL,'17','2019-01-26 02:31:03',22),('HK/DLX/R/WL/310/0521',60,22,2,391,'2019-01-14',0.00,2,1,'2019-01-09',1,8850.00,20.00,5,0.00,'2019-01-09',0,0,0.00,0.00,0.00,0,0,0.00,2000,0.00,0.00,0.00,0,NULL,NULL,'17','2019-01-26 02:31:29',22),('HK/DLX/R/WLS/9350',328,22,2,342,'2018-12-27',0.00,2,1,'2018-12-01',1,0.00,0.00,0,0.00,'2018-12-01',0,0,0.00,0.00,0.00,0,0,0.00,2000,0.00,0.00,0.00,0,NULL,NULL,'17','2018-12-27 05:03:54',22),('HK/DLX/R/WR/107/0612',76,22,2,278,'2018-08-28',0.00,2,1,'2018-08-28',3,82800.00,20.00,5,0.00,'2018-08-28',0,0,0.00,0.00,0.00,0,0,0.00,2000,0.00,0.00,0.00,0,NULL,NULL,'17','2019-01-27 02:36:11',22),('HK/DLX/R/WR/301/0613',76,22,2,543,'2019-01-27',0.00,2,1,'2019-01-02',3,82800.00,20.00,5,0.00,'2019-01-02',0,0,0.00,0.00,0.00,0,0,0.00,2000,0.00,0.00,0.00,0,NULL,NULL,'17','2019-01-27 02:37:19',22),('HK/DLX/R/WR/302/0614',76,22,2,544,'2019-01-27',0.00,2,1,'2019-01-02',3,82800.00,20.00,5,0.00,'2019-01-02',0,0,0.00,0.00,0.00,0,0,0.00,2000,0.00,0.00,0.00,0,NULL,NULL,'17','2019-01-27 02:38:44',22),('HK/DLX/R/WR/303/0615',76,22,2,545,'2019-01-27',0.00,2,1,'2019-01-02',3,82800.00,20.00,5,0.00,'2019-01-02',0,0,0.00,0.00,0.00,0,0,0.00,2000,0.00,0.00,0.00,0,NULL,NULL,'17','2019-01-27 02:40:16',22),('HK/DLX/R/WR/304/0616',76,22,2,546,'2019-01-27',0.00,2,1,'2019-01-02',3,82800.00,20.00,5,0.00,'2019-01-02',0,0,0.00,0.00,0.00,0,0,0.00,2000,0.00,0.00,0.00,0,NULL,NULL,'17','2019-01-27 02:41:03',22),('HK/DLX/R/WR/305/0617',76,22,2,547,'2019-01-27',0.00,2,1,'2019-01-02',3,82800.00,20.00,5,0.00,'2019-01-02',0,0,0.00,0.00,0.00,0,0,0.00,2000,0.00,0.00,0.00,0,NULL,NULL,'17','2019-01-27 02:41:53',22),('HK/DLX/R/WR/306/0618',76,22,2,548,'2019-01-27',0.00,2,1,'2019-01-02',3,82800.00,20.00,5,0.00,'2019-01-02',0,0,0.00,0.00,0.00,0,0,0.00,2000,0.00,0.00,0.00,0,NULL,NULL,'17','2019-01-27 02:42:48',22),('HK/DLX/R/WR/307/0619',76,22,2,549,'2019-01-27',0.00,2,1,'2019-01-02',3,82800.00,20.00,5,0.00,'2019-01-02',0,0,0.00,0.00,0.00,0,0,0.00,2000,0.00,0.00,0.00,0,NULL,NULL,'17','2019-01-27 02:43:26',22),('HK/DLX/R/WR/308/0620',76,22,2,550,'2019-01-27',0.00,2,1,'2019-01-02',3,82800.00,20.00,5,0.00,'2019-01-02',0,0,0.00,0.00,0.00,0,0,0.00,2000,0.00,0.00,0.00,0,NULL,NULL,'17','2019-01-27 02:44:18',22),('HK/DLX/R/WR/309/0621',76,22,2,551,'2019-01-27',0.00,2,1,'2019-01-02',3,82800.00,20.00,5,0.00,'2019-01-02',0,0,0.00,0.00,0.00,0,0,0.00,2000,0.00,0.00,0.00,0,NULL,NULL,'17','2019-01-27 02:45:19',22),('HK/DLX/R/WR/310/0622',76,22,2,552,'2019-01-27',0.00,2,1,'2019-01-02',3,82800.00,20.00,5,0.00,'2019-01-02',0,0,0.00,0.00,0.00,0,0,0.00,2000,0.00,0.00,0.00,0,NULL,NULL,'17','2019-01-27 02:46:31',22),('HK/DLX/R/WRL/107/0623',77,22,2,346,'2018-12-28',0.00,2,1,'2018-12-01',1,2550.00,33.00,3,0.00,'2018-12-01',0,0,0.00,0.00,0.00,0,0,0.00,2000,0.00,0.00,0.00,0,NULL,NULL,'17','2019-01-27 03:27:11',22),('HK/DLX/R/WRL/301/0624',77,22,2,553,'2019-01-27',0.00,2,1,'2019-01-02',3,2550.00,33.00,3,0.00,'2019-01-02',0,0,0.00,0.00,0.00,0,0,0.00,2000,0.00,0.00,0.00,0,NULL,NULL,'17','2019-01-27 03:29:55',22),('HK/DLX/R/WRL/302/0625',77,22,2,554,'2019-01-27',0.00,2,1,'2019-01-02',3,2550.00,33.00,3,0.00,'2019-01-02',0,0,0.00,0.00,0.00,0,0,0.00,2000,0.00,0.00,0.00,0,NULL,NULL,'17','2019-01-27 03:33:18',22),('HK/DLX/R/WRL/303/0626',77,22,2,555,'2019-01-27',0.00,2,1,'2019-01-02',3,2550.00,33.00,3,0.00,'2019-01-02',0,0,0.00,0.00,0.00,0,0,0.00,2000,0.00,0.00,0.00,0,NULL,NULL,'17','2019-01-27 03:34:14',22),('HK/DLX/R/WRL/304/0627',77,22,2,556,'2019-01-27',0.00,2,1,'2019-01-02',3,2550.00,33.00,3,0.00,'2019-01-02',0,0,0.00,0.00,0.00,0,0,0.00,2000,0.00,0.00,0.00,0,NULL,NULL,'17','2019-01-27 03:35:16',22),('HK/DLX/R/WRL/305/0628',77,22,2,557,'2019-01-27',0.00,2,1,'2019-01-02',3,2550.00,33.00,3,0.00,'2019-01-02',0,0,0.00,0.00,0.00,0,0,0.00,2000,0.00,0.00,0.00,0,NULL,NULL,'17','2019-01-27 03:36:58',22),('HK/DLX/R/WRL/306/0629',77,22,2,558,'2019-01-27',0.00,2,1,'2019-01-02',3,2550.00,33.00,3,0.00,'2019-01-02',0,0,0.00,0.00,0.00,0,0,0.00,2000,0.00,0.00,0.00,0,NULL,NULL,'17','2019-01-27 03:37:49',22),('HK/DLX/R/WRL/307/0630',77,22,2,559,'2019-01-27',0.00,2,1,'2019-01-02',3,2550.00,33.00,3,0.00,'2019-01-02',0,0,0.00,0.00,0.00,0,0,0.00,2000,0.00,0.00,0.00,0,NULL,NULL,'17','2019-01-27 03:38:52',22),('HK/DLX/R/WRL/308/0631',77,22,2,560,'2019-01-27',0.00,2,1,'2019-01-02',3,2550.00,33.00,3,0.00,'2019-01-02',0,0,0.00,0.00,0.00,0,0,0.00,2000,0.00,0.00,0.00,0,NULL,NULL,'17','2019-01-27 03:39:59',22),('HK/DLX/R/WRL/309/0632',77,22,2,561,'2019-01-27',0.00,2,1,'2019-01-02',3,2550.00,33.00,3,0.00,'2019-01-02',0,0,0.00,0.00,0.00,0,0,0.00,2000,0.00,0.00,0.00,0,NULL,NULL,'17','2019-01-27 03:41:01',22),('HK/DLX/R/WRL/310/0633',77,22,2,562,'2019-01-27',0.00,2,1,'2019-01-02',3,2550.00,33.00,3,0.00,'2019-01-02',0,0,0.00,0.00,0.00,0,0,0.00,2000,0.00,0.00,0.00,0,NULL,NULL,'17','2019-01-27 03:42:43',22),('HK/DLX/R/WSB/107/0766',333,22,2,352,'2019-01-05',0.00,2,1,'2019-01-01',3,0.00,0.00,0,0.00,'2019-01-01',0,0,0.00,0.00,0.00,0,0,0.00,2000,0.00,0.00,0.00,0,NULL,NULL,'17','2019-02-09 03:21:30',22),('HK/DLX/R/WSB/301/0767',333,22,2,662,'2019-01-29',0.00,2,1,'2019-01-02',3,0.00,0.00,0,0.00,'2019-01-02',0,0,0.00,0.00,0.00,0,0,0.00,2000,0.00,0.00,0.00,0,NULL,NULL,'17','2019-02-09 03:22:07',22),('HK/DLX/R/WSB/302/0768',333,22,2,663,'2019-01-29',0.00,2,1,'2019-01-02',3,0.00,0.00,0,0.00,'2019-01-02',0,0,0.00,0.00,0.00,0,0,0.00,2000,0.00,0.00,0.00,0,NULL,NULL,'17','2019-02-09 03:22:47',22),('HK/DLX/R/WSB/303/0769',333,22,2,664,'2019-01-29',0.00,2,1,'2019-01-02',3,0.00,0.00,0,0.00,'2019-01-02',0,0,0.00,0.00,0.00,0,0,0.00,2000,0.00,0.00,0.00,0,NULL,NULL,'17','2019-02-09 03:23:29',22),('HK/DLX/R/WSB/304/0770',333,22,2,665,'2019-02-02',0.00,2,1,'2019-01-02',3,0.00,0.00,0,0.00,'2019-01-02',0,0,0.00,0.00,0.00,0,0,0.00,2000,0.00,0.00,0.00,0,NULL,NULL,'17','2019-02-09 03:24:10',22),('HK/DLX/R/WSB/305/0771',333,22,2,666,'2019-02-02',0.00,2,1,'2019-01-02',3,0.00,0.00,0,0.00,'2019-01-02',0,0,0.00,0.00,0.00,0,0,0.00,2000,0.00,0.00,0.00,0,NULL,NULL,'17','2019-02-09 03:24:27',22),('HK/DLX/R/WSB/306/0772',333,22,2,667,'2019-02-02',0.00,2,1,'2019-01-02',3,0.00,0.00,0,0.00,'2019-01-02',0,0,0.00,0.00,0.00,0,0,0.00,2000,0.00,0.00,0.00,0,NULL,NULL,'17','2019-02-09 03:21:10',22),('HK/DLX/R/WSB/307/0773',333,22,2,668,'2019-02-02',0.00,2,1,'2019-01-02',3,0.00,0.00,0,0.00,'2019-01-02',0,0,0.00,0.00,0.00,0,0,0.00,2000,0.00,0.00,0.00,0,NULL,NULL,'17','2019-02-09 03:21:48',22),('HK/DLX/R/WSB/308/0774',333,22,2,669,'2019-02-02',0.00,2,1,'2019-01-02',3,0.00,0.00,0,0.00,'2019-01-02',0,0,0.00,0.00,0.00,0,0,0.00,2000,0.00,0.00,0.00,0,NULL,NULL,'17','2019-02-09 03:22:30',22),('HK/DLX/R/WSB/309/0775',333,22,2,670,'2019-02-02',0.00,2,1,'2019-01-02',3,0.00,0.00,0,0.00,'2019-01-02',0,0,0.00,0.00,0.00,0,0,0.00,2000,0.00,0.00,0.00,0,NULL,NULL,'17','2019-02-09 03:23:11',22),('HK/DLX/R/WSB/310/0776',333,22,2,671,'2019-02-02',0.00,2,1,'2019-01-02',3,0.00,0.00,0,0.00,'2019-01-02',0,0,0.00,0.00,0.00,0,0,0.00,2000,0.00,0.00,0.00,0,NULL,NULL,'17','2019-02-09 03:23:49',22),('HK/DQ/BED/1005',327,22,2,775,'2019-02-15',0.00,2,1,'2019-02-15',7,0.00,0.00,0,0.00,'2019-02-15',0,0,0.00,0.00,0.00,0,0,0.00,2000,0.00,0.00,0.00,0,NULL,NULL,'17','2019-02-15 00:15:56',22),('HK/DQ/CEFAN/1007',14,22,2,777,'2019-02-15',0.00,2,1,'2019-02-15',3,5000.00,20.00,5,0.00,'2019-02-15',0,0,0.00,0.00,0.00,0,0,0.00,2000,0.00,0.00,0.00,0,NULL,NULL,'17','2019-02-15 00:22:14',22),('HK/DQ/COMM/1008',334,22,2,778,'2019-02-15',0.00,2,1,'2019-02-15',3,0.00,0.00,0,0.00,'2019-02-15',0,0,0.00,0.00,0.00,0,0,0.00,2000,0.00,0.00,0.00,0,NULL,NULL,'17','2019-02-15 00:23:43',22),('HK/DQ/HSHOW/1010',85,22,2,780,'2019-02-15',0.00,2,1,'2019-02-15',3,37792.00,20.00,5,0.00,'2019-02-15',0,0,0.00,0.00,0.00,0,0,0.00,2000,0.00,0.00,0.00,0,NULL,NULL,'17','2019-02-15 00:42:10',22),('HK/DQ/METT/1006',319,22,2,776,'2019-02-15',0.00,2,1,'2019-02-15',7,3773.00,0.00,0,0.00,'2019-02-15',0,0,0.00,0.00,0.00,0,0,0.00,2000,0.00,0.00,0.00,0,NULL,NULL,'17','2019-02-15 00:20:35',22),('HK/DQ/TV/LCD/1011',336,22,2,781,'2019-02-15',0.00,2,1,'2019-02-15',3,0.00,0.00,0,0.00,'2019-02-15',0,0,0.00,0.00,0.00,0,0,0.00,2000,0.00,0.00,0.00,0,NULL,NULL,'17','2019-02-15 00:46:48',22),('HK/DQ/WASBA/1009',333,22,2,779,'2019-02-15',0.00,2,1,'2019-02-15',3,0.00,0.00,0,0.00,'2019-02-15',0,0,0.00,0.00,0.00,0,0,0.00,2000,0.00,0.00,0.00,0,NULL,NULL,'17','2019-02-15 00:28:02',22),('HK/ELE/AC/A/8230',258,22,2,302,'2018-08-28',0.00,2,1,'2018-08-28',3,182900.00,0.00,0,0.00,'2018-08-28',0,0,0.00,0.00,0.00,0,0,0.00,2000,0.00,0.00,0.00,0,NULL,NULL,'17','2018-08-28 01:56:51',22),('HK/HI/RI/B//8195',256,22,2,301,'2018-08-28',0.00,2,1,'2018-08-28',14,852.17,0.00,0,0.00,'2018-08-28',0,0,0.00,0.00,0.00,0,0,0.00,2000,0.00,0.00,0.00,0,NULL,NULL,'17','2018-08-28 01:53:30',22),('HK/HI/RI/D/8192',251,22,2,297,'2018-08-28',0.00,2,1,'2018-08-28',13,17825.00,0.00,0,0.00,'2018-08-28',0,0,0.00,0.00,0.00,0,0,0.00,2000,0.00,0.00,0.00,0,NULL,NULL,'17','2018-08-28 01:47:34',22),('HK/HI/RI/D/8193',254,22,2,299,'2018-08-28',0.00,2,1,'2018-08-28',23,991.30,0.00,0,0.00,'2018-08-28',0,0,0.00,0.00,0.00,0,0,0.00,2000,0.00,0.00,0.00,0,NULL,NULL,'17','2018-08-28 01:50:42',22),('HK/HI/RI/P/8190',309,22,2,289,'2018-08-28',0.00,2,1,'2018-08-28',17,315.00,0.00,0,0.00,'2018-08-28',0,0,0.00,0.00,0.00,0,0,0.00,2000,0.00,0.00,0.00,0,NULL,NULL,'17','2018-08-28 00:56:38',22),('HK/HI/RI/P/8191',310,22,2,290,'2018-08-28',0.00,2,1,'2018-08-28',25,330.00,0.00,0,0.00,'2018-08-28',0,0,0.00,0.00,0.00,0,0,0.00,2000,0.00,0.00,0.00,0,NULL,NULL,'17','2018-08-28 00:59:14',22),('HK/HI/SQ/ME/8250',319,22,2,316,'2018-11-20',0.00,2,1,'2018-11-08',28,3773.00,0.00,0,3773.00,'2018-11-08',0,0,3773.00,0.00,0.00,0,0,0.00,2000,0.00,0.00,0.00,0,NULL,NULL,'17','2018-11-20 02:30:52',22),('HK/HI/SQ/ME/8251',319,22,2,317,'2018-11-20',0.00,2,1,'2018-11-08',28,3773.00,0.00,0,3773.00,'2018-11-08',0,0,3773.00,0.00,0.00,0,0,0.00,2000,0.00,0.00,0.00,0,NULL,NULL,'17','2018-11-20 02:33:47',22),('HK/HI/SQ/ME/8252',319,22,2,318,'2018-11-20',0.00,2,1,'2018-11-08',28,3773.00,0.00,0,3773.00,'2018-11-08',0,0,3773.00,0.00,0.00,0,0,0.00,2000,0.00,0.00,0.00,0,NULL,NULL,'17','2018-11-20 02:37:26',22),('HK/HI/SQ/ME/8253',319,22,2,319,'2018-11-20',0.00,2,1,'2018-11-08',28,3773.00,0.00,0,3773.00,'2018-11-08',0,0,3773.00,0.00,0.00,0,0,0.00,2000,0.00,0.00,0.00,0,NULL,NULL,'17','2018-11-20 02:47:35',22),('HK/HI/SQ/ME/8254',319,22,2,320,'2018-11-20',0.00,2,1,'2018-11-08',28,3773.00,0.00,0,3773.00,'2018-11-08',0,0,3773.00,0.00,0.00,0,0,0.00,2000,0.00,0.00,0.00,0,NULL,NULL,'17','2018-11-20 03:15:22',22),('HK/HI/SQ/ME/8255',319,22,2,321,'2018-11-20',0.00,2,1,'2018-11-08',28,3773.00,0.00,0,3773.00,'2018-11-08',0,0,3773.00,0.00,0.00,0,0,0.00,2000,0.00,0.00,0.00,0,NULL,NULL,'17','2018-11-20 03:18:12',22),('HK/HI/SQ/ME/8256',319,22,2,322,'2018-11-20',0.00,2,1,'2018-11-08',28,3773.00,0.00,0,3773.00,'2018-11-08',0,0,3773.00,0.00,0.00,0,0,0.00,2000,0.00,0.00,0.00,0,NULL,NULL,'17','2018-11-20 03:19:53',22),('HK/HI/SQ/ME/8257',319,22,2,323,'2018-11-20',0.00,2,1,'2018-11-08',28,3773.00,0.00,0,3773.00,'2018-11-08',0,0,3773.00,0.00,0.00,0,0,0.00,2000,0.00,0.00,0.00,0,NULL,NULL,'17','2018-11-20 03:22:05',22),('HK/HI/SQ/ME/8258',319,22,2,324,'2018-11-20',0.00,2,1,'2018-11-08',28,3773.00,0.00,0,0.00,'2018-11-08',0,0,3773.00,0.00,0.00,0,0,0.00,2000,0.00,0.00,0.00,0,NULL,NULL,'17','2018-11-20 03:27:07',22),('HK/HI/SQ/ME/8259',319,22,2,325,'2018-11-20',0.00,2,1,'2018-11-08',28,3773.00,0.00,0,3773.00,'2018-11-08',0,0,3773.00,0.00,0.00,0,0,0.00,2000,0.00,0.00,0.00,0,NULL,NULL,'17','2018-11-20 03:31:37',22),('HK/LAUN/DIRY/10600',93,22,2,356,'2019-01-05',0.00,2,1,'2019-01-01',3,590945.83,20.00,5,0.00,'2019-01-01',0,0,0.00,0.00,0.00,0,0,0.00,2000,0.00,0.00,0.00,0,NULL,NULL,'17','2019-01-05 02:41:01',22),('HK/LAUN/INIORN/1001',344,22,2,358,'2019-01-05',0.00,2,1,'2019-01-01',3,0.00,0.00,0,0.00,'2019-01-01',0,0,0.00,0.00,0.00,0,0,0.00,2000,0.00,0.00,0.00,0,NULL,NULL,'17','2019-02-13 21:44:15',22),('HK/LAUN/STIORN/1002',345,22,2,359,'2019-01-05',0.00,2,1,'2019-01-01',3,0.00,0.00,0,0.00,'2019-01-01',0,0,0.00,0.00,0.00,0,0,0.00,2000,0.00,0.00,0.00,0,NULL,NULL,'17','2019-02-13 21:45:21',22),('HK/LAUN/WM/1000',349,22,2,773,'2019-02-14',0.00,2,1,'2019-02-14',3,780278.78,20.00,0,0.00,'2019-02-14',0,0,0.00,0.00,0.00,0,0,0.00,2000,0.00,0.00,0.00,0,NULL,NULL,'17','2019-02-13 21:42:36',22),('HK/LAUN/WM/10610',94,22,2,357,'2019-01-05',0.00,2,1,'2019-01-01',3,780278.78,20.00,5,0.00,'2019-01-01',0,0,0.00,0.00,0.00,0,0,0.00,2000,0.00,0.00,0.00,0,NULL,NULL,'17','2019-01-05 02:49:24',22),('HK/LI/MACH/G/8180',93,22,2,287,'2018-08-28',0.00,2,1,'2018-08-28',3,590945.83,20.00,5,0.00,'2018-08-28',0,0,0.00,0.00,0.00,0,0,0.00,2000,0.00,0.00,0.00,0,NULL,NULL,'17','2018-08-28 00:52:52',22),('HK/LI/MACH/W/8181',94,22,2,288,'2018-08-28',0.00,2,1,'2018-08-28',3,780278.78,20.00,5,0.00,'2018-08-28',0,0,0.00,0.00,0.00,0,0,0.00,2000,0.00,0.00,0.00,0,NULL,NULL,'17','2018-08-28 00:55:01',22),('HK/PBA/FLPOL/1004',350,22,2,774,'2019-02-14',0.00,2,1,'2019-02-14',3,0.00,0.00,0,0.00,'2019-02-14',0,0,0.00,0.00,0.00,0,0,0.00,2000,0.00,0.00,0.00,0,NULL,NULL,'17','2019-02-13 21:53:48',22),('HK/PBA/VACU/1003',315,22,2,303,'2018-10-16',0.00,2,1,'2018-05-17',23,18905.00,0.00,0,0.00,'2018-10-16',0,0,0.00,0.00,0.00,0,0,0.00,2000,0.00,0.00,0.00,0,NULL,NULL,'17','2019-02-13 21:47:29',22),('HK/ST/ST/V/8141',139,22,2,292,'2018-08-28',0.00,2,1,'2018-08-28',3,18905.00,0.00,0,0.00,'2018-08-28',0,0,0.00,0.00,0.00,0,0,0.00,2000,0.00,0.00,0.00,0,NULL,NULL,'17','2018-08-28 01:07:36',22),('HK/STA/R/BED/22/0877',327,22,2,742,'2019-02-09',0.00,2,1,'2019-02-09',7,0.00,0.00,0,0.00,'2019-02-09',0,0,0.00,0.00,0.00,0,0,0.00,2000,0.00,0.00,0.00,0,NULL,NULL,'17','2019-02-09 01:58:35',22),('HK/STA/R/BM/22/0885',81,22,2,750,'2019-02-09',0.00,2,1,'2019-02-09',3,24000.00,20.00,5,0.00,'2019-02-09',0,0,0.00,0.00,0.00,0,0,0.00,2000,0.00,0.00,0.00,0,NULL,NULL,'17','2019-02-09 02:14:57',22),('HK/STA/R/BOX/208/0897',336,22,2,762,'2019-02-09',0.00,2,1,'2019-02-09',3,0.00,0.00,0,0.00,'2019-02-09',0,0,0.00,0.00,0.00,0,0,0.00,2000,0.00,0.00,0.00,0,NULL,NULL,'17','2019-02-09 02:56:46',22),('HK/STA/R/BOX/210/0898',336,22,2,763,'2019-02-09',0.00,2,1,'2019-02-09',3,0.00,0.00,0,0.00,'2019-02-09',0,0,0.00,0.00,0.00,0,0,0.00,2000,0.00,0.00,0.00,0,NULL,NULL,'17','2019-02-09 02:56:27',22),('HK/STA/R/BOX/211/0899',336,22,2,764,'2019-02-09',0.00,2,1,'2019-02-09',3,0.00,0.00,0,0.00,'2019-02-09',0,0,0.00,0.00,0.00,0,0,0.00,2000,0.00,0.00,0.00,0,NULL,NULL,'17','2019-02-09 02:56:07',22),('HK/STA/R/BOX/212/0900',336,22,2,765,'2019-02-09',0.00,2,1,'2019-02-09',3,0.00,0.00,0,0.00,'2019-02-09',0,0,0.00,0.00,0.00,0,0,0.00,2000,0.00,0.00,0.00,0,NULL,NULL,'17','2019-02-09 02:55:48',22),('HK/STA/R/BOX/214/0901',336,22,2,766,'2019-02-09',0.00,2,1,'2019-02-09',3,0.00,0.00,0,0.00,'2019-02-09',0,0,0.00,0.00,0.00,0,0,0.00,2000,0.00,0.00,0.00,0,NULL,NULL,'17','2019-02-09 02:55:16',22),('HK/STA/R/BT/22/0883',326,22,2,748,'2019-02-09',0.00,2,1,'2019-02-09',7,0.00,0.00,0,0.00,'2019-02-09',0,0,0.00,0.00,0.00,0,0,0.00,2000,0.00,0.00,0.00,0,NULL,NULL,'17','2019-02-09 02:12:14',22),('HK/STA/R/CF/209/0892',14,22,2,757,'2019-02-09',0.00,2,1,'2019-02-09',3,5000.00,20.00,5,0.00,'2019-02-09',0,0,0.00,0.00,0.00,0,0,0.00,2000,0.00,0.00,0.00,0,NULL,NULL,'17','2019-02-09 02:32:56',22),('HK/STA/R/CF/210/0893',14,22,2,758,'2019-02-09',0.00,2,1,'2019-02-09',3,5000.00,20.00,5,0.00,'2019-02-09',0,0,0.00,0.00,0.00,0,0,0.00,2000,0.00,0.00,0.00,0,NULL,NULL,'17','2019-02-09 02:34:31',22),('HK/STA/R/CF/211/0894',14,22,2,759,'2019-02-09',0.00,2,1,'2019-02-09',3,5000.00,20.00,5,0.00,'2019-02-09',0,0,0.00,0.00,0.00,0,0,0.00,2000,0.00,0.00,0.00,0,NULL,NULL,'17','2019-02-09 02:35:51',22),('HK/STA/R/CF/212/0895',14,22,2,760,'2019-02-09',0.00,2,1,'2019-02-09',3,5000.00,20.00,5,0.00,'2019-02-09',0,0,0.00,0.00,0.00,0,0,0.00,2000,0.00,0.00,0.00,0,NULL,NULL,'17','2019-02-09 02:37:07',22),('HK/STA/R/CF/214/0896',14,22,2,761,'2019-02-09',0.00,2,1,'2019-02-09',3,5000.00,20.00,5,0.00,'2019-02-09',0,0,0.00,0.00,0.00,0,0,0.00,2000,0.00,0.00,0.00,0,NULL,NULL,'17','2019-02-09 02:38:42',22),('HK/STA/R/CH/44/0876',72,22,2,741,'2019-02-09',0.00,2,1,'2019-02-09',7,52500.00,20.00,5,0.00,'2019-02-09',0,0,0.00,0.00,0.00,0,0,0.00,2000,0.00,0.00,0.00,0,NULL,NULL,'17','2019-02-09 01:56:49',22),('HK/STA/R/CL/22/0881',339,22,2,746,'2019-02-09',0.00,2,1,'2019-02-09',1,0.00,0.00,0,0.00,'2019-02-09',0,0,0.00,0.00,0.00,0,0,0.00,2000,0.00,0.00,0.00,0,NULL,NULL,'17','2019-02-09 02:08:50',22),('HK/STA/R/COM/22/0889',334,22,2,754,'2019-02-09',0.00,2,1,'2019-02-09',3,0.00,0.00,0,0.00,'2019-02-09',0,0,0.00,0.00,0.00,0,0,0.00,2000,0.00,0.00,0.00,0,NULL,NULL,'17','2019-02-09 02:26:44',22),('HK/STA/R/DT/22/0879',64,22,2,744,'2019-02-09',0.00,2,1,'2019-02-09',3,83375.00,20.00,5,0.00,'2019-02-09',0,0,0.00,0.00,0.00,0,0,0.00,2000,0.00,0.00,0.00,0,NULL,NULL,'17','2019-02-09 02:02:22',22),('HK/STA/R/HB/22/0882',69,22,2,747,'2019-02-09',0.00,2,1,'2019-02-09',7,179275.00,20.00,5,0.00,'2019-02-09',0,0,0.00,0.00,0.00,0,0,0.00,2000,0.00,0.00,0.00,0,NULL,NULL,'17','2019-02-09 02:09:59',22),('HK/STA/R/HS/22/0886',85,22,2,751,'2019-02-09',0.00,2,1,'2019-02-09',3,37792.00,20.00,5,0.00,'2019-02-09',0,0,0.00,0.00,0.00,0,0,0.00,2000,0.00,0.00,0.00,0,NULL,NULL,'17','2019-02-09 02:23:12',22),('HK/STA/R/LCD/205/0903',336,22,2,768,'2019-02-09',0.00,2,1,'2019-02-09',3,0.00,0.00,0,0.00,'2019-02-09',0,0,0.00,0.00,0.00,0,0,0.00,2000,0.00,0.00,0.00,0,NULL,NULL,'17','2019-02-09 02:54:22',22),('HK/STA/R/LCD/209/0902',336,22,2,767,'2019-02-09',0.00,2,1,'2019-02-09',3,0.00,0.00,0,0.00,'2019-02-09',0,0,0.00,0.00,0.00,0,0,0.00,2000,0.00,0.00,0.00,0,NULL,NULL,'17','2019-02-09 02:54:42',22),('HK/STA/R/LCD204/0904',336,22,2,769,'2019-02-09',0.00,2,1,'2019-02-09',3,0.00,0.00,0,0.00,'2019-02-09',0,0,0.00,0.00,0.00,0,0,0.00,2000,0.00,0.00,0.00,0,NULL,NULL,'17','2019-02-09 02:53:53',22),('HK/STA/R/LED/102/0905',348,22,2,770,'2019-02-09',0.00,2,1,'2019-02-09',3,0.00,0.00,0,0.00,'2019-02-09',0,0,0.00,0.00,0.00,0,0,0.00,2000,0.00,0.00,0.00,0,NULL,NULL,'17','2019-02-09 03:05:02',22),('HK/STA/R/LED/103/0906',348,22,2,771,'2019-02-09',0.00,2,1,'2019-02-09',3,0.00,0.00,0,0.00,'2019-02-09',0,0,0.00,0.00,0.00,0,0,0.00,2000,0.00,0.00,0.00,0,NULL,NULL,'17','2019-02-09 03:06:42',22),('HK/STA/R/LED/12/0907',347,22,2,772,'2019-02-09',0.00,2,1,'2019-02-09',3,0.00,0.00,0,0.00,'2019-02-09',0,0,0.00,0.00,0.00,0,0,0.00,2000,0.00,0.00,0.00,0,NULL,NULL,'17','2019-02-09 03:08:11',22),('HK/STA/R/METT/203/0891',70,22,2,756,'2019-02-09',0.00,2,1,'2019-02-09',3,29000.00,33.00,3,0.00,'2019-02-09',0,0,0.00,0.00,0.00,0,0,0.00,2000,0.00,0.00,0.00,0,NULL,NULL,'17','2019-02-09 02:30:23',22),('HK/STA/R/METT/42/0890',319,22,2,755,'2019-02-09',0.00,2,1,'2019-02-09',3,3773.00,0.00,0,0.00,'2019-02-09',0,0,0.00,0.00,0.00,0,0,0.00,2000,0.00,0.00,0.00,0,NULL,NULL,'17','2019-02-09 02:29:20',22),('HK/STA/R/MIR/22/0880',65,22,2,745,'2019-02-09',0.00,2,1,'2019-02-09',7,16412.00,20.00,5,0.00,'2019-02-09',0,0,0.00,0.00,0.00,0,0,0.00,2000,0.00,0.00,0.00,0,NULL,NULL,'17','2019-02-09 02:03:42',22),('HK/STA/R/SH/22/0887',89,22,2,752,'2019-02-09',0.00,2,1,'2019-02-09',3,5849.78,20.00,5,0.00,'2019-02-09',0,0,0.00,0.00,0.00,0,0,0.00,2000,0.00,0.00,0.00,0,NULL,NULL,'17','2019-02-09 02:24:26',22),('HK/STA/R/TT/22/0884',346,22,2,749,'2019-02-09',0.00,2,1,'2019-02-09',7,36450.00,20.00,5,0.00,'2019-02-09',0,0,0.00,0.00,0.00,0,0,0.00,2000,0.00,0.00,0.00,0,NULL,NULL,'17','2019-02-09 02:13:38',22),('HK/STA/R/WB/22/0888',333,22,2,753,'2019-02-09',0.00,2,1,'2019-02-09',3,0.00,0.00,0,0.00,'2019-02-09',0,0,0.00,0.00,0.00,0,0,0.00,2000,0.00,0.00,0.00,0,NULL,NULL,'17','2019-02-09 02:25:32',22),('HK/STA/R/WL/66/0878',60,22,2,743,'2019-02-09',0.00,2,1,'2019-02-09',1,8850.00,20.00,5,0.00,'2019-02-09',0,0,0.00,0.00,0.00,0,0,0.00,2000,0.00,0.00,0.00,0,NULL,NULL,'17','2019-02-09 02:01:09',22),('IT/COM/CPU/C/0135',37,3,2,239,'2018-08-23',0.00,2,1,'2018-08-23',3,60000.00,20.00,5,0.00,'2018-08-23',0,0,0.00,0.00,0.00,0,0,0.00,2000,0.00,0.00,0.00,0,NULL,NULL,'17','2019-01-21 03:25:42',3),('IT/COM/LAP/L/0130',3,3,2,234,'2018-08-23',0.00,2,1,'2018-08-23',9,40000.00,20.00,5,0.00,'2018-08-23',0,0,0.00,0.00,20.00,5,0,0.00,2000,0.00,0.00,0.00,0,NULL,NULL,'17','2019-01-21 03:23:49',3),('IT/COM/MO/M/0136',38,3,2,240,'2018-08-23',0.00,2,1,'2018-08-23',3,10000.00,33.00,3,0.00,'2018-08-23',0,0,0.00,0.00,0.00,0,0,0.00,2000,0.00,0.00,0.00,0,NULL,NULL,'17','2019-01-21 03:25:58',3),('IT/FUNI/TAB/T/0137',39,3,2,241,'2018-08-23',0.00,2,1,'2018-08-23',3,12000.00,10.00,10,0.00,'2018-08-23',0,0,0.00,0.00,0.00,0,0,0.00,2000,0.00,0.00,0.00,0,NULL,NULL,'17','2019-01-21 03:26:14',3),('IT/NET/SWI/S/0131',33,3,2,235,'2018-08-23',0.00,2,1,'2018-08-23',6,18500.00,20.00,5,0.00,'2018-08-23',0,0,0.00,0.00,0.00,0,0,0.00,2000,0.00,0.00,0.00,0,NULL,NULL,'17','2019-01-21 03:24:14',3),('IT/NET/SWI/S/0132',34,3,2,236,'2018-08-23',0.00,2,1,'2018-08-23',6,20000.00,20.00,5,0.00,'2018-08-23',0,0,0.00,0.00,0.00,0,0,0.00,2000,0.00,0.00,0.00,0,NULL,NULL,'17','2019-01-21 03:24:38',3),('IT/NET/SWI/S/0138',48,3,2,242,'2018-08-23',0.00,2,1,'2018-08-23',6,4000.00,33.00,3,0.00,'2018-08-23',0,10003,0.00,0.00,0.00,0,0,0.00,2000,0.00,0.00,0.00,0,NULL,NULL,'17','2019-01-21 03:26:34',3),('IT/NET/WF/W/0133',35,3,2,237,'2018-08-23',0.00,2,1,'2018-08-23',9,130000.00,20.00,5,0.00,'2018-08-23',0,0,0.00,0.00,0.00,0,0,0.00,2000,0.00,0.00,0.00,0,NULL,NULL,'17','2019-01-21 03:24:57',3),('IT/UPS/1200MV/U/0134',36,3,2,238,'2018-08-23',0.00,2,1,'2018-08-23',9,8500.00,50.00,2,0.00,'2018-08-23',0,0,0.00,0.00,0.00,0,0,0.00,2000,0.00,0.00,0.00,0,NULL,NULL,'17','2019-01-21 03:25:24',3),('KI/CIT/CTO/HOPC/0396',167,16,2,48,'2018-07-12',0.00,2,78,'2018-07-12',3,0.00,0.00,0,0.00,'2018-07-12',0,0,0.00,0.00,0.00,0,0,0.00,2000,0.00,0.00,0.00,0,NULL,NULL,'17','2019-01-24 04:36:53',16),('KI/ELE/FAN/WLFAN/0457',222,16,2,101,'2018-07-20',0.00,2,1,'2018-07-20',3,0.00,0.00,0,0.00,'2018-07-20',0,0,0.00,0.00,0.00,0,0,0.00,2000,0.00,0.00,0.00,0,NULL,NULL,'17','2019-01-23 07:11:31',16),('KI/ELE/MCH/KOTM/0465',236,16,2,115,'2018-07-20',0.00,2,1,'2018-07-20',3,0.00,0.00,0,0.00,'2018-07-20',0,0,0.00,0.00,0.00,0,0,0.00,2000,0.00,0.00,0.00,0,NULL,NULL,'17','2019-01-24 05:32:40',16),('KI/ELE/OV/SOV/0350',101,16,2,2,'2018-07-11',0.00,2,1,'2018-07-07',3,0.00,20.00,5,0.00,'2018-07-07',7,0,0.00,0.00,20.00,5,0,0.00,2000,0.00,0.00,0.00,0,NULL,NULL,'17','2019-01-23 05:25:06',16),('KI/FUR/CHR/OCHR/0453',224,16,2,103,'2018-07-20',0.00,2,2,'2018-07-20',3,0.00,0.00,0,0.00,'2018-07-20',0,0,0.00,0.00,0.00,0,0,0.00,2000,0.00,0.00,0.00,0,NULL,NULL,'17','2019-01-23 07:13:02',16),('KI/KI/KTO/MELSCO/0448',219,16,2,98,'2018-07-19',0.00,2,2,'2018-07-19',3,0.00,0.00,0,0.00,'2018-07-19',0,0,0.00,0.00,0.00,0,0,0.00,2000,0.00,0.00,0.00,0,NULL,NULL,'17','2019-01-24 05:03:45',16),('KI/KIT/CI/BRSLCR/0354',123,16,2,6,'2018-07-11',0.00,2,1,'2018-07-11',3,0.00,0.00,0,0.00,'2018-07-11',0,0,0.00,0.00,0.00,0,0,0.00,2000,0.00,0.00,0.00,0,NULL,NULL,'17','2019-01-23 05:29:58',16),('KI/KIT/CI/COV/0351',119,16,2,3,'2018-07-11',0.00,2,1,'2018-07-11',3,0.00,0.00,0,0.00,'2018-07-11',0,0,0.00,0.00,0.00,0,0,0.00,2000,0.00,0.00,0.00,0,NULL,NULL,'17','2019-01-23 05:28:11',16),('KI/KIT/CI/DMX/0352',121,16,2,4,'2018-07-11',0.00,2,1,'2018-07-11',3,0.00,0.00,0,0.00,'2018-07-11',0,0,0.00,0.00,0.00,0,0,0.00,2000,0.00,0.00,0.00,0,NULL,NULL,'17','2019-01-23 05:27:58',16),('KI/KIT/CI/MIXBWL/0353',122,16,2,5,'2018-07-11',0.00,2,3,'2018-07-11',3,0.00,0.00,0,0.00,'2018-07-11',0,0,0.00,0.00,0.00,0,0,0.00,2000,0.00,0.00,0.00,0,NULL,NULL,'17','2019-01-23 05:29:04',16),('KI/KIT/CTO/BRTO/0360',130,16,2,12,'2018-07-11',0.00,2,1,'2018-07-11',3,0.00,0.00,0,0.00,'2018-07-11',0,0,0.00,0.00,0.00,0,0,0.00,2000,0.00,0.00,0.00,0,NULL,NULL,'17','2019-01-24 04:21:05',16),('KI/KIT/CTO/DFRY/0357',127,16,2,9,'2018-07-11',0.00,2,1,'2018-07-11',3,0.00,0.00,0,0.00,'2018-07-11',0,0,0.00,0.00,0.00,0,0,0.00,2000,0.00,0.00,0.00,0,NULL,NULL,'17','2019-01-24 04:20:14',16),('KI/KIT/CTO/MIOV/0358',128,16,2,10,'2018-07-11',0.00,2,1,'2018-07-11',3,0.00,0.00,0,0.00,'2018-07-11',0,0,0.00,0.00,0.00,0,0,0.00,2000,0.00,0.00,0.00,0,NULL,NULL,'17','2019-01-24 04:20:22',16),('KI/KIT/CTO/RSTMR/0359',129,16,2,11,'2018-07-11',0.00,2,1,'2018-07-11',3,0.00,0.00,0,0.00,'2018-07-11',0,0,0.00,0.00,0.00,0,0,0.00,2000,0.00,0.00,0.00,0,NULL,NULL,'17','2019-01-24 04:19:24',16),('KI/KIT/CTO/SINK/0366',136,16,2,18,'2018-07-11',0.00,2,4,'2018-07-11',3,0.00,0.00,0,0.00,'2018-07-11',0,0,0.00,0.00,0.00,0,0,0.00,2000,0.00,0.00,0.00,0,NULL,NULL,'17','2019-01-24 04:24:38',16),('KI/KIT/ELE/SCAIL/0500',455,16,2,909,'2019-06-12',0.00,2,1,'2019-03-25',32,28500.00,0.00,0,28500.00,'2019-03-25',0,0,0.00,0.00,0.00,0,0,0.00,2000,0.00,0.00,0.00,0,NULL,NULL,'17','2019-06-12 02:53:01',16),('KI/KIT/HKIT/CHLR/0469',244,16,2,119,'2018-07-20',0.00,2,1,'2018-07-20',3,0.00,0.00,0,0.00,'2018-07-20',0,0,0.00,0.00,0.00,0,0,0.00,2000,0.00,0.00,0.00,0,NULL,NULL,'17','2019-01-23 07:26:08',16),('KI/KIT/HKIT/COOLR/0384',155,16,2,36,'2018-07-12',0.00,2,3,'2018-07-12',3,0.00,0.00,0,0.00,'2018-07-12',0,0,0.00,0.00,0.00,0,0,0.00,2000,0.00,0.00,0.00,0,NULL,NULL,'17','2019-01-24 04:31:47',16),('KI/KIT/HKIT/FRZR/0470',245,16,2,120,'2018-07-20',0.00,2,1,'2018-07-20',3,0.00,0.00,0,0.00,'2018-07-20',0,0,0.00,0.00,0.00,0,0,0.00,2000,0.00,0.00,0.00,0,NULL,NULL,'17','2019-01-23 07:26:47',16),('KI/KIT/HKIT/OVGT/0471',246,16,2,121,'2018-07-20',0.00,2,1,'2018-07-20',3,0.00,0.00,0,0.00,'2018-07-20',0,0,0.00,0.00,0.00,0,0,0.00,2000,0.00,0.00,0.00,0,NULL,NULL,'17','2019-01-24 05:36:02',16),('KI/KIT/KITO/ZIZPLT/0460',231,16,2,110,'2018-07-20',0.00,2,3,'2018-07-20',3,0.00,0.00,0,0.00,'2018-07-20',0,0,0.00,0.00,0.00,0,0,0.00,2000,0.00,0.00,0.00,0,NULL,NULL,'17','2019-01-23 07:19:42',16),('KI/KIT/KTO/2BNR/0365',135,16,2,17,'2018-07-11',0.00,2,3,'2018-07-11',3,0.00,0.00,0,0.00,'2018-07-11',0,0,0.00,0.00,0.00,0,0,0.00,2000,0.00,0.00,0.00,0,NULL,NULL,'17','2019-01-24 04:24:16',16),('KI/KIT/KTO/4RNBU/0364',134,16,2,16,'2018-07-11',0.00,2,1,'2018-07-11',3,0.00,0.00,0,0.00,'2018-07-11',0,0,0.00,0.00,0.00,0,0,0.00,2000,0.00,0.00,0.00,0,NULL,NULL,'17','2019-01-24 04:24:04',16),('KI/KIT/KTO/ALPOT/0427',198,16,2,77,'2018-07-14',0.00,2,10,'2018-07-14',3,0.00,0.00,0,0.00,'2018-07-14',0,0,0.00,0.00,0.00,0,0,0.00,2000,0.00,0.00,0.00,0,NULL,NULL,'17','2019-01-24 04:52:21',16),('KI/KIT/KTO/ALTRY/0428',199,16,2,78,'2018-07-14',0.00,2,20,'2018-07-14',3,0.00,0.00,0,0.00,'2018-07-14',0,0,0.00,0.00,0.00,0,0,0.00,2000,0.00,0.00,0.00,0,NULL,NULL,'17','2019-01-24 04:52:32',16),('KI/KIT/KTO/BBQ/0378',149,16,2,30,'2018-07-12',0.00,2,2,'2018-07-12',3,0.00,0.00,0,0.00,'2018-07-12',0,0,0.00,0.00,0.00,0,0,0.00,2000,0.00,0.00,0.00,0,NULL,NULL,'17','2019-01-24 05:57:37',16),('kI/KIT/KTO/BDMLD/0425',196,16,2,75,'2018-07-14',0.00,2,13,'2018-07-14',3,0.00,0.00,0,0.00,'2018-07-14',0,0,0.00,0.00,0.00,0,0,0.00,2000,0.00,0.00,0.00,0,NULL,NULL,'17','2019-01-24 04:51:33',16),('KI/KIT/KTO/BKNIF/0441',212,16,2,91,'2018-07-19',0.00,2,1,'2018-07-19',3,0.00,0.00,0,0.00,'2018-07-19',0,0,0.00,0.00,0.00,0,0,0.00,2000,0.00,0.00,0.00,0,NULL,NULL,'17','2019-01-24 04:59:45',16),('KI/KIT/KTO/BLBWL/0456',227,16,2,106,'2018-07-20',0.00,2,27,'2018-07-20',3,0.00,0.00,0,0.00,'2018-07-20',0,0,0.00,0.00,0.00,0,0,0.00,2000,0.00,0.00,0.00,0,NULL,NULL,'17','2019-01-24 05:13:44',16),('KI/KIT/KTO/BNMAR/0388',159,16,2,40,'2018-07-12',0.00,2,1,'2018-07-12',3,0.00,0.00,0,0.00,'2018-07-12',0,0,0.00,0.00,0.00,0,0,0.00,2000,0.00,0.00,0.00,0,NULL,NULL,'17','2019-01-24 04:33:03',16),('KI/KIT/KTO/BRTPAN/0446',217,16,2,96,'2018-07-19',0.00,2,1,'2018-07-19',3,0.00,0.00,0,1.00,'2018-07-19',0,0,0.00,0.00,0.00,0,0,0.00,2000,0.00,0.00,0.00,0,NULL,NULL,'17','2019-01-24 05:02:35',16),('KI/KIT/KTO/BTCKNF/0398',169,16,2,50,'2018-07-12',0.00,2,2,'2018-07-12',3,0.00,0.00,0,0.00,'2018-07-12',0,0,0.00,0.00,0.00,0,0,0.00,2000,0.00,0.00,0.00,0,NULL,NULL,'17','2019-01-24 04:37:45',16),('KI/KIT/KTO/BTHUM/0397',168,16,2,49,'2018-07-12',0.00,2,1,'2018-07-12',3,0.00,0.00,0,0.00,'2018-07-12',0,0,0.00,0.00,0.00,0,0,0.00,2000,0.00,0.00,0.00,0,NULL,NULL,'17','2019-01-24 05:55:45',16),('KI/KIT/KTO/BXGRT/0371',142,16,2,23,'2018-07-12',0.00,2,1,'2018-07-12',3,0.00,0.00,0,0.00,'2018-07-12',0,0,0.00,0.00,0.00,0,0,0.00,2000,0.00,0.00,0.00,0,NULL,NULL,'17','2019-01-24 04:26:51',16),('KI/KIT/KTO/CANOP/0392',163,16,2,44,'2018-07-12',0.00,2,1,'2018-07-12',3,0.00,0.00,0,0.00,'2018-07-12',0,0,0.00,0.00,0.00,0,0,0.00,2000,0.00,0.00,0.00,0,NULL,NULL,'17','2019-01-24 04:34:17',16),('KI/KIT/KTO/CEMAT/0439',210,16,2,89,'2018-07-19',0.00,2,2,'2018-07-19',3,0.00,0.00,0,0.00,'2018-07-19',0,0,0.00,0.00,0.00,0,0,0.00,2000,0.00,0.00,0.00,0,NULL,NULL,'17','2019-01-24 04:58:59',16),('KI/KIT/KTO/CEMLD/0440',211,16,2,90,'2018-07-19',0.00,2,10,'2018-07-19',3,0.00,0.00,0,0.00,'2018-07-19',0,0,0.00,0.00,0.00,0,0,0.00,2000,0.00,0.00,0.00,0,NULL,NULL,'17','2019-01-24 04:59:10',16),('KI/KIT/KTO/CKRNG/0430',201,16,2,80,'2018-07-19',0.00,2,10,'2018-07-19',3,0.00,0.00,0,0.00,'2018-07-19',0,0,0.00,0.00,0.00,0,0,0.00,2000,0.00,0.00,0.00,0,NULL,NULL,'17','2019-01-24 04:54:25',16),('KI/KIT/KTO/CKSTD/0447',218,16,2,97,'2018-07-19',0.00,2,1,'2018-07-19',3,0.00,0.00,0,0.00,'2018-07-19',0,0,0.00,0.00,0.00,0,0,0.00,2000,0.00,0.00,0.00,0,NULL,NULL,'17','2019-01-24 05:02:57',16),('KI/KIT/KTO/CNOP/0391',162,16,2,43,'2018-07-12',0.00,2,2,'2018-07-12',3,0.00,0.00,0,0.00,'2018-07-12',0,0,0.00,0.00,0.00,0,0,0.00,2000,0.00,0.00,0.00,0,NULL,NULL,'17','2019-01-24 04:33:56',16),('KI/KIT/KTO/CNSTR/0369',140,16,2,21,'2018-07-11',0.00,2,2,'2018-07-11',3,0.00,0.00,0,0.00,'2018-07-11',0,0,0.00,0.00,0.00,0,0,0.00,2000,0.00,0.00,0.00,0,NULL,NULL,'17','2019-01-24 05:58:29',16),('KI/KIT/KTO/COSCP/0362',132,16,2,14,'2018-07-11',0.00,2,1,'2018-07-11',3,0.00,0.00,0,0.00,'2018-07-11',0,0,0.00,0.00,0.00,0,0,0.00,2000,0.00,0.00,0.00,0,NULL,NULL,'17','2019-01-24 04:21:53',16),('KI/KIT/KTO/CPPOT/0445',216,16,2,95,'2018-07-19',0.00,2,10,'2018-07-19',3,0.00,0.00,0,0.00,'2018-07-19',0,0,0.00,0.00,0.00,0,0,0.00,2000,0.00,0.00,0.00,0,NULL,NULL,'17','2019-01-24 05:49:09',16),('KI/KIT/KTO/CRVTN/0436',207,16,2,86,'2018-07-19',0.00,2,1,'2018-07-19',3,0.00,0.00,0,0.00,'2018-07-19',0,0,0.00,0.00,0.00,0,0,0.00,2000,0.00,0.00,0.00,0,NULL,NULL,'17','2019-01-24 04:57:25',16),('KI/KIT/KTO/CUPCK/0408',179,16,2,60,'2018-07-14',0.00,2,80,'2018-07-14',3,0.00,0.00,0,0.00,'2018-07-14',0,0,0.00,0.00,0.00,0,0,0.00,2000,0.00,0.00,0.00,0,NULL,NULL,'17','2019-01-24 05:53:50',16),('KI/KIT/KTO/DBLSNK/0373',144,16,2,25,'2018-07-12',0.00,2,1,'2018-07-12',3,0.00,0.00,0,0.00,'2018-07-12',0,0,0.00,0.00,0.00,0,0,0.00,2000,0.00,0.00,0.00,0,NULL,NULL,'17','2019-01-24 04:27:52',16),('KI/KIT/KTO/DCHLR/0356',126,16,2,8,'2018-07-11',0.00,2,1,'2018-07-11',3,0.00,0.00,0,0.00,'2018-07-11',0,0,0.00,0.00,0.00,0,0,0.00,2000,0.00,0.00,0.00,0,NULL,NULL,'17','2019-01-24 04:19:57',16),('KI/KIT/KTO/DFBWL/0444',215,16,2,94,'2018-07-19',0.00,2,6,'2018-07-19',3,0.00,0.00,0,0.00,'2018-07-19',0,0,0.00,0.00,0.00,0,0,0.00,2000,0.00,0.00,0.00,0,NULL,NULL,'17','2019-01-24 05:01:27',16),('KI/KIT/KTO/DPFZR/0382',153,16,2,34,'2018-07-12',0.00,2,4,'2018-07-12',3,0.00,0.00,0,0.00,'2018-07-12',0,0,0.00,0.00,0.00,0,0,0.00,2000,0.00,0.00,0.00,0,NULL,NULL,'17','2019-01-24 04:30:55',16),('KI/KIT/KTO/FABOX/0389',160,16,2,41,'2018-07-12',0.00,2,1,'2018-07-12',3,0.00,0.00,0,0.00,'2018-07-12',0,0,0.00,0.00,0.00,0,0,0.00,2000,0.00,0.00,0.00,0,NULL,NULL,'17','2019-01-24 04:33:20',16),('KI/KIT/KTO/FRPAN/0418',189,16,2,70,'2018-07-14',0.00,2,7,'2018-07-14',3,0.00,0.00,-10,0.00,'2018-07-14',0,0,0.00,0.00,0.00,0,0,0.00,2000,0.00,0.00,0.00,0,NULL,NULL,'17','2019-01-24 04:48:12',16),('KI/KIT/KTO/FSTTRO/0442',213,16,2,92,'2018-07-19',0.00,2,1,'2018-07-19',3,0.00,0.00,0,0.00,'2018-07-19',0,0,0.00,0.00,0.00,0,0,0.00,2000,0.00,0.00,0.00,0,NULL,NULL,'17','2019-01-24 05:00:20',16),('KI/KIT/KTO/FWMR/0443',214,16,2,93,'2018-07-19',0.00,2,1,'2018-07-19',3,0.00,0.00,0,0.00,'2018-07-19',0,0,0.00,0.00,0.00,0,0,0.00,2000,0.00,0.00,0.00,0,NULL,NULL,'17','2019-01-24 05:00:38',16),('KI/KIT/KTO/GBIN/0434',205,16,2,84,'2018-07-19',0.00,2,6,'2018-07-19',3,0.00,0.00,0,0.00,'2018-07-19',0,0,0.00,0.00,0.00,0,0,0.00,2000,0.00,0.00,0.00,0,NULL,NULL,'17','2019-01-24 04:56:29',16),('KI/KIT/KTO/GRIND/0395',166,16,2,47,'2018-07-12',0.00,2,1,'2018-07-12',3,0.00,0.00,0,0.00,'2018-07-12',0,0,0.00,0.00,0.00,0,0,0.00,2000,0.00,0.00,0.00,0,NULL,NULL,'17','2019-01-24 04:36:34',16),('KI/KIT/KTO/GRND/0370',141,16,2,22,'2018-07-11',0.00,2,2,'2018-07-11',3,0.00,0.00,0,0.00,'2018-07-11',0,0,0.00,0.00,0.00,0,0,0.00,2000,0.00,0.00,0.00,0,NULL,NULL,'17','2019-01-24 04:26:24',16),('KI/KIT/KTO/GRNPLT/0402',173,16,2,54,'2018-07-13',0.00,2,1,'2018-07-13',3,0.00,0.00,0,0.00,'2018-07-13',0,0,0.00,0.00,0.00,0,0,0.00,2000,0.00,0.00,0.00,0,NULL,NULL,'17','2019-01-24 04:39:33',16),('KI/KIT/KTO/GRTR/0431',202,16,2,81,'2018-07-19',0.00,2,0,'2018-07-19',3,0.00,0.00,0,0.00,'2018-07-19',0,0,0.00,0.00,0.00,0,0,0.00,2000,0.00,0.00,0.00,0,NULL,NULL,'17','2019-01-24 04:54:36',16),('KI/KIT/KTO/GSCPR/0435',206,16,2,85,'2018-07-19',0.00,2,2,'2018-07-19',3,0.00,0.00,0,0.00,'2018-07-19',0,0,0.00,0.00,0.00,0,0,0.00,2000,0.00,0.00,0.00,0,NULL,NULL,'17','2019-01-24 05:50:06',16),('KI/KIT/KTO/HIPRB/0363',133,16,2,15,'2018-07-11',0.00,2,6,'2018-07-11',3,0.00,0.00,0,0.00,'2018-07-11',0,0,0.00,0.00,0.00,0,0,0.00,2000,0.00,0.00,0.00,0,NULL,NULL,'17','2019-01-24 04:23:28',16),('KI/KIT/KTO/HOPST/0405',176,16,2,57,'2018-07-13',0.00,2,1,'2018-07-13',3,0.00,0.00,0,0.00,'2018-07-13',0,0,0.00,0.00,0.00,0,0,0.00,2000,0.00,0.00,0.00,0,NULL,NULL,'17','2019-01-24 05:54:58',16),('KI/KIT/KTO/HOTCP/0372',143,16,2,24,'2018-07-12',0.00,2,1,'2018-07-12',3,0.00,0.00,0,0.00,'2018-07-12',0,0,0.00,0.00,0.00,0,0,0.00,2000,0.00,0.00,0.00,0,NULL,NULL,'17','2019-01-24 04:27:29',16),('KI/KIT/KTO/ICSQP/04321',192,16,2,73,'2018-07-14',0.00,2,4,'2018-07-14',3,0.00,0.00,0,0.00,'2018-07-14',0,0,0.00,0.00,0.00,0,0,0.00,2000,0.00,0.00,0.00,0,NULL,NULL,'17','2019-01-24 04:50:32',16),('KI/KIT/KTO/JCDIS/0385',156,16,2,37,'2018-07-12',0.00,2,2,'2018-07-12',3,0.00,0.00,0,0.00,'2018-07-12',0,0,0.00,0.00,0.00,0,0,0.00,2000,0.00,0.00,0.00,0,NULL,NULL,'17','2019-01-24 04:32:09',16),('KI/KIT/KTO/KNF/0426',197,16,2,76,'2018-07-14',0.00,2,3,'2018-07-14',3,0.00,0.00,0,0.00,'2018-07-14',0,0,0.00,0.00,0.00,0,0,0.00,2000,0.00,0.00,0.00,0,NULL,NULL,'17','2019-01-24 04:51:51',16),('KI/KIT/KTO/KOTBX/0390',161,16,2,42,'2018-07-12',0.00,2,1,'2018-07-12',3,0.00,0.00,0,0.00,'2018-07-12',0,0,0.00,0.00,0.00,0,0,0.00,2000,0.00,0.00,0.00,0,NULL,NULL,'17','2019-01-24 04:33:41',16),('KI/KIT/KTO/MASH/0413',184,16,2,65,'2018-07-14',0.00,2,1,'2018-07-14',3,0.00,0.00,0,0.00,'2018-07-14',0,0,0.00,0.00,0.00,0,0,0.00,2000,0.00,0.00,0.00,0,NULL,NULL,'17','2019-01-24 04:45:55',16),('KI/KIT/KTO/MCUPW/0458',229,16,2,108,'2018-07-20',0.00,2,20,'2018-07-20',3,0.00,0.00,0,0.00,'2018-07-20',0,0,0.00,0.00,0.00,0,0,0.00,2000,0.00,0.00,0.00,0,NULL,NULL,'17','2019-01-24 05:15:35',16),('KI/KIT/KTO/MICKGL/0454',225,16,2,104,'2018-07-20',0.00,2,70,'2018-07-20',3,0.00,0.00,0,0.00,'2018-07-20',0,0,0.00,0.00,0.00,0,0,0.00,2000,0.00,0.00,0.00,0,NULL,NULL,'17','2019-01-24 05:12:39',16),('KI/KIT/KTO/MICUPR/0459',230,16,2,109,'2018-07-20',0.00,2,8,'2018-07-20',3,0.00,0.00,0,0.00,'2018-07-20',0,0,0.00,0.00,0.00,0,0,0.00,2000,0.00,0.00,0.00,0,NULL,NULL,'17','2019-01-24 05:16:05',16),('KI/KIT/KTO/MIX/0474',439,16,2,783,'2019-02-23',0.00,2,1,'2019-02-22',22,101760.00,0.00,0,101760.00,'2019-02-22',0,0,0.00,0.00,0.00,0,0,0.00,2000,0.00,0.00,0.00,0,NULL,NULL,'17','2019-02-23 00:30:48',16),('KI/KIT/KTO/MIXBWL/0387',158,16,2,39,'2018-07-12',0.00,2,9,'2018-07-12',3,0.00,0.00,0,0.00,'2018-07-12',0,0,0.00,0.00,0.00,0,0,0.00,2000,0.00,0.00,0.00,0,NULL,NULL,'17','2019-01-24 04:32:49',16),('KI/KIT/KTO/MSCLR/0355',125,16,2,7,'2018-07-11',0.00,2,1,'2018-07-11',3,0.00,0.00,0,0.00,'2018-07-11',0,0,0.00,0.00,0.00,0,0,0.00,2000,0.00,0.00,0.00,0,NULL,NULL,'17','2019-01-24 04:19:43',16),('KI/KIT/KTO/NSTCK/0449',220,16,2,99,'2018-07-19',0.00,2,1,'2018-07-19',3,0.00,0.00,0,0.00,'2018-07-19',0,0,0.00,0.00,0.00,0,0,0.00,2000,0.00,0.00,0.00,0,NULL,NULL,'17','2019-01-24 05:04:11',16),('KI/KIT/KTO/OISPN/0415',186,16,2,67,'2018-07-14',0.00,2,186,'2018-07-14',3,0.00,0.00,0,0.00,'2018-07-14',0,0,0.00,0.00,0.00,0,0,0.00,2000,0.00,0.00,0.00,0,NULL,NULL,'17','2019-01-24 04:46:26',16),('KI/KIT/KTO/OVBIG/0472',247,16,2,122,'2018-07-20',0.00,2,1,'2018-07-20',3,0.00,0.00,0,0.00,'2018-07-20',0,0,0.00,0.00,0.00,0,0,0.00,2000,0.00,0.00,0.00,0,NULL,NULL,'17','2019-01-24 05:36:15',16),('KI/KIT/KTO/PIZCTR/0432',203,16,2,82,'2018-07-19',0.00,2,1,'2018-07-19',3,0.00,0.00,0,0.00,'2018-07-19',0,0,0.00,0.00,0.00,0,0,0.00,2000,0.00,0.00,0.00,0,NULL,NULL,'17','2019-01-24 04:55:03',16),('KI/KIT/KTO/PNMCH/0473',248,16,2,123,'2018-07-20',0.00,2,1,'2018-07-20',3,0.00,0.00,0,0.00,'2018-07-20',0,0,0.00,0.00,0.00,0,0,0.00,2000,0.00,0.00,0.00,0,NULL,NULL,'17','2019-01-24 05:37:11',16),('KI/KIT/KTO/POPELL/0400',171,16,2,52,'2018-07-13',0.00,2,1,'2018-07-13',3,0.00,0.00,0,0.00,'2018-07-13',0,0,0.00,0.00,0.00,0,0,0.00,2000,0.00,0.00,0.00,0,NULL,NULL,'17','2019-01-24 04:39:01',16),('KI/KIT/KTO/PSCRP/0462',233,16,2,112,'2018-07-20',0.00,2,3,'2018-07-20',3,0.00,0.00,0,0.00,'2018-07-20',0,0,0.00,0.00,0.00,0,0,0.00,2000,0.00,0.00,0.00,0,NULL,NULL,'17','2019-01-24 05:18:14',16),('KI/KIT/KTO/RCUP/0407',178,16,2,59,'2018-07-13',0.00,2,91,'2018-07-13',3,0.00,0.00,0,0.00,'2018-07-13',0,0,0.00,0.00,0.00,0,0,0.00,2000,0.00,0.00,0.00,0,NULL,NULL,'17','2019-01-24 04:41:03',16),('KI/KIT/KTO/ROLPN/0437',208,16,2,87,'2018-07-19',0.00,2,1,'2018-07-19',3,0.00,0.00,0,0.00,'2018-07-19',0,0,0.00,0.00,0.00,0,0,0.00,2000,0.00,0.00,0.00,0,NULL,NULL,'17','2019-01-24 04:57:42',16),('KI/KIT/KTO/SABTL/0466',237,16,2,116,'2018-07-20',0.00,2,2,'2018-07-20',3,0.00,0.00,0,0.00,'2018-07-20',0,0,0.00,0.00,0.00,0,0,0.00,2000,0.00,0.00,0.00,0,NULL,NULL,'17','2019-01-24 05:33:17',16),('KI/KIT/KTO/SBWLS/0461',232,16,2,111,'2018-07-20',0.00,2,23,'2018-07-20',3,0.00,0.00,0,0.00,'2018-07-20',0,0,0.00,0.00,0.00,0,0,0.00,2000,0.00,0.00,0.00,0,NULL,NULL,'17','2019-01-24 05:16:54',16),('KI/KIT/KTO/SDSPN/0417',188,16,2,69,'2018-07-14',0.00,2,188,'2018-07-14',3,0.00,0.00,0,0.00,'2018-07-14',0,0,0.00,0.00,0.00,0,0,0.00,2000,0.00,0.00,0.00,0,NULL,NULL,'17','2019-01-24 05:50:58',16),('KI/KIT/KTO/SIMATE/0406',177,16,2,58,'2018-07-13',0.00,2,3,'2018-07-13',3,0.00,0.00,0,0.00,'2018-07-13',0,0,0.00,0.00,0.00,0,0,0.00,2000,0.00,0.00,0.00,0,NULL,NULL,'17','2019-01-24 04:40:49',16),('KI/KIT/KTO/SITS/0410',181,16,2,62,'2018-07-14',0.00,2,1,'2018-07-14',3,0.00,0.00,0,0.00,'2018-07-14',0,0,0.00,0.00,0.00,0,0,0.00,2000,0.00,0.00,0.00,0,NULL,NULL,'17','2019-01-24 04:44:05',16),('KI/KIT/KTO/SLMND/0386',157,16,2,38,'2018-07-12',0.00,2,1,'2018-07-12',3,0.00,0.00,0,0.00,'2018-07-12',0,0,0.00,0.00,0.00,0,0,0.00,2000,0.00,0.00,0.00,0,NULL,NULL,'17','2019-01-24 04:32:24',16),('KI/KIT/KTO/SPITL/0409',180,16,2,61,'2018-07-14',0.00,2,1,'2018-07-14',3,0.00,0.00,0,0.00,'2018-07-14',0,0,0.00,0.00,0.00,0,0,0.00,2000,0.00,0.00,0.00,0,NULL,NULL,'17','2019-01-24 04:43:39',16),('KI/KIT/KTO/SPKTL/0361',131,16,2,13,'2018-07-11',0.00,2,3,'2018-07-11',3,0.00,0.00,0,0.00,'2018-07-11',0,0,0.00,0.00,0.00,0,0,0.00,2000,0.00,0.00,0.00,0,NULL,NULL,'17','2019-01-24 04:21:30',16),('KI/KIT/KTO/SPLDL/0368',138,16,2,20,'2018-07-11',0.00,2,5,'2018-07-11',3,0.00,0.00,0,0.00,'2018-07-11',0,0,0.00,0.00,0.00,0,0,0.00,2000,0.00,0.00,0.00,0,NULL,NULL,'17','2019-01-24 04:25:34',16),('KI/KIT/KTO/SPOT/0412',183,16,2,64,'2018-07-14',0.00,2,11,'2018-07-14',3,0.00,0.00,0,0.00,'2018-07-14',0,0,0.00,0.00,0.00,0,0,0.00,2000,0.00,0.00,0.00,0,NULL,NULL,'17','2019-01-24 04:45:41',16),('KI/KIT/KTO/SPPOT/0424',195,16,2,74,'2018-07-14',0.00,2,2,'2018-07-14',3,0.00,0.00,0,0.00,'2018-07-14',0,0,0.00,0.00,0.00,0,0,0.00,2000,0.00,0.00,0.00,0,NULL,NULL,'17','2019-01-24 04:50:52',16),('KI/KIT/KTO/SPSPN/0455',226,16,2,105,'2018-07-20',0.00,2,20,'2018-07-20',3,0.00,0.00,0,0.00,'2018-07-20',0,0,0.00,0.00,0.00,0,0,0.00,2000,0.00,0.00,0.00,0,NULL,NULL,'17','2019-01-24 05:13:22',16),('KI/KIT/KTO/STBWL/0433',204,16,2,83,'2018-07-19',0.00,2,5,'2018-07-19',3,0.00,0.00,0,0.00,'2018-07-19',0,0,0.00,0.00,0.00,0,0,0.00,2000,0.00,0.00,0.00,0,NULL,NULL,'17','2019-01-24 05:50:26',16),('KI/KIT/KTO/STBWL/0467',238,16,2,117,'2018-07-20',0.00,2,23,'2018-07-20',3,0.00,0.00,0,0.00,'2018-07-20',0,0,0.00,0.00,0.00,0,0,0.00,2000,0.00,0.00,0.00,0,NULL,NULL,'17','2019-01-24 05:34:27',16),('KI/KIT/KTO/STNJUG/0457',228,16,2,107,'2018-07-20',0.00,2,2,'2018-07-20',3,0.00,0.00,0,0.00,'2018-07-20',0,0,0.00,0.00,0.00,0,0,0.00,2000,0.00,0.00,0.00,0,NULL,NULL,'17','2019-01-24 05:14:01',16),('KI/KIT/KTO/STPLT/0464',235,16,2,114,'2018-07-20',0.00,2,1,'2018-07-20',3,0.00,0.00,0,0.00,'2018-07-20',0,0,0.00,0.00,0.00,0,0,0.00,2000,0.00,0.00,0.00,0,NULL,NULL,'17','2019-01-24 05:31:38',16),('KI/KIT/KTO/STRCK/0374',145,16,2,26,'2018-07-12',0.00,2,5,'2018-07-12',3,0.00,0.00,0,0.00,'2018-07-12',0,0,0.00,0.00,0.00,0,0,0.00,2000,0.00,0.00,0.00,0,NULL,NULL,'17','2019-01-24 05:58:02',16),('KI/KIT/KTO/STSCRP/0463',234,16,2,113,'2018-07-20',0.00,2,2,'2018-07-20',3,0.00,0.00,0,0.00,'2018-07-20',0,0,0.00,0.00,0.00,0,0,0.00,2000,0.00,0.00,0.00,0,NULL,NULL,'17','2019-01-24 05:31:21',16),('KI/KIT/KTO/STTRY/0411',182,16,2,63,'2018-07-14',0.00,2,25,'2018-07-14',3,0.00,0.00,0,0.00,'2018-07-14',0,0,0.00,0.00,0.00,0,0,0.00,2000,0.00,0.00,0.00,0,NULL,NULL,'17','2019-01-24 05:53:11',16),('KI/KIT/KTO/TATOP/0367',137,16,2,19,'2018-07-11',0.00,2,2,'2018-07-11',3,0.00,0.00,0,0.00,'2018-07-11',0,0,0.00,0.00,0.00,0,0,0.00,2000,0.00,0.00,0.00,0,NULL,NULL,'17','2019-01-24 04:25:01',16),('KI/KIT/KTO/TBL/0375',146,16,2,27,'2018-07-12',0.00,2,3,'2018-07-12',3,0.00,0.00,0,0.00,'2018-07-12',0,0,0.00,0.00,0.00,0,0,0.00,2000,0.00,0.00,0.00,0,NULL,NULL,'17','2019-01-24 04:28:23',16),('KI/KIT/KTO/TNG/0414',185,16,2,66,'2018-07-14',0.00,2,2,'2018-07-14',3,0.00,0.00,0,0.00,'2018-07-14',0,0,0.00,0.00,0.00,0,0,0.00,2000,0.00,0.00,0.00,0,NULL,NULL,'17','2019-01-24 04:46:07',16),('KI/KIT/KTO/TURSP/0401',172,16,2,53,'2018-07-13',0.00,2,1,'2018-07-13',3,0.00,0.00,0,0.00,'2018-07-13',0,0,0.00,0.00,0.00,0,0,0.00,2000,0.00,0.00,0.00,0,NULL,NULL,'17','2019-01-24 05:55:24',16),('KI/KIT/KTO/VGCTR/0383',154,16,2,35,'2018-07-12',0.00,2,1,'2018-07-12',3,0.00,0.00,0,0.00,'2018-07-12',0,0,0.00,0.00,0.00,0,0,0.00,2000,0.00,0.00,0.00,0,NULL,NULL,'17','2019-01-24 05:56:53',16),('KI/KIT/KTO/WDRCK/0379',150,16,2,31,'2018-07-12',0.00,2,8,'2018-07-12',3,0.00,0.00,0,0.00,'2018-07-12',0,0,0.00,0.00,0.00,0,0,0.00,2000,0.00,0.00,0.00,0,NULL,NULL,'17','2019-01-24 04:29:57',16),('KI/KIT/KTO/WDSPT/0393',164,16,2,45,'2018-07-12',0.00,2,1,'2018-07-12',3,0.00,0.00,0,0.00,'2018-07-12',0,0,0.00,0.00,0.00,0,0,0.00,2000,0.00,0.00,0.00,0,NULL,NULL,'17','2019-01-24 05:56:34',16),('KI/KIT/KTO/WDTBL/0376',147,16,2,28,'2018-07-12',0.00,2,8,'2018-07-12',3,0.00,0.00,0,0.00,'2018-07-12',0,0,0.00,0.00,0.00,0,0,0.00,2000,0.00,0.00,0.00,0,NULL,NULL,'17','2019-01-24 04:28:44',16),('KI/KIT/KTO/WFMAC/0416',187,16,2,68,'2018-07-14',0.00,2,1,'2018-07-14',3,0.00,0.00,0,0.00,'2018-07-14',0,0,0.00,0.00,0.00,0,0,0.00,2000,0.00,0.00,0.00,0,NULL,NULL,'17','2019-01-24 04:47:22',16),('KI/KIT/KTO/WIRWS/0381',152,16,2,33,'2018-07-12',0.00,2,2,'2018-07-12',3,0.00,0.00,0,0.00,'2018-07-12',0,0,0.00,0.00,0.00,0,0,0.00,2000,0.00,0.00,0.00,0,NULL,NULL,'17','2019-01-24 05:57:17',16),('KI/KIT/KTO/WPAL/0420',191,16,2,72,'2018-07-14',0.00,2,2,'2018-07-14',3,0.00,0.00,0,0.00,'2018-07-14',0,0,0.00,0.00,0.00,0,0,0.00,2000,0.00,0.00,0.00,0,NULL,NULL,'17','2019-01-24 04:49:42',16),('KI/KIT/KTO/WPAS/0419',190,16,2,71,'2018-07-14',0.00,2,2,'2018-07-14',3,0.00,0.00,0,0.00,'2018-07-14',0,0,0.00,0.00,0.00,0,0,0.00,2000,0.00,0.00,0.00,0,NULL,NULL,'17','2019-01-24 04:49:23',16),('KI/KIT/KTO/WRKL/0403',174,16,2,55,'2018-07-13',0.00,2,2,'2018-07-13',3,0.00,0.00,0,0.00,'2018-07-13',0,0,0.00,0.00,0.00,0,0,0.00,2000,0.00,0.00,0.00,0,NULL,NULL,'17','2019-01-24 04:39:54',16),('KI/KIT/KTO/WRKS/0404',175,16,2,56,'2018-07-13',0.00,2,2,'2018-07-13',3,0.00,0.00,0,0.00,'2018-07-13',0,0,0.00,0.00,0.00,0,0,0.00,2000,0.00,0.00,0.00,0,NULL,NULL,'17','2019-01-24 04:40:18',16),('KI/KIT/KTO/WROL/0438',209,16,2,88,'2018-07-19',0.00,2,3,'2018-07-19',3,0.00,0.00,0,0.00,'2018-07-19',0,0,0.00,0.00,0.00,0,0,0.00,2000,0.00,0.00,0.00,0,NULL,NULL,'17','2019-01-24 04:58:22',16),('KI/KIT/KTO/WSCL/0380',151,16,2,32,'2018-07-12',0.00,2,1,'2018-07-12',3,0.00,0.00,0,0.00,'2018-07-12',0,0,0.00,0.00,0.00,0,0,0.00,2000,0.00,0.00,0.00,0,NULL,NULL,'17','2019-01-24 04:30:22',16),('KI/KIT/KTO/WSPN/0429',200,16,2,79,'2018-07-14',0.00,2,1,'2018-07-14',3,0.00,0.00,0,0.00,'2018-07-14',0,0,0.00,0.00,0.00,0,0,0.00,2000,0.00,0.00,0.00,0,NULL,NULL,'17','2019-01-24 04:52:57',16),('KI/KIT/KTO/WTRBOI/0377',148,16,2,29,'2018-07-12',0.00,2,1,'2018-07-12',3,0.00,0.00,0,0.00,'2018-07-12',0,0,0.00,0.00,0.00,0,0,0.00,2000,0.00,0.00,0.00,0,NULL,NULL,'17','2019-01-24 04:29:01',16),('KI/KIT/STO/STO/AC/0394',165,16,2,46,'2018-07-12',0.00,2,1,'2018-07-12',3,0.00,0.00,0,0.00,'2018-07-12',0,0,0.00,0.00,0.00,0,0,0.00,2000,0.00,0.00,0.00,0,NULL,NULL,'17','2019-01-24 04:36:10',16),('KI/PC/MONI/PC/0450',221,16,2,100,'2018-07-20',0.00,2,1,'2018-07-20',3,0.00,0.00,0,0.00,'2018-07-20',0,0,0.00,0.00,0.00,0,0,0.00,2000,0.00,0.00,0.00,0,NULL,NULL,'17','2019-01-23 07:10:58',16),('KI/TCOM/TPH/TPH/0452',223,16,2,102,'2018-07-20',0.00,2,2,'2018-07-20',3,0.00,0.00,0,0.00,'2018-07-20',0,0,0.00,0.00,0.00,0,0,0.00,2000,0.00,0.00,0.00,0,NULL,NULL,'17','2019-01-24 05:48:49',16),('KKI/KIT/KTO/CHOB/0399',170,16,2,51,'2018-07-12',0.00,2,8,'2018-07-12',3,0.00,0.00,0,0.00,'2018-07-12',0,0,0.00,0.00,0.00,0,0,0.00,2000,0.00,0.00,0.00,0,NULL,NULL,'17','2019-01-24 04:38:18',16),('KKI/KIT/KTO/DPFRY/0468',243,16,2,118,'2018-07-20',0.00,2,1,'2018-07-20',3,0.00,0.00,0,0.00,'2018-07-20',0,0,0.00,0.00,0.00,0,0,0.00,2000,0.00,0.00,0.00,0,NULL,NULL,'17','2019-01-24 05:34:48',16),('MA*TV/LED/T/0171',62,20,2,175,'2018-08-22',0.00,2,1,'2018-08-22',3,45900.00,20.00,5,0.00,'2018-08-22',0,0,0.00,0.00,0.00,0,0,0.00,2000,0.00,0.00,0.00,0,NULL,NULL,'17','2019-01-21 03:58:37',20),('MA/AS/AU/S/0207',124,20,2,215,'2018-08-22',0.00,2,1,'2018-08-22',24,135000.00,0.00,0,0.00,'2018-08-22',0,0,0.00,0.00,0.00,0,0,0.00,2000,0.00,0.00,0.00,0,NULL,NULL,'17','2019-01-21 04:17:33',20),('MA/BI/BI/C/0183',92,20,2,187,'2018-08-22',0.00,2,1,'2018-08-22',11,79365.00,20.00,5,0.00,'2018-08-22',0,0,0.00,0.00,0.00,0,0,0.00,2000,0.00,0.00,0.00,0,NULL,NULL,'17','2019-01-21 04:04:36',20),('MA/BI/BI/H/0179',85,20,2,183,'2018-08-22',0.00,2,1,'2018-08-22',14,37792.00,20.00,5,0.00,'2018-08-22',0,0,0.00,0.00,0.00,0,0,0.00,2000,0.00,0.00,0.00,0,NULL,NULL,'17','2019-01-21 04:02:52',20),('MA/BI/BI/S/0181',88,20,2,185,'2018-08-22',0.00,2,1,'2018-08-22',3,42000.00,20.00,5,0.00,'2018-08-22',0,0,0.00,0.00,0.00,0,0,0.00,2000,0.00,0.00,0.00,0,NULL,NULL,'17','2019-01-21 04:03:48',20),('MA/BI/BI/T/0180',86,20,2,184,'2018-08-22',0.00,2,1,'2018-08-22',3,5690.00,20.00,5,0.00,'2018-08-22',0,0,0.00,0.00,0.00,0,0,0.00,2000,0.00,0.00,0.00,0,NULL,NULL,'17','2019-01-21 04:03:23',20),('MA/BI/BI/W/0182',91,20,2,186,'2018-08-22',0.00,2,1,'2018-08-22',11,28085.00,20.00,5,0.00,'2018-08-22',0,0,0.00,0.00,0.00,0,0,0.00,2000,0.00,0.00,0.00,0,NULL,NULL,'17','2019-01-21 04:04:12',20),('MA/ELE/AC/A/0172',63,20,2,176,'2018-08-22',0.00,2,1,'2018-08-22',11,139160.00,20.00,5,0.00,'2018-08-22',0,0,0.00,0.00,0.00,0,0,0.00,2000,0.00,0.00,0.00,0,NULL,NULL,'17','2019-01-21 03:59:23',20),('MA/ELE/FAN/E/0208',249,20,2,211,'2018-08-22',0.00,2,1,'2018-08-22',24,17917.00,0.00,0,0.00,'2018-08-22',0,0,0.00,0.00,0.00,0,0,0.00,2000,0.00,0.00,0.00,0,NULL,NULL,'17','2019-01-21 04:17:47',20),('MA/ELE/FAN/F/0177',78,20,2,181,'2018-08-22',0.00,2,1,'2018-08-22',11,6140.00,20.00,5,0.00,'2018-08-22',0,0,0.00,0.00,0.00,0,0,0.00,2000,0.00,0.00,0.00,0,NULL,NULL,'17','2019-01-21 04:01:54',20),('MA/ELE/FAN/SF/0189',102,20,2,193,'2018-08-22',0.00,2,1,'2018-08-22',3,9500.00,-1.00,2,2.00,'2018-08-22',0,0,0.00,0.00,20.00,2,0,0.00,2000,0.00,0.00,0.00,0,NULL,NULL,'17','2019-01-21 04:07:39',20),('MA/ELE/LAMP/B/0174',68,20,2,178,'2018-08-22',0.00,2,1,'2018-08-22',11,8000.00,20.00,5,0.00,'2018-08-22',0,0,0.00,0.00,0.00,0,0,0.00,2000,0.00,0.00,0.00,0,NULL,NULL,'17','2019-01-21 04:00:04',20),('MA/ELE/LAMP/C/0173',66,20,2,177,'2018-08-22',0.00,2,1,'2018-08-22',11,5200.00,20.00,5,0.00,'2018-08-22',0,0,0.00,0.00,0.00,0,0,0.00,2000,0.00,0.00,0.00,0,NULL,NULL,'17','2019-01-21 03:59:43',20),('MA/ELE/LAMP/W/0176',77,20,2,180,'2018-08-22',0.00,2,1,'2018-08-22',11,2550.00,33.00,3,0.00,'2018-08-22',0,0,0.00,0.00,0.00,0,0,0.00,2000,0.00,0.00,0.00,0,NULL,NULL,'17','2019-01-21 04:01:28',20),('MA/ELE/MACH/A/0184',95,20,2,188,'2018-08-22',0.00,2,1,'2018-08-22',2,13500.00,50.00,2,0.00,'2018-08-22',0,10000,0.00,0.00,50.00,2,0,0.00,2000,0.00,0.00,0.00,0,NULL,NULL,'17','2019-01-21 04:05:13',20),('MA/ELE/MACH/C/0188',99,20,2,192,'2018-08-22',0.00,2,1,'2018-08-22',3,24750.00,20.00,5,0.00,'2018-08-22',0,10000,0.00,0.00,20.00,5,0,0.00,2000,0.00,0.00,0.00,0,NULL,NULL,'17','2019-01-21 04:07:24',20),('MA/ELE/MACH/E/0190',103,20,2,194,'2018-08-22',0.00,2,1,'2018-08-22',11,11000.00,20.00,3,0.00,'2018-08-22',0,0,0.00,0.00,0.00,0,0,0.00,2000,0.00,0.00,0.00,0,NULL,NULL,'17','2019-01-21 04:07:57',20),('MA/ELE/MACH/H/0186',97,20,2,190,'2018-08-22',0.00,2,1,'2018-08-22',3,93632.00,20.00,3,0.00,'2018-08-22',0,10000,0.00,0.00,20.00,3,0,0.00,2000,0.00,0.00,0.00,0,NULL,NULL,'17','2019-01-21 04:06:18',20),('MA/ELE/MACH/H/0191',104,20,2,195,'2018-08-22',0.00,2,1,'2018-08-22',3,5000.00,20.00,2,0.00,'2018-08-22',0,0,0.00,0.00,20.00,0,0,0.00,2000,0.00,0.00,0.00,0,NULL,NULL,'17','2019-01-21 04:08:14',20),('MA/ELE/MACH/S/0204',117,20,2,209,'2018-08-22',0.00,2,1,'2018-08-22',11,850.00,0.00,0,0.00,'2018-08-22',0,0,0.00,0.00,0.00,0,0,0.00,2000,0.00,0.00,0.00,0,NULL,NULL,'17','2019-01-21 04:16:33',20),('MA/ELE/MO/T/0185',96,20,2,189,'2018-08-22',0.00,2,1,'2018-08-22',3,77034.00,20.00,5,0.00,'2018-08-22',0,10000,0.00,0.00,20.00,5,0,0.00,2000,0.00,0.00,0.00,0,NULL,NULL,'17','2019-01-21 04:05:52',20),('MA/ELE/SEC/E/0175',74,20,2,179,'2018-08-22',0.00,2,1,'2018-08-22',11,77400.00,20.00,5,0.00,'2018-08-22',0,0,0.00,0.00,0.00,0,0,0.00,2000,0.00,0.00,0.00,0,NULL,NULL,'17','2019-01-21 04:00:49',20),('MA/FUN/DOOR/D/0178',79,20,2,182,'2018-08-22',0.00,2,1,'2018-08-22',10,31050.00,20.00,5,0.00,'2018-08-22',0,0,0.00,0.00,0.00,0,0,0.00,2000,0.00,0.00,0.00,0,NULL,NULL,'17','2019-01-21 04:02:31',20),('MA/FUN/PO/P/0187',98,20,2,191,'2018-08-22',0.00,2,1,'2018-08-22',11,32720.00,20.00,5,0.00,'2018-08-22',0,10000,0.00,0.00,20.00,5,0,0.00,2000,0.00,0.00,0.00,0,NULL,NULL,'17','2019-01-21 04:06:43',20),('MA/MI/MI/B/0210',252,20,2,213,'2018-08-22',0.00,2,1,'2018-08-22',24,1191.89,0.00,0,0.00,'2018-08-22',0,0,0.00,0.00,0.00,0,0,0.00,2000,0.00,0.00,0.00,0,NULL,NULL,'17','2019-01-21 04:18:37',20),('MA/MI/MI/G/0211',257,20,2,214,'2018-08-22',0.00,2,1,'2018-08-22',24,16000.00,0.00,0,0.00,'2018-08-22',0,0,0.00,0.00,0.00,0,0,0.00,2000,0.00,0.00,0.00,0,NULL,NULL,'17','2019-01-21 04:18:53',20),('MA/SCR/PRO/P/0206',120,20,2,196,'2018-08-22',0.00,2,1,'2018-08-22',11,0.00,0.00,0,0.00,'2018-08-22',0,0,0.00,0.00,0.00,0,0,0.00,2000,0.00,0.00,0.00,0,NULL,NULL,'17','2019-01-21 04:17:12',20),('MA/SEC/CAM/C/0170',13,20,2,174,'2018-08-22',0.00,2,1,'2018-08-22',6,150000.00,33.00,3,0.00,'2018-08-22',0,0,0.00,0.00,0.00,0,0,0.00,2000,0.00,0.00,0.00,0,NULL,NULL,'17','2019-01-21 03:54:16',20),('MA/ST/ST/C/0197',110,20,2,202,'2018-08-22',0.00,2,1,'2018-08-22',24,1800.00,0.00,0,0.00,'2018-08-22',0,0,0.00,0.00,0.00,0,0,0.00,2000,0.00,0.00,0.00,0,NULL,NULL,'17','2019-01-21 04:11:08',20),('MA/ST/ST/C/0205',118,20,2,210,'2018-08-22',0.00,2,1,'2018-08-22',24,1250.00,0.00,0,0.00,'2018-08-22',0,0,0.00,0.00,0.00,0,0,0.00,2000,0.00,0.00,0.00,0,NULL,NULL,'17','2019-01-21 04:16:49',20),('MA/ST/ST/E/0192',105,20,2,197,'2018-08-22',0.00,2,1,'2018-08-22',3,6000.00,-1.00,2,0.00,'2018-08-22',0,0,0.00,0.00,-1.00,2,0,0.00,2000,0.00,0.00,0.00,0,NULL,NULL,'17','2019-01-21 04:08:55',20),('MA/ST/ST/E/0193',106,20,2,198,'2018-08-22',0.00,2,1,'2018-08-22',24,0.00,0.00,2,0.00,'2018-08-22',0,0,0.00,0.00,0.00,0,0,0.00,2000,0.00,0.00,0.00,0,NULL,NULL,'17','2019-01-21 04:09:25',20),('MA/ST/ST/L/0194',107,20,2,199,'2018-08-22',0.00,2,1,'2018-08-22',24,950.00,0.00,0,0.00,'2018-08-22',0,0,0.00,0.00,0.00,0,0,0.00,2000,0.00,0.00,0.00,0,NULL,NULL,'17','2019-01-21 04:09:49',20),('MA/ST/ST/L/0199',112,20,2,204,'2018-08-22',0.00,2,1,'2018-08-22',24,1200.00,0.00,0,0.00,'2018-08-22',0,0,0.00,0.00,0.00,0,0,0.00,2000,0.00,0.00,0.00,0,NULL,NULL,'17','2019-01-21 04:15:00',20),('MA/ST/ST/N/0201',114,20,2,206,'2018-08-22',0.00,2,1,'2018-08-22',24,900.00,0.00,0,0.00,'2018-08-22',0,0,0.00,0.00,0.00,0,0,0.00,2000,0.00,0.00,0.00,0,NULL,NULL,'17','2019-01-21 04:15:37',20),('MA/ST/ST/P/0202',115,20,2,207,'2018-08-22',0.00,2,1,'2018-08-22',24,750.00,0.00,0,0.00,'2018-08-22',0,0,0.00,0.00,0.00,0,0,0.00,2000,0.00,0.00,0.00,0,NULL,NULL,'17','2019-01-21 04:15:49',20),('MA/ST/ST/P/0203',116,20,2,208,'2018-08-22',0.00,2,1,'2018-08-22',24,850.00,0.00,0,0.00,'2018-08-22',0,0,0.00,0.00,0.00,0,0,0.00,2000,0.00,0.00,0.00,0,NULL,NULL,'17','2019-01-21 04:16:14',20),('MA/ST/ST/R/0195',108,20,2,200,'2018-08-22',0.00,2,1,'2018-08-22',24,0.00,0.00,0,0.00,'2018-08-22',0,0,0.00,0.00,0.00,0,0,0.00,2000,0.00,0.00,0.00,0,NULL,NULL,'17','2019-01-21 04:10:12',20),('MA/ST/ST/R/0196',109,20,2,201,'2018-08-22',0.00,2,1,'2018-08-22',24,1400.00,0.00,0,0.00,'2018-08-22',0,0,0.00,0.00,0.00,0,0,0.00,2000,0.00,0.00,0.00,0,NULL,NULL,'17','2019-01-21 04:10:50',20),('MA/ST/ST/S/0198',111,20,2,203,'2018-08-22',0.00,2,1,'2018-08-22',24,600.00,0.00,0,0.00,'2018-08-22',0,0,0.00,0.00,0.00,0,0,0.00,2000,0.00,0.00,0.00,0,NULL,NULL,'17','2019-01-21 04:14:43',20),('MA/ST/ST/S/0200',113,20,2,205,'2018-08-22',0.00,2,1,'2018-08-22',24,850.00,0.00,0,0.00,'2018-08-22',0,0,0.00,0.00,0.00,0,0,0.00,2000,0.00,0.00,0.00,0,NULL,NULL,'17','2019-01-21 04:15:13',20),('MA/ST/ST/S/0209',250,20,2,212,'2018-08-22',0.00,2,1,'2018-08-22',24,6382.50,0.00,0,0.00,'2018-08-22',0,0,0.00,0.00,0.00,0,0,0.00,2000,0.00,0.00,0.00,0,NULL,NULL,'17','2019-01-21 04:18:22',20);

/*Table structure for table `t_serial_movement` */

DROP TABLE IF EXISTS `t_serial_movement`;

CREATE TABLE `t_serial_movement` (
  `serial_no` varchar(100) DEFAULT NULL,
  `item_code` int(11) DEFAULT NULL,
  `location_code` int(11) DEFAULT NULL,
  `qty_in` int(3) DEFAULT NULL,
  `qty_out` int(3) DEFAULT NULL,
  `trans_code` varchar(20) DEFAULT NULL,
  `trans_no` int(11) DEFAULT NULL,
  `trans_date` date DEFAULT NULL,
  `memo` varchar(100) DEFAULT NULL,
  `action_datetime` timestamp NULL DEFAULT CURRENT_TIMESTAMP,
  KEY `serial_no` (`serial_no`),
  CONSTRAINT `t_serial_movement_ibfk_1` FOREIGN KEY (`serial_no`) REFERENCES `t_serial` (`serial_no`) ON UPDATE CASCADE
) ENGINE=InnoDB DEFAULT CHARSET=latin1;

/*Data for the table `t_serial_movement` */

insert  into `t_serial_movement`(`serial_no`,`item_code`,`location_code`,`qty_in`,`qty_out`,`trans_code`,`trans_no`,`trans_date`,`memo`,`action_datetime`) values ('1',1,2,1,0,'2',1,'2018-06-18',NULL,'2018-06-18 06:19:09'),('1',1,2,0,1,'4',1,'2018-06-18',NULL,'2018-06-18 06:19:25'),('1',1,3,1,0,'4',1,'2018-06-18',NULL,'2018-06-18 06:19:25'),('KI/ELE/OV/SOV/0350',101,16,1,0,'2',2,'2018-07-11',NULL,'2018-07-11 01:58:12'),('KI/KIT/CI/COV/0351',119,16,1,0,'2',3,'2018-07-11',NULL,'2018-07-11 02:02:18'),('KI/KIT/CI/DMX/0352',121,16,1,0,'2',4,'2018-07-11',NULL,'2018-07-11 02:04:58'),('KI/KIT/CI/MIXBWL/0353',122,16,1,0,'2',5,'2018-07-11',NULL,'2018-07-11 02:07:27'),('KI/KIT/CI/BRSLCR/0354',123,16,1,0,'2',6,'2018-07-11',NULL,'2018-07-11 02:38:59'),('KI/KIT/KTO/MSCLR/0355',125,16,1,0,'2',7,'2018-07-11',NULL,'2018-07-11 02:41:13'),('KI/KIT/KTO/DCHLR/0356',126,16,1,0,'2',8,'2018-07-11',NULL,'2018-07-11 02:43:04'),('KI/KIT/CTO/DFRY/0357',127,16,1,0,'2',9,'2018-07-11',NULL,'2018-07-11 02:45:23'),('KI/KIT/CTO/MIOV/0358',128,16,1,0,'2',10,'2018-07-11',NULL,'2018-07-11 02:46:44'),('KI/KIT/CTO/RSTMR/0359',129,16,1,0,'2',11,'2018-07-11',NULL,'2018-07-11 02:56:45'),('KI/KIT/CTO/BRTO/0360',130,16,1,0,'2',12,'2018-07-11',NULL,'2018-07-11 02:58:17'),('KI/KIT/KTO/SPKTL/0361',131,16,1,0,'2',13,'2018-07-11',NULL,'2018-07-11 02:59:37'),('KI/KIT/KTO/COSCP/0362',132,16,1,0,'2',14,'2018-07-11',NULL,'2018-07-11 03:13:38'),('KI/KIT/KTO/HIPRB/0363',133,16,1,0,'2',15,'2018-07-11',NULL,'2018-07-11 03:20:49'),('KI/KIT/KTO/4RNBU/0364',134,16,1,0,'2',16,'2018-07-11',NULL,'2018-07-11 03:21:58'),('KI/KIT/KTO/2BNR/0365',135,16,1,0,'2',17,'2018-07-11',NULL,'2018-07-11 03:25:05'),('KI/KIT/CTO/SINK/0366',136,16,1,0,'2',18,'2018-07-11',NULL,'2018-07-11 03:31:16'),('KI/KIT/KTO/TATOP/0367',137,16,1,0,'2',19,'2018-07-11',NULL,'2018-07-11 04:22:08'),('KI/KIT/KTO/SPLDL/0368',138,16,1,0,'2',20,'2018-07-11',NULL,'2018-07-11 04:24:27'),('KI/KIT/KTO/CNSTR/0369',140,16,1,0,'2',21,'2018-07-11',NULL,'2018-07-11 04:26:57'),('KI/KIT/KTO/GRND/0370',141,16,1,0,'2',22,'2018-07-11',NULL,'2018-07-11 04:34:47'),('KI/KIT/KTO/BXGRT/0371',142,16,1,0,'2',23,'2018-07-12',NULL,'2018-07-12 00:50:04'),('KI/KIT/KTO/HOTCP/0372',143,16,1,0,'2',24,'2018-07-12',NULL,'2018-07-12 00:53:12'),('KI/KIT/KTO/DBLSNK/0373',144,16,1,0,'2',25,'2018-07-12',NULL,'2018-07-12 00:54:56'),('KI/KIT/KTO/STRCK/0374',145,16,1,0,'2',26,'2018-07-12',NULL,'2018-07-12 00:57:27'),('KI/KIT/KTO/TBL/0375',146,16,1,0,'2',27,'2018-07-12',NULL,'2018-07-12 00:59:14'),('KI/KIT/KTO/WDTBL/0376',147,16,1,0,'2',28,'2018-07-12',NULL,'2018-07-12 01:00:42'),('KI/KIT/KTO/WTRBOI/0377',148,16,1,0,'2',29,'2018-07-12',NULL,'2018-07-12 01:03:06'),('KI/KIT/KTO/BBQ/0378',149,16,1,0,'2',30,'2018-07-12',NULL,'2018-07-12 01:05:33'),('KI/KIT/KTO/WDRCK/0379',150,16,1,0,'2',31,'2018-07-12',NULL,'2018-07-12 01:09:48'),('KI/KIT/KTO/WSCL/0380',151,16,1,0,'2',32,'2018-07-12',NULL,'2018-07-12 01:12:26'),('KI/KIT/KTO/WIRWS/0381',152,16,1,0,'2',33,'2018-07-12',NULL,'2018-07-12 01:17:22'),('KI/KIT/KTO/DPFZR/0382',153,16,1,0,'2',34,'2018-07-12',NULL,'2018-07-12 01:26:02'),('KI/KIT/KTO/VGCTR/0383',154,16,1,0,'2',35,'2018-07-12',NULL,'2018-07-12 01:31:22'),('KI/KIT/HKIT/COOLR/0384',155,16,1,0,'2',36,'2018-07-12',NULL,'2018-07-12 01:40:53'),('KI/KIT/KTO/JCDIS/0385',156,16,1,0,'2',37,'2018-07-12',NULL,'2018-07-12 02:47:28'),('KI/KIT/KTO/SLMND/0386',157,16,1,0,'2',38,'2018-07-12',NULL,'2018-07-12 02:48:50'),('KI/KIT/KTO/MIXBWL/0387',158,16,1,0,'2',39,'2018-07-12',NULL,'2018-07-12 02:50:34'),('KI/KIT/KTO/BNMAR/0388',159,16,1,0,'2',40,'2018-07-12',NULL,'2018-07-12 02:51:57'),('KI/KIT/KTO/FABOX/0389',160,16,1,0,'2',41,'2018-07-12',NULL,'2018-07-12 02:53:19'),('KI/KIT/KTO/KOTBX/0390',161,16,1,0,'2',42,'2018-07-12',NULL,'2018-07-12 02:55:33'),('KI/KIT/KTO/CNOP/0391',162,16,1,0,'2',43,'2018-07-12',NULL,'2018-07-12 02:58:02'),('KI/KIT/KTO/CANOP/0392',163,16,1,0,'2',44,'2018-07-12',NULL,'2018-07-12 03:00:24'),('KI/KIT/KTO/WDSPT/0393',164,16,1,0,'2',45,'2018-07-12',NULL,'2018-07-12 03:12:08'),('KI/KIT/STO/STO/AC/0394',165,16,1,0,'2',46,'2018-07-12',NULL,'2018-07-12 03:33:03'),('KI/KIT/KTO/GRIND/0395',166,16,1,0,'2',47,'2018-07-12',NULL,'2018-07-12 03:34:31'),('KI/CIT/CTO/HOPC/0396',167,16,1,0,'2',48,'2018-07-12',NULL,'2018-07-12 03:43:22'),('KI/KIT/KTO/BTHUM/0397',168,16,1,0,'2',49,'2018-07-12',NULL,'2018-07-12 03:48:27'),('KI/KIT/KTO/BTCKNF/0398',169,16,1,0,'2',50,'2018-07-12',NULL,'2018-07-12 03:49:37'),('KKI/KIT/KTO/CHOB/0399',170,16,1,0,'2',51,'2018-07-12',NULL,'2018-07-12 03:50:47'),('KI/KIT/KTO/POPELL/0400',171,16,1,0,'2',52,'2018-07-13',NULL,'2018-07-13 05:26:42'),('KI/KIT/KTO/TURSP/0401',172,16,1,0,'2',53,'2018-07-13',NULL,'2018-07-13 05:28:13'),('KI/KIT/KTO/GRNPLT/0402',173,16,1,0,'2',54,'2018-07-13',NULL,'2018-07-13 05:29:48'),('KI/KIT/KTO/WRKL/0403',174,16,1,0,'2',55,'2018-07-13',NULL,'2018-07-13 05:41:41'),('KI/KIT/KTO/WRKS/0404',175,16,1,0,'2',56,'2018-07-13',NULL,'2018-07-13 05:43:50'),('KI/KIT/KTO/HOPST/0405',176,16,1,0,'2',57,'2018-07-13',NULL,'2018-07-13 05:46:25'),('KI/KIT/KTO/SIMATE/0406',177,16,1,0,'2',58,'2018-07-13',NULL,'2018-07-13 05:54:37'),('KI/KIT/KTO/RCUP/0407',178,16,1,0,'2',59,'2018-07-13',NULL,'2018-07-13 06:00:10'),('KI/KIT/KTO/CUPCK/0408',179,16,1,0,'2',60,'2018-07-14',NULL,'2018-07-13 23:14:09'),('KI/KIT/KTO/SPITL/0409',180,16,1,0,'2',61,'2018-07-14',NULL,'2018-07-13 23:16:59'),('KI/KIT/KTO/SITS/0410',181,16,1,0,'2',62,'2018-07-14',NULL,'2018-07-13 23:57:16'),('KI/KIT/KTO/STTRY/0411',182,16,1,0,'2',63,'2018-07-14',NULL,'2018-07-13 23:59:10'),('KI/KIT/KTO/SPOT/0412',183,16,1,0,'2',64,'2018-07-14',NULL,'2018-07-14 00:00:38'),('KI/KIT/KTO/MASH/0413',184,16,1,0,'2',65,'2018-07-14',NULL,'2018-07-14 00:09:16'),('KI/KIT/KTO/TNG/0414',185,16,1,0,'2',66,'2018-07-14',NULL,'2018-07-14 00:14:44'),('KI/KIT/KTO/OISPN/0415',186,16,1,0,'2',67,'2018-07-14',NULL,'2018-07-14 00:19:47'),('KI/KIT/KTO/WFMAC/0416',187,16,1,0,'2',68,'2018-07-14',NULL,'2018-07-14 00:22:08'),('KI/KIT/KTO/SDSPN/0417',188,16,1,0,'2',69,'2018-07-14',NULL,'2018-07-14 00:24:59'),('KI/KIT/KTO/FRPAN/0418',189,16,1,0,'2',70,'2018-07-14',NULL,'2018-07-14 00:28:44'),('KI/KIT/KTO/WPAS/0419',190,16,1,0,'2',71,'2018-07-14',NULL,'2018-07-14 00:33:27'),('KI/KIT/KTO/WPAL/0420',191,16,1,0,'2',72,'2018-07-14',NULL,'2018-07-14 00:38:13'),('KI/KIT/KTO/ICSQP/04321',192,16,1,0,'2',73,'2018-07-14',NULL,'2018-07-14 00:39:52'),('KI/KIT/KTO/SPPOT/0424',195,16,1,0,'2',74,'2018-07-14',NULL,'2018-07-14 00:57:58'),('kI/KIT/KTO/BDMLD/0425',196,16,1,0,'2',75,'2018-07-14',NULL,'2018-07-14 00:59:43'),('KI/KIT/KTO/KNF/0426',197,16,1,0,'2',76,'2018-07-14',NULL,'2018-07-14 01:03:30'),('KI/KIT/KTO/ALPOT/0427',198,16,1,0,'2',77,'2018-07-14',NULL,'2018-07-14 01:08:29'),('KI/KIT/KTO/ALTRY/0428',199,16,1,0,'2',78,'2018-07-14',NULL,'2018-07-14 01:10:35'),('KI/KIT/KTO/WSPN/0429',200,16,1,0,'2',79,'2018-07-14',NULL,'2018-07-14 05:45:07'),('KI/KIT/KTO/CKRNG/0430',201,16,1,0,'2',80,'2018-07-19',NULL,'2018-07-19 00:46:02'),('KI/KIT/KTO/GRTR/0431',202,16,1,0,'2',81,'2018-07-19',NULL,'2018-07-19 00:47:37'),('KI/KIT/KTO/PIZCTR/0432',203,16,1,0,'2',82,'2018-07-19',NULL,'2018-07-19 00:49:44'),('KI/KIT/KTO/STBWL/0433',204,16,1,0,'2',83,'2018-07-19',NULL,'2018-07-19 00:51:53'),('KI/KIT/KTO/GBIN/0434',205,16,1,0,'2',84,'2018-07-19',NULL,'2018-07-19 00:53:20'),('KI/KIT/KTO/GSCPR/0435',206,16,1,0,'2',85,'2018-07-19',NULL,'2018-07-19 00:55:48'),('KI/KIT/KTO/CRVTN/0436',207,16,1,0,'2',86,'2018-07-19',NULL,'2018-07-19 00:57:13'),('KI/KIT/KTO/ROLPN/0437',208,16,1,0,'2',87,'2018-07-19',NULL,'2018-07-19 00:59:06'),('KI/KIT/KTO/WROL/0438',209,16,1,0,'2',88,'2018-07-19',NULL,'2018-07-19 01:00:24'),('KI/KIT/KTO/CEMAT/0439',210,16,1,0,'2',89,'2018-07-19',NULL,'2018-07-19 01:02:19'),('KI/KIT/KTO/CEMLD/0440',211,16,1,0,'2',90,'2018-07-19',NULL,'2018-07-19 01:11:03'),('KI/KIT/KTO/BKNIF/0441',212,16,1,0,'2',91,'2018-07-19',NULL,'2018-07-19 01:12:29'),('KI/KIT/KTO/FSTTRO/0442',213,16,1,0,'2',92,'2018-07-19',NULL,'2018-07-19 01:17:58'),('KI/KIT/KTO/FWMR/0443',214,16,1,0,'2',93,'2018-07-19',NULL,'2018-07-19 01:21:29'),('KI/KIT/KTO/DFBWL/0444',215,16,1,0,'2',94,'2018-07-19',NULL,'2018-07-19 01:24:47'),('KI/KIT/KTO/CPPOT/0445',216,16,1,0,'2',95,'2018-07-19',NULL,'2018-07-19 01:26:33'),('KI/KIT/KTO/BRTPAN/0446',217,16,1,0,'2',96,'2018-07-19',NULL,'2018-07-19 01:28:28'),('KI/KIT/KTO/CKSTD/0447',218,16,1,0,'2',97,'2018-07-19',NULL,'2018-07-19 01:30:12'),('KI/KI/KTO/MELSCO/0448',219,16,1,0,'2',98,'2018-07-19',NULL,'2018-07-19 01:33:00'),('KI/KIT/KTO/NSTCK/0449',220,16,1,0,'2',99,'2018-07-19',NULL,'2018-07-19 01:34:56'),('KI/PC/MONI/PC/0450',221,16,1,0,'2',100,'2018-07-20',NULL,'2018-07-20 00:34:04'),('KI/ELE/FAN/WLFAN/0457',222,16,1,0,'2',101,'2018-07-20',NULL,'2018-07-20 00:35:20'),('KI/TCOM/TPH/TPH/0452',223,16,1,0,'2',102,'2018-07-20',NULL,'2018-07-20 00:37:05'),('KI/FUR/CHR/OCHR/0453',224,16,1,0,'2',103,'2018-07-20',NULL,'2018-07-20 00:38:45'),('KI/KIT/KTO/MICKGL/0454',225,16,1,0,'2',104,'2018-07-20',NULL,'2018-07-20 00:40:58'),('KI/KIT/KTO/SPSPN/0455',226,16,1,0,'2',105,'2018-07-20',NULL,'2018-07-20 00:44:11'),('KI/KIT/KTO/BLBWL/0456',227,16,1,0,'2',106,'2018-07-20',NULL,'2018-07-20 00:47:03'),('KI/KIT/KTO/STNJUG/0457',228,16,1,0,'2',107,'2018-07-20',NULL,'2018-07-20 00:49:26'),('KI/KIT/KTO/MCUPW/0458',229,16,1,0,'2',108,'2018-07-20',NULL,'2018-07-20 02:41:31'),('KI/KIT/KTO/MICUPR/0459',230,16,1,0,'2',109,'2018-07-20',NULL,'2018-07-20 02:43:03'),('KI/KIT/KITO/ZIZPLT/0460',231,16,1,0,'2',110,'2018-07-20',NULL,'2018-07-20 02:44:47'),('KI/KIT/KTO/SBWLS/0461',232,16,1,0,'2',111,'2018-07-20',NULL,'2018-07-20 02:46:20'),('KI/KIT/KTO/PSCRP/0462',233,16,1,0,'2',112,'2018-07-20',NULL,'2018-07-20 02:47:44'),('KI/KIT/KTO/STSCRP/0463',234,16,1,0,'2',113,'2018-07-20',NULL,'2018-07-20 02:49:35'),('KI/KIT/KTO/STPLT/0464',235,16,1,0,'2',114,'2018-07-20',NULL,'2018-07-20 02:52:27'),('KI/ELE/MCH/KOTM/0465',236,16,1,0,'2',115,'2018-07-20',NULL,'2018-07-20 02:54:06'),('KI/KIT/KTO/SABTL/0466',237,16,1,0,'2',116,'2018-07-20',NULL,'2018-07-20 02:56:15'),('KI/KIT/KTO/STBWL/0467',238,16,1,0,'2',117,'2018-07-20',NULL,'2018-07-20 02:58:31'),('KKI/KIT/KTO/DPFRY/0468',243,16,1,0,'2',118,'2018-07-20',NULL,'2018-07-20 03:05:42'),('KI/KIT/HKIT/CHLR/0469',244,16,1,0,'2',119,'2018-07-20',NULL,'2018-07-20 03:09:32'),('KI/KIT/HKIT/FRZR/0470',245,16,1,0,'2',120,'2018-07-20',NULL,'2018-07-20 03:11:04'),('KI/KIT/HKIT/OVGT/0471',246,16,1,0,'2',121,'2018-07-20',NULL,'2018-07-20 03:15:46'),('KI/KIT/KTO/OVBIG/0472',247,16,1,0,'2',122,'2018-07-20',NULL,'2018-07-20 03:19:19'),('KI/KIT/KTO/PNMCH/0473',248,16,1,0,'2',123,'2018-07-20',NULL,'2018-07-20 03:20:38'),('FO/COM/MO/A/0001',259,19,1,0,'2',124,'2018-08-10',NULL,'2018-08-10 00:24:45'),('FO/COM/CPU/A/0002',260,19,1,0,'2',125,'2018-08-10',NULL,'2018-08-10 01:28:08'),('FO/COM/CPU/A/0003',261,19,1,0,'2',126,'2018-08-10',NULL,'2018-08-10 01:31:15'),('FO/ELE/MACHE/A/0004',262,19,1,0,'2',127,'2018-08-10',NULL,'2018-08-10 01:34:05'),('FO/ELE/MOU/A/0005',263,19,1,0,'2',128,'2018-08-10',NULL,'2018-08-10 01:36:10'),('FO/ELE/KEY/A/0006',264,19,1,0,'2',129,'2018-08-10',NULL,'2018-08-10 01:46:18'),('FO/ELE/MOU/A/0007',265,19,1,0,'2',130,'2018-08-10',NULL,'2018-08-10 01:49:01'),('FO/ELE/TELE/A/0008',266,19,1,0,'2',131,'2018-08-10',NULL,'2018-08-10 04:49:04'),('FO/ELE/TELE/A/0009',267,19,1,0,'2',132,'2018-08-10',NULL,'2018-08-10 05:37:23'),('FO/ELE/KEYB/A/0010',268,19,1,0,'2',133,'2018-08-13',NULL,'2018-08-13 05:49:41'),('FO/ELE/KEYB/0011',269,19,1,0,'2',134,'2018-08-13',NULL,'2018-08-13 05:51:42'),('FO/ELE/KEYB/A/0012',270,19,1,0,'2',135,'2018-08-13',NULL,'2018-08-13 05:59:26'),('FO/ELE/PRIN/P/0013',271,19,1,0,'2',136,'2018-08-13',NULL,'2018-08-13 06:05:29'),('FO/ELE/PRINT/P/0014',272,19,1,0,'2',137,'2018-08-17',NULL,'2018-08-16 23:07:00'),('FO/FOI/CAL/C/0015',273,19,1,0,'2',138,'2018-08-17',NULL,'2018-08-16 23:08:41'),('FO/FOI/STEP/S/0016',274,19,1,0,'2',139,'2018-08-17',NULL,'2018-08-16 23:10:48'),('FO/MACH/DCM/D/0017',275,19,1,0,'2',140,'2018-08-17',NULL,'2018-08-16 23:33:52'),('FO/MACH/CRCM/C/0018',276,19,1,0,'2',141,'2018-08-17',NULL,'2018-08-16 23:37:28'),('FO/FOI/FOT/K/0019',277,19,1,0,'2',142,'2018-08-17',NULL,'2018-08-16 23:40:29'),('FO/ELE/AC/A/0020',278,19,1,0,'2',143,'2018-08-17',NULL,'2018-08-16 23:43:28'),('FO/ELE/REMO/R/0021',279,19,1,0,'2',144,'2018-08-17',NULL,'2018-08-16 23:46:14'),('FO/ELE/SB/S/0022',280,19,1,0,'2',145,'2018-08-17',NULL,'2018-08-16 23:50:35'),('FO/ELE/REMO/R/0023',281,19,1,0,'2',146,'2018-08-17',NULL,'2018-08-16 23:52:49'),('FO/FOI/PUN/P/0024',282,19,1,0,'2',147,'2018-08-17',NULL,'2018-08-16 23:55:52'),('FO/ELE/WTM/W/0025',283,19,1,0,'2',148,'2018-08-17',NULL,'2018-08-17 00:04:10'),('FO/ELE/LAMP/L/0026',284,19,1,0,'2',149,'2018-08-17',NULL,'2018-08-17 00:13:21'),('FO/ELE/FRIG/F/0027',285,19,1,0,'2',150,'2018-08-17',NULL,'2018-08-17 00:15:48'),('FO/FOI/FOT/W/0028',286,19,1,0,'2',151,'2018-08-17',NULL,'2018-08-17 00:19:41'),('FO/FOI/FOT/W/0029',287,19,1,0,'2',152,'2018-08-17',NULL,'2018-08-17 00:21:31'),('FO/FOI/SCIS/S/0030',288,19,1,0,'2',153,'2018-08-17',NULL,'2018-08-17 00:24:26'),('FO/FOI/FOT/B/0031',289,19,1,0,'2',154,'2018-08-17',NULL,'2018-08-17 00:50:27'),('FO/FOI/FOT/E/0032',290,19,1,0,'2',155,'2018-08-17',NULL,'2018-08-17 00:52:04'),('FO/FOI/FOT/C/0033',291,19,1,0,'2',156,'2018-08-17',NULL,'2018-08-17 01:04:22'),('FO/TRO/LTRO/T/0034',292,19,1,0,'2',157,'2018-08-17',NULL,'2018-08-17 01:08:44'),('FO/FOI/DUST/D/0035',293,19,1,0,'2',158,'2018-08-17',NULL,'2018-08-17 01:12:47'),('FO/FOI/DUST/D/0036',294,19,1,0,'2',159,'2018-08-17',NULL,'2018-08-17 01:14:45'),('FO/ELE/MACH/M/0037',295,19,1,0,'2',160,'2018-08-17',NULL,'2018-08-17 01:17:19'),('FO/ELE/KEYB/K/0038',296,19,1,0,'2',161,'2018-08-18',NULL,'2018-08-18 02:31:53'),('FO/ELE/MOU/M/0039',297,19,1,0,'2',162,'2018-08-18',NULL,'2018-08-18 02:33:55'),('FO/ELE/MACH/U/0040',298,19,1,0,'2',163,'2018-08-18',NULL,'2018-08-18 02:36:39'),('FO/COM/CPU/C/0041',299,19,1,0,'2',164,'2018-08-18',NULL,'2018-08-18 02:40:10'),('FO/FOI/LOB/E/0042',300,19,1,0,'2',165,'2018-08-18',NULL,'2018-08-18 02:52:10'),('FO/FOI/DUST/D/0043',301,19,1,0,'2',166,'2018-08-18',NULL,'2018-08-18 02:53:57'),('FO/FOI/LOB/0044',302,19,1,0,'2',167,'2018-08-18',NULL,'2018-08-18 02:56:19'),('FO/FOI/LOB/R/0045',303,19,1,0,'2',168,'2018-08-18',NULL,'2018-08-18 02:58:40'),('FO/FOI/CAL/C/0046',304,19,1,0,'2',169,'2018-08-18',NULL,'2018-08-18 03:02:38'),('FO/FOI/STEP/0047',305,19,1,0,'2',170,'2018-08-18',NULL,'2018-08-18 03:05:52'),('FO/FOI/PUN/P/0048',306,19,1,0,'2',171,'2018-08-18',NULL,'2018-08-18 03:11:48'),('FO/FOI/SCIC/S/0049',307,19,1,0,'2',172,'2018-08-18',NULL,'2018-08-18 03:14:29'),('FO/ELE/TELE/T/0050',308,19,1,0,'2',173,'2018-08-18',NULL,'2018-08-18 03:51:57'),('MA/SEC/CAM/C/0170',13,20,1,0,'2',174,'2018-08-22',NULL,'2018-08-22 00:43:02'),('MA*TV/LED/T/0171',62,20,1,0,'2',175,'2018-08-22',NULL,'2018-08-22 00:44:35'),('MA/ELE/AC/A/0172',63,20,1,0,'2',176,'2018-08-22',NULL,'2018-08-22 00:45:56'),('MA/ELE/LAMP/C/0173',66,20,1,0,'2',177,'2018-08-22',NULL,'2018-08-22 00:47:39'),('MA/ELE/LAMP/B/0174',68,20,1,0,'2',178,'2018-08-22',NULL,'2018-08-22 00:49:13'),('MA/ELE/SEC/E/0175',74,20,1,0,'2',179,'2018-08-22',NULL,'2018-08-22 00:50:44'),('MA/ELE/LAMP/W/0176',77,20,1,0,'2',180,'2018-08-22',NULL,'2018-08-22 00:52:39'),('MA/ELE/FAN/F/0177',78,20,1,0,'2',181,'2018-08-22',NULL,'2018-08-22 00:54:03'),('MA/FUN/DOOR/D/0178',79,20,1,0,'2',182,'2018-08-22',NULL,'2018-08-22 00:56:20'),('MA/BI/BI/H/0179',85,20,1,0,'2',183,'2018-08-22',NULL,'2018-08-22 00:59:46'),('MA/BI/BI/T/0180',86,20,1,0,'2',184,'2018-08-22',NULL,'2018-08-22 01:08:28'),('MA/BI/BI/S/0181',88,20,1,0,'2',185,'2018-08-22',NULL,'2018-08-22 01:09:51'),('MA/BI/BI/W/0182',91,20,1,0,'2',186,'2018-08-22',NULL,'2018-08-22 01:11:32'),('MA/BI/BI/C/0183',92,20,1,0,'2',187,'2018-08-22',NULL,'2018-08-22 01:12:39'),('MA/ELE/MACH/A/0184',95,20,1,0,'2',188,'2018-08-22',NULL,'2018-08-22 01:18:06'),('MA/ELE/MO/T/0185',96,20,1,0,'2',189,'2018-08-22',NULL,'2018-08-22 01:19:25'),('MA/ELE/MACH/H/0186',97,20,1,0,'2',190,'2018-08-22',NULL,'2018-08-22 01:21:16'),('MA/FUN/PO/P/0187',98,20,1,0,'2',191,'2018-08-22',NULL,'2018-08-22 01:22:57'),('MA/ELE/MACH/C/0188',99,20,1,0,'2',192,'2018-08-22',NULL,'2018-08-22 01:24:42'),('MA/ELE/FAN/SF/0189',102,20,1,0,'2',193,'2018-08-22',NULL,'2018-08-22 01:27:27'),('MA/ELE/MACH/E/0190',103,20,1,0,'2',194,'2018-08-22',NULL,'2018-08-22 01:29:59'),('MA/ELE/MACH/H/0191',104,20,1,0,'2',195,'2018-08-22',NULL,'2018-08-22 01:33:55'),('MA/SCR/PRO/P/0206',120,20,1,0,'2',196,'2018-08-22',NULL,'2018-08-22 01:39:28'),('MA/ST/ST/E/0192',105,20,1,0,'2',197,'2018-08-22',NULL,'2018-08-22 01:41:32'),('MA/ST/ST/E/0193',106,20,1,0,'2',198,'2018-08-22',NULL,'2018-08-22 01:43:26'),('MA/ST/ST/L/0194',107,20,1,0,'2',199,'2018-08-22',NULL,'2018-08-22 01:46:37'),('MA/ST/ST/R/0195',108,20,1,0,'2',200,'2018-08-22',NULL,'2018-08-22 01:47:50'),('MA/ST/ST/R/0196',109,20,1,0,'2',201,'2018-08-22',NULL,'2018-08-22 01:49:08'),('MA/ST/ST/C/0197',110,20,1,0,'2',202,'2018-08-22',NULL,'2018-08-22 01:50:29'),('MA/ST/ST/S/0198',111,20,1,0,'2',203,'2018-08-22',NULL,'2018-08-22 01:53:02'),('MA/ST/ST/L/0199',112,20,1,0,'2',204,'2018-08-22',NULL,'2018-08-22 01:54:15'),('MA/ST/ST/S/0200',113,20,1,0,'2',205,'2018-08-22',NULL,'2018-08-22 01:55:39'),('MA/ST/ST/N/0201',114,20,1,0,'2',206,'2018-08-22',NULL,'2018-08-22 02:00:13'),('MA/ST/ST/P/0202',115,20,1,0,'2',207,'2018-08-22',NULL,'2018-08-22 02:39:07'),('MA/ST/ST/P/0203',116,20,1,0,'2',208,'2018-08-22',NULL,'2018-08-22 02:40:48'),('MA/ELE/MACH/S/0204',117,20,1,0,'2',209,'2018-08-22',NULL,'2018-08-22 02:42:48'),('MA/ST/ST/C/0205',118,20,1,0,'2',210,'2018-08-22',NULL,'2018-08-22 02:48:32'),('MA/ELE/FAN/E/0208',249,20,1,0,'2',211,'2018-08-22',NULL,'2018-08-22 02:52:44'),('MA/ST/ST/S/0209',250,20,1,0,'2',212,'2018-08-22',NULL,'2018-08-22 02:54:30'),('MA/MI/MI/B/0210',252,20,1,0,'2',213,'2018-08-22',NULL,'2018-08-22 02:56:08'),('MA/MI/MI/G/0211',257,20,1,0,'2',214,'2018-08-22',NULL,'2018-08-22 02:58:18'),('MA/AS/AU/S/0207',124,20,1,0,'2',215,'2018-08-22',NULL,'2018-08-22 02:59:57'),('ACC/COM/CPU/C/0150',40,15,1,0,'2',216,'2018-08-22',NULL,'2018-08-22 03:11:18'),('ACC/COM/MO/M/0151',41,15,1,0,'2',217,'2018-08-22',NULL,'2018-08-22 03:12:38'),('ACC/UPS/650MV/U/0152',42,15,1,0,'2',218,'2018-08-22',NULL,'2018-08-22 03:14:13'),('ACC/COM/CPU/C/0153',43,15,1,0,'2',219,'2018-08-22',NULL,'2018-08-22 03:15:50'),('ACC/COM/MO/M/0154',44,15,1,0,'2',220,'2018-08-22',NULL,'2018-08-22 03:17:12'),('ACC/COM/CPU/C/0156',46,15,1,0,'2',221,'2018-08-22',NULL,'2018-08-22 03:22:14'),('ACC/COM/MO/M/0157',47,15,1,0,'2',222,'2018-08-22',NULL,'2018-08-22 03:24:09'),('ACC/UPS/650MV/U/0155',45,15,1,0,'2',223,'2018-08-22',NULL,'2018-08-22 03:29:19'),('AD/FUNI/CHAIR/C/0100',4,21,1,0,'2',224,'2018-08-22',NULL,'2018-08-22 05:04:09'),('AD/FUNI/TAB/T/0101',6,21,1,0,'2',225,'2018-08-22',NULL,'2018-08-22 05:05:58'),('AD/FUNI/TAB/T/0102',7,21,1,0,'2',226,'2018-08-22',NULL,'2018-08-22 05:19:55'),('AD/FUNI/RACK/R/0103',8,21,1,0,'2',227,'2018-08-22',NULL,'2018-08-22 05:36:05'),('AD/FUNI/LOCK/L/0104',9,21,1,0,'2',228,'2018-08-22',NULL,'2018-08-22 05:38:22'),('AD/FUNI/CAB/C/0105',10,21,1,0,'2',229,'2018-08-22',NULL,'2018-08-22 05:40:01'),('AD/ELE/AC/A/0106',11,21,1,0,'2',230,'2018-08-22',NULL,'2018-08-22 05:43:47'),('AD/TELE/FM/F/0107',12,21,1,0,'2',231,'2018-08-22',NULL,'2018-08-22 05:47:37'),('AD/ELE/FAN/C/5070',14,21,1,0,'2',232,'2018-08-22',NULL,'2018-08-22 05:57:22'),('AD/FUNI/CHAIR/C/0108',53,21,1,0,'2',233,'2018-08-22',NULL,'2018-08-22 05:59:31'),('IT/COM/LAP/L/0130',3,3,1,0,'2',234,'2018-08-23',NULL,'2018-08-22 23:36:31'),('IT/NET/SWI/S/0131',33,3,1,0,'2',235,'2018-08-23',NULL,'2018-08-22 23:38:02'),('IT/NET/SWI/S/0132',34,3,1,0,'2',236,'2018-08-23',NULL,'2018-08-22 23:39:12'),('IT/NET/WF/W/0133',35,3,1,0,'2',237,'2018-08-23',NULL,'2018-08-22 23:40:27'),('IT/UPS/1200MV/U/0134',36,3,1,0,'2',238,'2018-08-23',NULL,'2018-08-22 23:42:02'),('IT/COM/CPU/C/0135',37,3,1,0,'2',239,'2018-08-23',NULL,'2018-08-22 23:43:35'),('IT/COM/MO/M/0136',38,3,1,0,'2',240,'2018-08-23',NULL,'2018-08-22 23:44:55'),('IT/FUNI/TAB/T/0137',39,3,1,0,'2',241,'2018-08-23',NULL,'2018-08-22 23:46:39'),('IT/NET/SWI/S/0138',48,3,1,0,'2',242,'2018-08-23',NULL,'2018-08-22 23:47:55'),('FB/ELE/MACH/I/0250',15,5,1,0,'2',243,'2018-08-23',NULL,'2018-08-23 00:13:20'),('FB/ELE/FRIDG/F/0251',16,5,1,0,'2',244,'2018-08-23',NULL,'2018-08-23 00:14:46'),('FB/ELE/MACH/D/0254',17,5,1,0,'2',245,'2018-08-23',NULL,'2018-08-23 00:16:25'),('FB/ELE/MACH/D/0255',18,5,1,0,'2',246,'2018-08-23',NULL,'2018-08-23 00:17:48'),('FB/ELE/MACH/B/0256',19,5,1,0,'2',247,'2018-08-23',NULL,'2018-08-23 00:19:04'),('FB/ELE/FRIDG/F/0252',20,5,1,0,'2',248,'2018-08-23',NULL,'2018-08-23 02:47:03'),('FB/ELE/FRIDG/F/0253',21,5,1,0,'2',249,'2018-08-23',NULL,'2018-08-23 03:14:54'),('FB/ELE/TOAS/T/0257',22,5,1,0,'2',250,'2018-08-23',NULL,'2018-08-23 03:16:18'),('FB/ELE/MACH/B/0258',23,5,1,0,'2',251,'2018-08-23',NULL,'2018-08-23 03:17:44'),('FB/FUNI/TAB/T/0259',24,5,1,0,'2',252,'2018-08-23',NULL,'2018-08-23 03:20:17'),('FB/FUNI/CHAIR/C/0260',25,5,1,0,'2',253,'2018-08-23',NULL,'2018-08-23 03:22:04'),('FB/FUNI/RACK/S/0261',26,5,1,0,'2',254,'2018-08-23',NULL,'2018-08-23 03:25:44'),('FB/FUNI/TRO/T/0262',27,5,1,0,'2',255,'2018-08-23',NULL,'2018-08-23 03:37:14'),('FB/FUNI/RACK/B/0263',28,5,1,0,'2',256,'2018-08-23',NULL,'2018-08-23 03:43:50'),('FB/ELE/FAN/F/0264',29,5,1,0,'2',257,'2018-08-23',NULL,'2018-08-23 04:11:12'),('FB/FUNI/TAB/T/0265',30,5,1,0,'2',258,'2018-08-23',NULL,'2018-08-23 04:30:41'),('FB/FUNI/CHAIR/C/0266',31,5,1,0,'2',259,'2018-08-23',NULL,'2018-08-23 04:33:16'),('FB/FUNI/TAB/T/0267',32,5,1,0,'2',260,'2018-08-23',NULL,'2018-08-23 04:38:14'),('FB/COM/TC/C/0287',54,5,1,0,'2',261,'2018-08-23',NULL,'2018-08-23 05:10:34'),('FB/COM/TC/C/0288',55,5,1,0,'2',262,'2018-08-23',NULL,'2018-08-23 05:14:54'),('FB/PRINT/POS/P/0289',56,5,1,0,'2',263,'2018-08-23',NULL,'2018-08-23 05:16:49'),('FB/ELE/KETT/K/0290',57,5,1,0,'2',264,'2018-08-23',NULL,'2018-08-23 05:18:32'),('HK/DLX/R/DL/107/8001',58,22,1,0,'2',265,'2018-08-25',NULL,'2018-08-25 03:52:38'),('HK/DLX/R/MD/107/8050',59,22,1,0,'2',266,'2018-08-25',NULL,'2018-08-25 03:54:25'),('HK/DLX/R/WL/306/0517',60,22,1,0,'2',267,'2018-08-25',NULL,'2018-08-25 03:56:01'),('HK/DLX/R/BR/305/0527',61,22,1,0,'2',268,'2018-08-25',NULL,'2018-08-25 03:57:39'),('HK/DLX/R/DT/107/0533',64,22,1,0,'2',269,'2018-08-25',NULL,'2018-08-25 03:59:00'),('HK/DLX/R/MIR/107/0544',65,22,1,0,'2',270,'2018-08-25',NULL,'2018-08-25 04:04:44'),('HK/DLX/R/PF/107/0555',67,22,1,0,'2',271,'2018-08-26',NULL,'2018-08-26 05:02:49'),('HK/DLX/R/HB/107/0821',69,22,1,0,'2',272,'2018-08-26',NULL,'2018-08-26 05:04:36'),('HK/DLX/R/DBL/107/0566',70,22,1,0,'2',273,'2018-08-26',NULL,'2018-08-26 05:11:10'),('HK/DLX/R/TT/107/0577',71,22,1,0,'2',274,'2018-08-26',NULL,'2018-08-26 05:13:29'),('HK/DLX/R/CH/107/0854',72,22,1,0,'2',275,'2018-08-28',NULL,'2018-08-28 00:25:13'),('HK/DLX/R/TSH/107/0588',73,22,1,0,'2',276,'2018-08-28',NULL,'2018-08-28 00:26:40'),('HK/DLX/R/SFB/107/0601',75,22,1,0,'2',277,'2018-08-28',NULL,'2018-08-28 00:28:04'),('HK/DLX/R/WR/107/0612',76,22,1,0,'2',278,'2018-08-28',NULL,'2018-08-28 00:29:56'),('HK/DLX/R/BOP/9800',80,22,1,0,'2',279,'2018-08-28',NULL,'2018-08-28 00:31:31'),('HK/DLX/R/BRM/107/0634',81,22,1,0,'2',280,'2018-08-28',NULL,'2018-08-28 00:33:15'),('HK/DLX/R/SHM/107/0645',82,22,1,0,'2',281,'2018-08-28',NULL,'2018-08-28 00:35:00'),('HK/DLX/R/TRH/107/0656',83,22,1,0,'2',282,'2018-08-28',NULL,'2018-08-28 00:36:22'),('HK/DLX/R/PAD/107/0667',84,22,1,0,'2',283,'2018-08-28',NULL,'2018-08-28 00:37:39'),('HK/DLX/R/HAID/107/0689',87,22,1,0,'2',284,'2018-08-28',NULL,'2018-08-28 00:48:15'),('HK/DLX/R/SOH/107/0700',89,22,1,0,'2',285,'2018-08-28',NULL,'2018-08-28 00:49:44'),('HK/DLX/R/AMT/107/0711',90,22,1,0,'2',286,'2018-08-28',NULL,'2018-08-28 00:51:21'),('HK/LI/MACH/G/8180',93,22,1,0,'2',287,'2018-08-28',NULL,'2018-08-28 00:52:52'),('HK/LI/MACH/W/8181',94,22,1,0,'2',288,'2018-08-28',NULL,'2018-08-28 00:55:01'),('HK/HI/RI/P/8190',309,22,1,0,'2',289,'2018-08-28',NULL,'2018-08-28 00:56:38'),('HK/HI/RI/P/8191',310,22,1,0,'2',290,'2018-08-28',NULL,'2018-08-28 00:59:14'),('HK/COM/TABLE/8200',1,22,1,0,'2',291,'2018-08-28',NULL,'2018-08-28 01:05:22'),('HK/ST/ST/V/8141',139,22,1,0,'2',292,'2018-08-28',NULL,'2018-08-28 01:07:36'),('HK/BAN/CC/C/8210',239,22,1,0,'2',293,'2018-08-28',NULL,'2018-08-28 01:40:18'),('HK/BAN/CC/C/8211',240,22,1,0,'2',294,'2018-08-28',NULL,'2018-08-28 01:42:44'),('HK/BAN/BOW/B/8220',241,22,1,0,'2',295,'2018-08-28',NULL,'2018-08-28 01:44:15'),('HK/BAN/CC/C/8212',242,22,1,0,'2',296,'2018-08-28',NULL,'2018-08-28 01:45:48'),('HK/HI/RI/D/8192',251,22,1,0,'2',297,'2018-08-28',NULL,'2018-08-28 01:47:34'),('HK/BI/BI//L/8161',253,22,1,0,'2',298,'2018-08-28',NULL,'2018-08-28 01:48:51'),('HK/HI/RI/D/8193',254,22,1,0,'2',299,'2018-08-28',NULL,'2018-08-28 01:50:42'),('255',255,22,1,0,'2',300,'2018-08-28',NULL,'2018-08-28 01:51:44'),('HK/HI/RI/B//8195',256,22,1,0,'2',301,'2018-08-28',NULL,'2018-08-28 01:53:30'),('HK/ELE/AC/A/8230',258,22,1,0,'2',302,'2018-08-28',NULL,'2018-08-28 01:56:51'),('HK/PBA/VACU/1003',315,22,1,0,'2',303,'2018-10-16',NULL,'2018-10-16 04:50:21'),('FB/FUN/TAB/T/0268',316,5,1,0,'2',304,'2018-11-08',NULL,'2018-11-07 23:08:20'),('FB/FUN/TAB/T/0269',316,5,1,0,'2',305,'2018-11-08',NULL,'2018-11-07 23:11:18'),('FB/FUN/TAB/T/0270',316,5,1,0,'2',306,'2018-11-08',NULL,'2018-11-07 23:13:59'),('FB/FUN/TAB/T/7113',316,4,1,0,'2',307,'2018-11-08',NULL,'2018-11-07 23:15:58'),('FB/FUN/TAB/T/0271',316,5,1,0,'2',308,'2018-11-08',NULL,'2018-11-07 23:17:54'),('FB/FUN/TAB/T/0272',316,5,1,0,'2',309,'2018-11-08',NULL,'2018-11-07 23:19:39'),('FB/FUN/TAB/T/0273',316,5,1,0,'2',310,'2018-11-08',NULL,'2018-11-07 23:21:12'),('FB/FUN/TAB/T/0274',317,5,1,0,'2',311,'2018-11-08',NULL,'2018-11-07 23:30:35'),('FB/FUN/TAB/T/0275',317,5,1,0,'2',312,'2018-11-08',NULL,'2018-11-07 23:32:14'),('FB/FUN/TAB/T/0276',317,5,1,0,'2',313,'2018-11-08',NULL,'2018-11-07 23:33:55'),('FB/FUN/TAB/T/0277',317,5,1,0,'2',314,'2018-11-08',NULL,'2018-11-07 23:35:38'),('FB/FUN/TAB/DT/0291',318,5,1,0,'2',315,'2018-11-08',NULL,'2018-11-07 23:37:07'),('HK/HI/SQ/ME/8250',319,22,1,0,'2',316,'2018-11-20',NULL,'2018-11-20 02:30:52'),('HK/HI/SQ/ME/8251',319,22,1,0,'2',317,'2018-11-20',NULL,'2018-11-20 02:33:47'),('HK/HI/SQ/ME/8252',319,22,1,0,'2',318,'2018-11-20',NULL,'2018-11-20 02:37:26'),('HK/HI/SQ/ME/8253',319,22,1,0,'2',319,'2018-11-20',NULL,'2018-11-20 02:47:35'),('HK/HI/SQ/ME/8254',319,22,1,0,'2',320,'2018-11-20',NULL,'2018-11-20 03:15:22'),('HK/HI/SQ/ME/8255',319,22,1,0,'2',321,'2018-11-20',NULL,'2018-11-20 03:18:12'),('HK/HI/SQ/ME/8256',319,22,1,0,'2',322,'2018-11-20',NULL,'2018-11-20 03:19:53'),('HK/HI/SQ/ME/8257',319,22,1,0,'2',323,'2018-11-20',NULL,'2018-11-20 03:22:05'),('HK/HI/SQ/ME/8258',319,22,1,0,'2',324,'2018-11-20',NULL,'2018-11-20 03:27:07'),('HK/HI/SQ/ME/8259',319,22,1,0,'2',325,'2018-11-20',NULL,'2018-11-20 03:31:37'),('HK/DLX/R/DL/301/8000',58,22,1,0,'2',326,'2018-12-13',NULL,'2018-12-12 23:46:42'),('HK/DLX/R/PC/107/8100',320,22,1,0,'2',327,'2018-12-14',NULL,'2018-12-14 02:28:04'),('HK/DLX/R/TVR/305/0727',321,22,1,0,'2',328,'2018-12-14',NULL,'2018-12-14 02:31:57'),('HK/DLX/R/TV/301/0789',336,22,1,0,'2',329,'2018-12-17',NULL,'2018-12-17 03:16:28'),('HK/DLX/R/AC/308/0807',337,22,1,0,'2',330,'2018-12-17',NULL,'2018-12-17 03:18:51'),('HK/DLX/R/ACR/304/0737',322,22,1,0,'2',331,'2018-12-17',NULL,'2018-12-17 03:21:00'),('HK/DLX/R/MF/107/0744',323,22,1,0,'2',332,'2018-12-17',NULL,'2018-12-17 03:51:59'),('HK/DLX/R/TVA/8600',324,22,1,0,'2',333,'2018-12-17',NULL,'2018-12-17 03:57:05'),('HK/DLX/R/PLU/8650',338,22,1,0,'2',334,'2018-12-17',NULL,'2018-12-17 03:59:01'),('HK/DLX/R/INPLU/8700',325,22,1,0,'2',335,'2018-12-18',NULL,'2018-12-18 04:02:20'),('HK/DLX/R/CEL/107/0810',339,22,1,0,'2',336,'2018-12-18',NULL,'2018-12-18 04:18:20'),('HK/DLX/R/BT/107/0832',326,22,1,0,'2',337,'2018-12-27',NULL,'2018-12-27 04:39:07'),('HK/DLX/R/BL/107/0843',340,22,1,0,'2',338,'2018-12-27',NULL,'2018-12-27 04:41:19'),('HK/DLX/R/BED/107/0755',327,22,1,0,'2',339,'2018-12-27',NULL,'2018-12-27 04:43:25'),('HK/DLX/R/KET/107/0865',341,22,1,0,'2',340,'2018-12-27',NULL,'2018-12-27 04:45:19'),('HK/DLX/R/ES/9300',342,22,1,0,'2',341,'2018-12-27',NULL,'2018-12-27 04:47:21'),('HK/DLX/R/WLS/9350',328,22,1,0,'2',342,'2018-12-27',NULL,'2018-12-27 05:03:54'),('HK/DLX/R/DLS/9400',329,22,1,0,'2',343,'2018-12-28',NULL,'2018-12-28 00:13:04'),('HK/DLX/R/BLS/9450',330,22,1,0,'2',344,'2018-12-28',NULL,'2018-12-28 00:14:45'),('HK/DLX/R/BRLS/9500',331,22,1,0,'2',345,'2018-12-28',NULL,'2018-12-28 00:35:25'),('HK/DLX/R/WRL/107/0623',77,22,1,0,'2',346,'2018-12-28',NULL,'2018-12-28 00:53:13'),('HK/DLX/R/CFA/107/0500',14,22,1,0,'2',347,'2018-12-28',NULL,'2018-12-28 04:21:30'),('HK/DLX/R/BRD/9750',79,22,1,0,'2',348,'2018-12-28',NULL,'2018-12-28 04:38:26'),('HK/DLX/R/HSW/301/0679',85,22,1,0,'2',349,'2019-01-05',NULL,'2019-01-05 01:50:27'),('HK/DLX/R/TWLR/10150',86,22,1,0,'2',350,'2019-01-05',NULL,'2019-01-05 01:52:32'),('HK/DLX/R/HSW/107/0678',85,22,1,0,'2',351,'2019-01-05',NULL,'2019-01-05 01:54:07'),('HK/DLX/R/WSB/107/0766',333,22,1,0,'2',352,'2019-01-05',NULL,'2019-01-05 01:56:41'),('HK/DLX/R/COM/107/0777',334,22,1,0,'2',353,'2019-01-05',NULL,'2019-01-05 01:58:52'),('HK/DLX/R/EF/10500',343,22,1,0,'2',354,'2019-01-05',NULL,'2019-01-05 02:02:28'),('HK/DLX/107/EF/10501',343,22,1,0,'2',355,'2019-01-05',NULL,'2019-01-05 02:05:23'),('HK/LAUN/DIRY/10600',93,22,1,0,'2',356,'2019-01-05',NULL,'2019-01-05 02:41:02'),('HK/LAUN/WM/10610',94,22,1,0,'2',357,'2019-01-05',NULL,'2019-01-05 02:49:24'),('HK/LAUN/INIORN/1001',344,22,1,0,'2',358,'2019-01-05',NULL,'2019-01-05 03:01:30'),('HK/LAUN/STIORN/1002',345,22,1,0,'2',359,'2019-01-05',NULL,'2019-01-05 03:05:29'),('HK/DLX/R/DL/302/8002',58,22,1,0,'2',360,'2019-01-07',NULL,'2019-01-07 02:07:04'),('HK/DLX/R/DL/303/8003',58,22,1,0,'2',361,'2019-01-07',NULL,'2019-01-07 02:09:02'),('HK/DLX/R/DL/304/8004',58,22,1,0,'2',362,'2019-01-07',NULL,'2019-01-07 02:10:56'),('HK/DLX/R/DL/305/8005',58,22,1,0,'2',363,'2019-01-07',NULL,'2019-01-07 02:13:06'),('HK/DLX/R/DL/306/8006',58,22,1,0,'2',364,'2019-01-07',NULL,'2019-01-07 02:14:38'),('HK/DLX/R/DL/308/8008',58,22,1,0,'2',365,'2019-01-07',NULL,'2019-01-07 02:17:39'),('HK/DLX/R/DL/309/8009',58,22,1,0,'2',366,'2019-01-07',NULL,'2019-01-07 02:21:56'),('HK/DLX/R/DL/310/8010',58,22,1,0,'2',367,'2019-01-07',NULL,'2019-01-07 02:26:14'),('HK/DLX/R/DL/307/8007',58,22,1,0,'2',368,'2019-01-07',NULL,'2019-01-07 02:31:04'),('HK/DLX/R/MD/301/8051',59,22,1,0,'2',369,'2019-01-07',NULL,'2019-01-07 02:49:08'),('HK/DLX/R/MD/302/8052',59,22,1,0,'2',370,'2019-01-07',NULL,'2019-01-07 02:52:25'),('HK/DLX/R/MD/303/8053',59,22,1,0,'2',371,'2019-01-07',NULL,'2019-01-07 02:56:40'),('HK/DLX/R/MD/304/8054',59,22,1,0,'2',372,'2019-01-07',NULL,'2019-01-07 04:00:39'),('HK/DLX/R/MD/305/8055',59,22,1,0,'2',373,'2019-01-07',NULL,'2019-01-07 04:02:36'),('HK/DLX/R/MD/306/8056',59,22,1,0,'2',374,'2019-01-07',NULL,'2019-01-07 04:04:16'),('HK/DLX/R/MD/307/8057',59,22,1,0,'2',375,'2019-01-07',NULL,'2019-01-07 04:06:33'),('HK/DLX/R/MD/308/8058',59,22,1,0,'2',376,'2019-01-07',NULL,'2019-01-07 04:08:54'),('HK/DLX/R/MD/309/8059',59,22,1,0,'2',377,'2019-01-07',NULL,'2019-01-07 04:11:49'),('HK/DLX/R/MD/310/8060',59,22,1,0,'2',378,'2019-01-07',NULL,'2019-01-07 04:13:54'),('HK/DLX/R/PC/301/8101',320,22,1,0,'2',379,'2019-01-10',NULL,'2019-01-10 02:43:57'),('HK/DLX/R/PC/302/8102',320,22,1,0,'2',380,'2019-01-10',NULL,'2019-01-10 02:45:08'),('HK/DLX/R/PC/303/8103',320,22,1,0,'2',381,'2019-01-10',NULL,'2019-01-10 02:46:42'),('HK/DLX/R/PC/304/8104',320,22,1,0,'2',382,'2019-01-10',NULL,'2019-01-10 02:47:57'),('HK/DLX/R/PC/305/8105',320,22,1,0,'2',383,'2019-01-10',NULL,'2019-01-10 02:48:56'),('HK/DLX/R/PC/306/8106',320,22,1,0,'2',384,'2019-01-10',NULL,'2019-01-10 02:50:10'),('HK/DLX/R/PC/307/8107',320,22,1,0,'2',385,'2019-01-10',NULL,'2019-01-10 02:51:15'),('HK/DLX/R/PC/308/8108',320,22,1,0,'2',386,'2019-01-10',NULL,'2019-01-10 02:52:59'),('HK/DLX/R/PC/309/8109',320,22,1,0,'2',387,'2019-01-10',NULL,'2019-01-10 02:55:04'),('HK/DLX/R/PC/309',320,22,1,0,'2',388,'2019-01-10',NULL,'2019-01-10 02:59:34'),('HK/DLX/R/PC/310/8110',320,22,1,0,'2',389,'2019-01-10',NULL,'2019-01-10 03:01:28'),('HK/DLX/R/WL/308/0519',60,22,1,0,'2',390,'2019-01-14',NULL,'2019-01-13 20:55:45'),('HK/DLX/R/WL/310/0521',60,22,1,0,'2',391,'2019-01-14',NULL,'2019-01-13 20:57:36'),('HK/DLX/R/WL/301/0512',60,22,1,0,'2',392,'2019-01-14',NULL,'2019-01-13 21:10:10'),('HK/DLX/R/WL/303/0514',60,22,1,0,'2',393,'2019-01-14',NULL,'2019-01-13 21:11:25'),('HK/DLX/R/WL/304/0515',60,22,1,0,'2',394,'2019-01-14',NULL,'2019-01-13 21:12:30'),('HK/DLX/R/WL/305/0516',60,22,1,0,'2',395,'2019-01-14',NULL,'2019-01-13 21:13:58'),('HK/DLX/R/WL/307/0518',60,22,1,0,'2',396,'2019-01-14',NULL,'2019-01-13 21:15:18'),('HK/DLX/R/WL/309/0520',60,22,1,0,'2',397,'2019-01-14',NULL,'2019-01-13 21:16:33'),('HK/DLX/R/WL/107/0511',60,22,1,0,'2',398,'2019-01-14',NULL,'2019-01-13 21:18:17'),('HK/DLX/R/WL/302/0513',60,22,1,0,'2',399,'2019-01-14',NULL,'2019-01-13 21:19:28'),('HK/DLX/R/BR/307/0529',61,22,1,0,'2',400,'2019-01-17',NULL,'2019-01-16 23:50:51'),('HK/DLX/R/BR/309/0531',61,22,1,0,'2',401,'2019-01-17',NULL,'2019-01-16 23:52:02'),('HK/DLX/R/BR/107/0522',61,22,1,0,'2',402,'2019-01-17',NULL,'2019-01-17 00:06:22'),('HK/DLX/R/BR/302/0524',61,22,1,0,'2',403,'2019-01-17',NULL,'2019-01-17 00:07:27'),('HK/DLX/R/BR/303/0525',61,22,1,0,'2',404,'2019-01-17',NULL,'2019-01-17 00:11:43'),('HK/DLX/R/BR/304/0526',61,22,1,0,'2',405,'2019-01-17',NULL,'2019-01-17 00:14:37'),('HK/DLX/R/BR/306/0528',61,22,1,0,'2',406,'2019-01-17',NULL,'2019-01-17 00:48:54'),('HK/DLX/R/BR/308/0530',61,22,1,0,'2',407,'2019-01-17',NULL,'2019-01-17 01:14:04'),('HK/DLX/R/BR/310/0532',61,22,1,0,'2',408,'2019-01-17',NULL,'2019-01-17 01:16:34'),('HK/DLX/R/BR/301/0523',61,22,1,0,'2',409,'2019-01-17',NULL,'2019-01-17 01:18:26'),('HK/DLX/R/TV/303/0791',336,22,1,0,'2',410,'2019-01-17',NULL,'2019-01-17 02:17:34'),('HK/DLX/R/TV/305/0793',336,22,1,0,'2',411,'2019-01-17',NULL,'2019-01-17 02:19:20'),('HK/DLX/R/TV/307/0795',336,22,1,0,'2',412,'2019-01-17',NULL,'2019-01-17 02:27:43'),('HK/DLX/R/TV/309/0797',336,22,1,0,'2',413,'2019-01-17',NULL,'2019-01-17 02:29:18'),('HK/DLX/R/TV/310/0798',336,22,1,0,'2',414,'2019-01-17',NULL,'2019-01-17 02:30:58'),('HK/DLX/R/TV/107/0788',336,22,1,0,'2',415,'2019-01-17',NULL,'2019-01-17 02:32:38'),('HK/DLX/R/TV/302/0790',336,22,1,0,'2',416,'2019-01-17',NULL,'2019-01-17 02:33:54'),('HK/DLX/R/TV/304/0792',336,22,1,0,'2',417,'2019-01-17',NULL,'2019-01-17 02:36:23'),('HK/DLX/R/TV/306/0794',336,22,1,0,'2',418,'2019-01-17',NULL,'2019-01-17 02:38:13'),('HK/DLX/R/TV/308/0796',336,22,1,0,'2',419,'2019-01-17',NULL,'2019-01-17 02:39:27'),('HK/DLX/R/TVR/307/0729',321,22,1,0,'2',420,'2019-01-20',NULL,'2019-01-20 01:50:33'),('HK/DLX/R/TVR/309/0731',321,22,1,0,'2',421,'2019-01-20',NULL,'2019-01-20 01:51:36'),('HK/DLX/R/TVR/107/0722',321,22,1,0,'2',422,'2019-01-20',NULL,'2019-01-20 01:52:34'),('HK/DLX/R/TVR/302/0724',321,22,1,0,'2',423,'2019-01-20',NULL,'2019-01-20 01:53:36'),('HK/DLX/R/TVR/303/0725',321,22,1,0,'2',424,'2019-01-20',NULL,'2019-01-20 01:54:34'),('HK/DLX/R/TVR/304/0726',321,22,1,0,'2',425,'2019-01-20',NULL,'2019-01-20 01:55:36'),('HK/DLX/R/TVR/306/0728',321,22,1,0,'2',426,'2019-01-20',NULL,'2019-01-20 01:56:40'),('HK/DLX/R/TVR/308/0730',321,22,1,0,'2',427,'2019-01-20',NULL,'2019-01-20 01:57:52'),('HK/DLX/R/TVR/310/0732',321,22,1,0,'2',428,'2019-01-20',NULL,'2019-01-20 01:59:13'),('HK/DLX/R/TVR/301/0723',321,22,1,0,'2',429,'2019-01-20',NULL,'2019-01-20 02:00:25'),('HK/DLX/R/AC/310/0809',337,22,1,0,'2',430,'2019-01-21',NULL,'2019-01-21 00:57:39'),('HK/DLX/R/AC/301/0800',337,22,1,0,'2',431,'2019-01-21',NULL,'2019-01-21 00:59:11'),('HK/DLX/R/AC/303/0802',337,22,1,0,'2',432,'2019-01-21',NULL,'2019-01-21 01:00:32'),('HK/DLX/R/AC/305/0804',337,22,1,0,'2',433,'2019-01-21',NULL,'2019-01-21 01:03:29'),('HK/DLX/R/AC/306/0805',337,22,1,0,'2',434,'2019-01-21',NULL,'2019-01-21 01:16:17'),('HK/DLX/R/AC/307/0806',337,22,1,0,'2',435,'2019-01-21',NULL,'2019-01-21 01:17:29'),('HK/DLX/R/AC/309/0808',337,22,1,0,'2',436,'2019-01-21',NULL,'2019-01-21 01:18:29'),('HK/DLX/R/AC/107/0799',337,22,1,0,'2',437,'2019-01-21',NULL,'2019-01-21 01:28:53'),('HK/DLX/R/AC/302/0801',337,22,1,0,'2',438,'2019-01-21',NULL,'2019-01-21 01:30:15'),('HK/DLX/R/AC/304/0803',337,22,1,0,'2',439,'2019-01-21',NULL,'2019-01-21 01:32:43'),('HK/DLX/R/ACR/306/0739',322,22,1,0,'2',440,'2019-01-23',NULL,'2019-01-23 01:02:12'),('HK/DLX/R/ACR/308/0741',322,22,1,0,'2',441,'2019-01-23',NULL,'2019-01-23 01:06:21'),('HK/DLX/R/ACR/310/0743',322,22,1,0,'2',442,'2019-01-23',NULL,'2019-01-23 01:09:23'),('HK/DLX/R/ACR/301/0734',322,22,1,0,'2',443,'2019-01-23',NULL,'2019-01-23 01:11:10'),('HK/DLX/R/ACR/302/0735',322,22,1,0,'2',444,'2019-01-23',NULL,'2019-01-23 01:12:11'),('HK/DLX/R/ACR/303/0736',322,22,1,0,'2',445,'2019-01-23',NULL,'2019-01-23 01:13:54'),('HK/DLX/R/ACR/305/0738',322,22,1,0,'2',446,'2019-01-23',NULL,'2019-01-23 01:15:39'),('HK/DLX/R/ACR/307/0740',322,22,1,0,'2',447,'2019-01-23',NULL,'2019-01-23 01:17:01'),('HK/DLX/R/ACR/309/0742',322,22,1,0,'2',448,'2019-01-23',NULL,'2019-01-23 01:18:21'),('HK/DLX/R/ACR/107/0733',322,22,1,0,'2',449,'2019-01-23',NULL,'2019-01-23 01:20:07'),('HK/DLX/R/CFA/301/0501',14,22,1,0,'2',450,'2019-01-26',NULL,'2019-01-25 23:52:51'),('HK/DLX/R/CFA/302/0502',14,22,1,0,'2',451,'2019-01-26',NULL,'2019-01-25 23:57:51'),('HK/DLX/R/CFA/303/0503',14,22,1,0,'2',452,'2019-01-26',NULL,'2019-01-25 23:59:29'),('HK/DLX/R/CFA/304/0504',14,22,1,0,'2',453,'2019-01-26',NULL,'2019-01-26 00:00:55'),('HK/DLX/R/CFA/305/0505',14,22,1,0,'2',454,'2019-01-26',NULL,'2019-01-26 00:03:01'),('HK/DLX/R/CFA/306/0506',14,22,1,0,'2',455,'2019-01-26',NULL,'2019-01-26 00:04:28'),('HK/DLX/R/CFA/307/0507',14,22,1,0,'2',456,'2019-01-26',NULL,'2019-01-26 00:05:47'),('HK/DLX/R/CFA/308/0508',14,22,1,0,'2',457,'2019-01-26',NULL,'2019-01-26 00:08:24'),('HK/DLX/R/CFA/309/0509',14,22,1,0,'2',458,'2019-01-26',NULL,'2019-01-26 00:09:35'),('HK/DLX/R/CFA/310/0510',14,22,1,0,'2',459,'2019-01-26',NULL,'2019-01-26 00:10:31'),('HK/DLX/R/DT/301/0534',64,22,1,0,'2',460,'2019-01-26',NULL,'2019-01-26 03:07:14'),('HK/DLX/R/DT/302/0535',64,22,1,0,'2',461,'2019-01-26',NULL,'2019-01-26 03:09:34'),('HK/DLX/R/DT/303/0536',64,22,1,0,'2',462,'2019-01-26',NULL,'2019-01-26 03:10:26'),('HK/DLX/R/DT/304/0537',64,22,1,0,'2',463,'2019-01-26',NULL,'2019-01-26 03:12:03'),('HK/DLX/R/DT/305/0538',64,22,1,0,'2',464,'2019-01-26',NULL,'2019-01-26 03:12:50'),('HK/DLX/R/DT/306/0539',64,22,1,0,'2',465,'2019-01-26',NULL,'2019-01-26 03:13:45'),('HK/DLX/R/DT/307/0540',64,22,1,0,'2',466,'2019-01-26',NULL,'2019-01-26 03:14:56'),('HK/DLX/R/DT/308/0541',64,22,1,0,'2',467,'2019-01-26',NULL,'2019-01-26 03:15:58'),('HK/DLX/R/DT/309/0542',64,22,1,0,'2',468,'2019-01-26',NULL,'2019-01-26 03:16:34'),('HK/DLX/R/DT/310/0543',64,22,1,0,'2',469,'2019-01-26',NULL,'2019-01-26 03:18:37'),('HK/DLX/R/MIR/301/0545',65,22,1,0,'2',470,'2019-01-26',NULL,'2019-01-26 07:42:07'),('HK/DLX/R/MIR/302/0546',65,22,1,0,'2',471,'2019-01-26',NULL,'2019-01-26 07:43:03'),('HK/DLX/R/MIR/303/0547',65,22,1,0,'2',472,'2019-01-26',NULL,'2019-01-26 07:44:02'),('HK/DLX/R/MIR/304/0548',65,22,1,0,'2',473,'2019-01-26',NULL,'2019-01-26 07:44:46'),('HK/DLX/R/MIR/305/0549',65,22,1,0,'2',474,'2019-01-26',NULL,'2019-01-26 07:46:19'),('HK/DLX/R/MIR/306/0550',65,22,1,0,'2',475,'2019-01-26',NULL,'2019-01-26 07:47:27'),('HK/DLX/R/MIR/307/0551',65,22,1,0,'2',476,'2019-01-26',NULL,'2019-01-26 07:50:28'),('HK/DLX/R/MIR/308/0552',65,22,1,0,'2',477,'2019-01-26',NULL,'2019-01-26 07:51:38'),('HK/DLX/R/MIR/309/0553',65,22,1,0,'2',478,'2019-01-26',NULL,'2019-01-26 07:52:47'),('HK/DLX/R/MIR/310/0554',65,22,1,0,'2',479,'2019-01-26',NULL,'2019-01-26 07:53:31'),('HK/DLX/R/PF/301/0556',67,22,1,0,'2',480,'2019-01-27',NULL,'2019-01-26 23:27:52'),('HK/DLX/R/PF/302/0557',67,22,1,0,'2',481,'2019-01-27',NULL,'2019-01-26 23:28:51'),('HK/DLX/R/PF/303/0558',67,22,1,0,'2',482,'2019-01-27',NULL,'2019-01-26 23:30:04'),('HK/DLX/R/PF/304/0559',67,22,1,0,'2',483,'2019-01-27',NULL,'2019-01-26 23:31:48'),('HK/DLX/R/PF/305/0560',67,22,1,0,'2',484,'2019-01-27',NULL,'2019-01-26 23:33:23'),('HK/DLX/R/PF/306/0561',67,22,1,0,'2',485,'2019-01-27',NULL,'2019-01-26 23:35:10'),('HK/DLX/R/PF/307/0562',67,22,1,0,'2',486,'2019-01-27',NULL,'2019-01-26 23:36:29'),('HK/DLX/R/PF/308/0563',67,22,1,0,'2',487,'2019-01-27',NULL,'2019-01-26 23:39:31'),('HK/DLX/R/PF/309/0564',67,22,1,0,'2',488,'2019-01-27',NULL,'2019-01-26 23:40:26'),('HK/DLX/R/PF/310/0565',67,22,1,0,'2',489,'2019-01-27',NULL,'2019-01-26 23:42:16'),('HK/DLX/R/DBL/301/0567',70,22,1,0,'2',490,'2019-01-27',NULL,'2019-01-26 23:59:33'),('HK/DLX/R/DBL/302/0568',70,22,1,0,'2',491,'2019-01-27',NULL,'2019-01-27 00:02:46'),('HK/DLX/R/DBL/303/0569',70,22,1,0,'2',492,'2019-01-27',NULL,'2019-01-27 00:03:47'),('HK/DLX/R/DBL/304/0570',70,22,1,0,'2',493,'2019-01-27',NULL,'2019-01-27 00:04:38'),('HK/DLX/R/DBL/305/0571',70,22,1,0,'2',494,'2019-01-27',NULL,'2019-01-27 00:05:40'),('HK/DLX/R/DBL/306/0572',70,22,1,0,'2',495,'2019-01-27',NULL,'2019-01-27 00:07:37'),('HK/DLX/R/DBL/307/0573',70,22,1,0,'2',496,'2019-01-27',NULL,'2019-01-27 00:09:22'),('HK/DLX/R/DBL/308/0574',70,22,1,0,'2',497,'2019-01-27',NULL,'2019-01-27 00:10:12'),('HK/DLX/R/DBL/309/0575',70,22,1,0,'2',498,'2019-01-27',NULL,'2019-01-27 00:11:59'),('HK/DLX/R/DBL/310/0576',70,22,1,0,'2',499,'2019-01-27',NULL,'2019-01-27 00:13:30'),('HK/DLX/R/TT/301/0578',71,22,1,0,'2',500,'2019-01-27',NULL,'2019-01-27 00:21:04'),('HK/DLX/R/TT/302/0579',71,22,1,0,'2',501,'2019-01-27',NULL,'2019-01-27 00:22:20'),('HK/DLX/R/TT/303/0580',71,22,1,0,'2',502,'2019-01-27',NULL,'2019-01-27 00:23:18'),('HK/DLX/R/TT/304/0581',71,22,1,0,'2',503,'2019-01-27',NULL,'2019-01-27 00:24:24'),('HK/DLX/R/TT/305/0582',71,22,1,0,'2',504,'2019-01-27',NULL,'2019-01-27 00:25:49'),('HK/DLX/R/TT/306/0583',71,22,1,0,'2',505,'2019-01-27',NULL,'2019-01-27 00:26:48'),('HK/DLX/R/TT/307/0584',71,22,1,0,'2',506,'2019-01-27',NULL,'2019-01-27 00:27:42'),('HK/DLX/R/TT/308/0585',71,22,1,0,'2',507,'2019-01-27',NULL,'2019-01-27 00:28:35'),('HK/DLX/R/TT/309/0586',71,22,1,0,'2',508,'2019-01-27',NULL,'2019-01-27 00:30:45'),('HK/DLX/R/TT/310/0587',71,22,1,0,'2',509,'2019-01-27',NULL,'2019-01-27 00:31:52'),('HK/DLX/R/TSH/301/0589',73,22,1,0,'2',510,'2019-01-27',NULL,'2019-01-27 00:46:06'),('HK/DLX/R/TSH/302/0590',71,22,1,0,'2',511,'2019-01-27',NULL,'2019-01-27 00:46:52'),('HK/DLX/R/TSH/303/0591',71,22,1,0,'2',512,'2019-01-27',NULL,'2019-01-27 00:48:08'),('HK/DLX/R/TTBL/107/0577',346,22,1,0,'2',513,'2019-01-27',NULL,'2019-01-27 01:50:19'),('HK/DLX/R/TTBL/301/0578',346,22,1,0,'2',514,'2019-01-27',NULL,'2019-01-27 01:51:30'),('HK/DLX/R/TTBL/302/0579',346,22,1,0,'2',515,'2019-01-27',NULL,'2019-01-27 01:53:01'),('HK/DLX/R/TTBL/303/0580',346,22,1,0,'2',516,'2019-01-27',NULL,'2019-01-27 01:54:41'),('HK/DLX/R/TTBL/304/0581',346,22,1,0,'2',517,'2019-01-27',NULL,'2019-01-27 01:56:01'),('HK/DLX/R/TTBL/305/0582',346,22,1,0,'2',518,'2019-01-27',NULL,'2019-01-27 01:57:26'),('HK/DLX/R/TTBL/306/0583',346,22,1,0,'2',519,'2019-01-27',NULL,'2019-01-27 01:58:09'),('HK/DLX/R/TTBL/307/0584',346,22,1,0,'2',520,'2019-01-27',NULL,'2019-01-27 01:59:11'),('HK/DLX/R/TTBL/308/0585',346,22,1,0,'2',521,'2019-01-27',NULL,'2019-01-27 02:00:04'),('HK/DLX/R/TTBL/309/0586',346,22,1,0,'2',522,'2019-01-27',NULL,'2019-01-27 02:01:05'),('HK/DLX/R/TTBL/310/0587',346,22,1,0,'2',523,'2019-01-27',NULL,'2019-01-27 02:01:57'),('HK/DLX/R/TSH/302/0592',73,22,1,0,'2',524,'2019-01-27',NULL,'2019-01-27 02:06:19'),('HK/DLX/R/TSH/303/0593',73,22,1,0,'2',525,'2019-01-27',NULL,'2019-01-27 02:07:34'),('HK/DLX/R/TSH/304/0594',73,22,1,0,'2',526,'2019-01-27',NULL,'2019-01-27 02:08:47'),('HK/DLX/R/TSH/305/0595',73,22,1,0,'2',527,'2019-01-27',NULL,'2019-01-27 02:09:35'),('HK/DLX/R/TSH/306/0596',73,22,1,0,'2',528,'2019-01-27',NULL,'2019-01-27 02:10:16'),('HK/DLX/R/TSH/307/0597',73,22,1,0,'2',529,'2019-01-27',NULL,'2019-01-27 02:11:01'),('HK/DLX/R/TSH/308/0598',73,22,1,0,'2',530,'2019-01-27',NULL,'2019-01-27 02:11:56'),('HK/DLX/R/TSH/309/0599',73,22,1,0,'2',531,'2019-01-27',NULL,'2019-01-27 02:12:42'),('HK/DLX/R/TSH/310/0600',73,22,1,0,'2',532,'2019-01-27',NULL,'2019-01-27 02:13:53'),('HK/DLX/R/SFB/301/0602',75,22,1,0,'2',533,'2019-01-27',NULL,'2019-01-27 02:17:35'),('HK/DLX/R/SFB/302/0603',75,22,1,0,'2',534,'2019-01-27',NULL,'2019-01-27 02:18:59'),('HK/DLX/R/SFB/303/0604',75,22,1,0,'2',535,'2019-01-27',NULL,'2019-01-27 02:20:38'),('HK/DLX/R/SFB/304/0605',75,22,1,0,'2',536,'2019-01-27',NULL,'2019-01-27 02:21:49'),('HK/DLX/R/SFB/305/0606',75,22,1,0,'2',537,'2019-01-27',NULL,'2019-01-27 02:22:49'),('HK/DLX/R/SFB/306/0607',75,22,1,0,'2',538,'2019-01-27',NULL,'2019-01-27 02:23:55'),('HK/DLX/R/SFB/307/0608',75,22,1,0,'2',539,'2019-01-27',NULL,'2019-01-27 02:25:01'),('HK/DLX/R/SFB/308/0609',75,22,1,0,'2',540,'2019-01-27',NULL,'2019-01-27 02:26:00'),('HK/DLX/R/SFB/309/0610',75,22,1,0,'2',541,'2019-01-27',NULL,'2019-01-27 02:27:44'),('HK/DLX/R/SFB/310/0611',75,22,1,0,'2',542,'2019-01-27',NULL,'2019-01-27 02:28:40'),('HK/DLX/R/WR/301/0613',76,22,1,0,'2',543,'2019-01-27',NULL,'2019-01-27 02:37:19'),('HK/DLX/R/WR/302/0614',76,22,1,0,'2',544,'2019-01-27',NULL,'2019-01-27 02:38:44'),('HK/DLX/R/WR/303/0615',76,22,1,0,'2',545,'2019-01-27',NULL,'2019-01-27 02:40:16'),('HK/DLX/R/WR/304/0616',76,22,1,0,'2',546,'2019-01-27',NULL,'2019-01-27 02:41:03'),('HK/DLX/R/WR/305/0617',76,22,1,0,'2',547,'2019-01-27',NULL,'2019-01-27 02:41:53'),('HK/DLX/R/WR/306/0618',76,22,1,0,'2',548,'2019-01-27',NULL,'2019-01-27 02:42:48'),('HK/DLX/R/WR/307/0619',76,22,1,0,'2',549,'2019-01-27',NULL,'2019-01-27 02:43:26'),('HK/DLX/R/WR/308/0620',76,22,1,0,'2',550,'2019-01-27',NULL,'2019-01-27 02:44:18'),('HK/DLX/R/WR/309/0621',76,22,1,0,'2',551,'2019-01-27',NULL,'2019-01-27 02:45:19'),('HK/DLX/R/WR/310/0622',76,22,1,0,'2',552,'2019-01-27',NULL,'2019-01-27 02:46:31'),('HK/DLX/R/WRL/301/0624',77,22,1,0,'2',553,'2019-01-27',NULL,'2019-01-27 03:29:55'),('HK/DLX/R/WRL/302/0625',77,22,1,0,'2',554,'2019-01-27',NULL,'2019-01-27 03:33:18'),('HK/DLX/R/WRL/303/0626',77,22,1,0,'2',555,'2019-01-27',NULL,'2019-01-27 03:34:14'),('HK/DLX/R/WRL/304/0627',77,22,1,0,'2',556,'2019-01-27',NULL,'2019-01-27 03:35:16'),('HK/DLX/R/WRL/305/0628',77,22,1,0,'2',557,'2019-01-27',NULL,'2019-01-27 03:36:58'),('HK/DLX/R/WRL/306/0629',77,22,1,0,'2',558,'2019-01-27',NULL,'2019-01-27 03:37:49'),('HK/DLX/R/WRL/307/0630',77,22,1,0,'2',559,'2019-01-27',NULL,'2019-01-27 03:38:52'),('HK/DLX/R/WRL/308/0631',77,22,1,0,'2',560,'2019-01-27',NULL,'2019-01-27 03:39:59'),('HK/DLX/R/WRL/309/0632',77,22,1,0,'2',561,'2019-01-27',NULL,'2019-01-27 03:41:01'),('HK/DLX/R/WRL/310/0633',77,22,1,0,'2',562,'2019-01-27',NULL,'2019-01-27 03:42:43'),('HK/DLX/R/BRM/301/0635',81,22,1,0,'2',563,'2019-01-27',NULL,'2019-01-27 04:18:16'),('HK/DLX/R/BRM/302/0636',81,22,1,0,'2',564,'2019-01-27',NULL,'2019-01-27 04:19:36'),('HK/DLX/R/BRM/303/0637',81,22,1,0,'2',565,'2019-01-27',NULL,'2019-01-27 04:20:30'),('HK/DLX/R/BRM/304/0638',81,22,1,0,'2',566,'2019-01-27',NULL,'2019-01-27 04:21:36'),('HK/DLX/R/BRM/305/0639',81,22,1,0,'2',567,'2019-01-27',NULL,'2019-01-27 04:22:27'),('HK/DLX/R/BRM/306/0640',81,22,1,0,'2',568,'2019-01-27',NULL,'2019-01-27 04:23:31'),('HK/DLX/R/BRM/307/0641',81,22,1,0,'2',569,'2019-01-27',NULL,'2019-01-27 04:24:13'),('HK/DLX/R/BRM/308/0642',81,22,1,0,'2',570,'2019-01-27',NULL,'2019-01-27 04:25:08'),('HK/DLX/R/BRM/309/0643',81,22,1,0,'2',571,'2019-01-27',NULL,'2019-01-27 04:26:01'),('HK/DLX/R/BRM/310/0644',81,22,1,0,'2',572,'2019-01-27',NULL,'2019-01-27 04:26:59'),('HK/DLX/R/SHM/301/0646',82,22,1,0,'2',573,'2019-01-27',NULL,'2019-01-27 05:00:48'),('HK/DLX/R/SHM/302/0647',82,22,1,0,'2',574,'2019-01-27',NULL,'2019-01-27 05:03:32'),('HK/DLX/R/SHM/303/0648',82,22,1,0,'2',575,'2019-01-27',NULL,'2019-01-27 05:06:13'),('HK/DLX/R/304/0649',82,22,1,0,'2',576,'2019-01-27',NULL,'2019-01-27 05:07:10'),('HK/DLX/R/SHM/305/0650',82,22,1,0,'2',577,'2019-01-27',NULL,'2019-01-27 05:08:22'),('HK/DLX/R/SHM/306/0651',82,22,1,0,'2',578,'2019-01-27',NULL,'2019-01-27 05:29:10'),('HK/DLX/R/SHM/307/0652',82,22,1,0,'2',579,'2019-01-27',NULL,'2019-01-27 05:31:14'),('HK/DLX/R/SHM/308/0653',82,22,1,0,'2',580,'2019-01-27',NULL,'2019-01-27 05:32:42'),('HK/DLX/R/SHM/309/0654',82,22,1,0,'2',581,'2019-01-27',NULL,'2019-01-27 05:34:05'),('HK/DLX/R/SHM/310/0655',82,22,1,0,'2',582,'2019-01-27',NULL,'2019-01-27 05:35:01'),('HK/DLX/R/TRH/301/0657',83,22,1,0,'2',583,'2019-01-27',NULL,'2019-01-27 06:00:14'),('HK/DLX/R/TRH/302/0658',83,22,1,0,'2',584,'2019-01-27',NULL,'2019-01-27 06:01:31'),('HK/DLX/R/TRH/303/0659',83,22,1,0,'2',585,'2019-01-27',NULL,'2019-01-27 06:04:16'),('HK/DLX/R/TRH/304/0660',83,22,1,0,'2',586,'2019-01-27',NULL,'2019-01-27 06:05:20'),('HK/DLX/R/TRH/305/0661',83,22,1,0,'2',587,'2019-01-27',NULL,'2019-01-27 06:06:15'),('HK/DLX/R/TRH/306/0662',83,22,1,0,'2',588,'2019-01-27',NULL,'2019-01-27 06:07:20'),('HK/DLX/R/TRH/307/0663',83,22,1,0,'2',589,'2019-01-27',NULL,'2019-01-27 06:08:28'),('HK/DLX/R/TRH/308/0664',83,22,1,0,'2',590,'2019-01-27',NULL,'2019-01-27 06:09:21'),('HK/DLX/R/TRH/309/0665',83,22,1,0,'2',591,'2019-01-27',NULL,'2019-01-27 06:10:17'),('HK/DLX/R/TRH/310/0666',83,22,1,0,'2',592,'2019-01-27',NULL,'2019-01-27 06:11:34'),('HK/DLX/R/PAD/301/0668',84,22,1,0,'2',593,'2019-01-27',NULL,'2019-01-27 06:21:09'),('HK/DLX/R/PAD/302/0669',84,22,1,0,'2',594,'2019-01-27',NULL,'2019-01-27 06:22:00'),('HK/DLX/R/PAD/303/0670',84,22,1,0,'2',595,'2019-01-27',NULL,'2019-01-27 06:22:58'),('HK/DLX/R/PAD/304/0671',84,22,1,0,'2',596,'2019-01-27',NULL,'2019-01-27 06:24:00'),('HK/DLX/R/PAD/305/0672',84,22,1,0,'2',597,'2019-01-27',NULL,'2019-01-27 06:25:00'),('HK/DLX/R/PAD/306/0673',84,22,1,0,'2',598,'2019-01-27',NULL,'2019-01-27 06:25:52'),('HK/DLX/R/PAD/307/0674',84,22,1,0,'2',599,'2019-01-27',NULL,'2019-01-27 06:26:52'),('HK/DLX/R/PAD/308/0675',84,22,1,0,'2',600,'2019-01-27',NULL,'2019-01-27 06:27:59'),('HK/DLX/R/PAD/309/0676',84,22,1,0,'2',601,'2019-01-27',NULL,'2019-01-27 06:28:50'),('HK/DLX/R/PAD/310/0677',84,22,1,0,'2',602,'2019-01-27',NULL,'2019-01-27 06:30:01'),('HK/DLX/R/HSW/302/0680',85,22,1,0,'2',603,'2019-01-27',NULL,'2019-01-27 06:42:46'),('HK/DLX/R/HSW/303/0681',85,22,1,0,'2',604,'2019-01-27',NULL,'2019-01-27 06:44:16'),('HK/DLX/R/HSW/304/0682',85,22,1,0,'2',605,'2019-01-27',NULL,'2019-01-27 06:46:34'),('HK/DLX/R/HSW/305/0683',85,22,1,0,'2',606,'2019-01-27',NULL,'2019-01-27 06:47:38'),('HK/DLX/R/HSW/306/0684',85,22,1,0,'2',607,'2019-01-27',NULL,'2019-01-27 06:52:33'),('HK/DLX/R/HSW/307/0685',85,22,1,0,'2',608,'2019-01-27',NULL,'2019-01-27 06:53:34'),('HK/DLX/R/HSW/308/0686',85,22,1,0,'2',609,'2019-01-27',NULL,'2019-01-27 06:54:27'),('HK/DLX/R/HSW/309/0687',85,22,1,0,'2',610,'2019-01-27',NULL,'2019-01-27 06:55:25'),('HK/DLX/R/HSW/310/0688',85,22,1,0,'2',611,'2019-01-27',NULL,'2019-01-27 06:56:17'),('HK/DLX/R/HAID/301/0690',87,22,1,0,'2',612,'2019-01-27',NULL,'2019-01-27 07:13:39'),('HK/DLX/R/HAID/302/0691',87,22,1,0,'2',613,'2019-01-27',NULL,'2019-01-27 07:15:31'),('HK/DLX/R/HAID/303/0692',87,22,1,0,'2',614,'2019-01-27',NULL,'2019-01-27 07:16:31'),('HK/DLX/R/HAID/304/0693',87,22,1,0,'2',615,'2019-01-27',NULL,'2019-01-27 07:17:31'),('HK/DLX/R/HAID/305/0694',87,22,1,0,'2',616,'2019-01-27',NULL,'2019-01-27 07:18:26'),('HK/DLX/R/HAID/306/0695',87,22,1,0,'2',617,'2019-01-27',NULL,'2019-01-27 07:19:24'),('HK/DLX/R/HAID/307/0696',87,22,1,0,'2',618,'2019-01-27',NULL,'2019-01-27 07:20:26'),('HK/DLX/R/HAID/308/0697',87,22,1,0,'2',619,'2019-01-27',NULL,'2019-01-27 07:21:23'),('HK/DLX/R/HAID/309/0698',87,22,1,0,'2',620,'2019-01-27',NULL,'2019-01-27 07:22:20'),('HK/DLX/R/HAID/310/0699',87,22,1,0,'2',621,'2019-01-27',NULL,'2019-01-27 07:23:09'),('HK/DLX/R/SOH/301/0701',89,22,1,0,'2',622,'2019-01-27',NULL,'2019-01-27 07:36:51'),('HK/DLX/R/SOH/302/0702',89,22,1,0,'2',623,'2019-01-27',NULL,'2019-01-27 07:37:35'),('HK/DLX/R/SOH/303/0703',89,22,1,0,'2',624,'2019-01-27',NULL,'2019-01-27 07:38:47'),('HK/DLX/R/SOH/304/0704',89,22,1,0,'2',625,'2019-01-27',NULL,'2019-01-27 07:41:41'),('HK/DLS/R/SOH/305/0705',89,22,1,0,'2',626,'2019-01-27',NULL,'2019-01-27 07:55:52'),('HK/DLX/R/SOH/306/0706',89,22,1,0,'2',627,'2019-01-27',NULL,'2019-01-27 07:56:32'),('HK/DLX/R/SOH/307/0707',89,22,1,0,'2',628,'2019-01-27',NULL,'2019-01-27 07:57:20'),('HK/DLX/R/SOH/308/0708',89,22,1,0,'2',629,'2019-01-27',NULL,'2019-01-27 07:58:25'),('HK/DLX/R/SOH/309/0709',89,22,1,0,'2',630,'2019-01-27',NULL,'2019-01-27 07:59:07'),('HK/DLX/R/SOH/310/0710',89,22,1,0,'2',631,'2019-01-27',NULL,'2019-01-27 08:00:13'),('HK/DLX/R/AMT/301/0712',90,22,1,0,'2',632,'2019-01-28',NULL,'2019-01-27 23:33:56'),('HK/DLX/R/AMT/302/0713',90,22,1,0,'2',633,'2019-01-28',NULL,'2019-01-27 23:35:20'),('HK/DLX/R/AMT/303/0714',90,22,1,0,'2',634,'2019-01-28',NULL,'2019-01-27 23:36:09'),('HK/DLX/R/AMT/304/0715',90,22,1,0,'2',635,'2019-01-28',NULL,'2019-01-27 23:37:10'),('HK/DLX/R/AMT/305/0716',90,22,1,0,'2',636,'2019-01-28',NULL,'2019-01-27 23:38:11'),('HK/DLX/R/AMT/306/0717',90,22,1,0,'2',637,'2019-01-28',NULL,'2019-01-27 23:39:11'),('HK/DLX/R/AMT/307/0718',90,22,1,0,'2',638,'2019-01-28',NULL,'2019-01-27 23:40:32'),('HK/DLX/R/AMT/308/0719',90,22,1,0,'2',639,'2019-01-28',NULL,'2019-01-27 23:41:45'),('HK/DLX/R/AMT/309/0720',90,22,1,0,'2',640,'2019-01-28',NULL,'2019-01-27 23:42:59'),('HK/DLX/R/AMT/310/0721',90,22,1,0,'2',641,'2019-01-28',NULL,'2019-01-27 23:44:02'),('HK/DLX/R/MF/301/0745',323,22,1,0,'2',642,'2019-01-29',NULL,'2019-01-28 23:15:42'),('HK/DLX/R/MF/302/0746',323,22,1,0,'2',643,'2019-01-29',NULL,'2019-01-28 23:16:46'),('HK/DLX/R/MF/303/0747',323,22,1,0,'2',644,'2019-01-29',NULL,'2019-01-28 23:18:07'),('HK/DLX/R/MF/304/0748',323,22,1,0,'2',645,'2019-01-29',NULL,'2019-01-28 23:19:07'),('HK/DLX/R/MF/305/0749',323,22,1,0,'2',646,'2019-01-29',NULL,'2019-01-28 23:20:09'),('HK/DLX/R/MF/306/0750',323,22,1,0,'2',647,'2019-01-29',NULL,'2019-01-28 23:21:05'),('HK/DLX/R/MF/307/0751',323,22,1,0,'2',648,'2019-01-29',NULL,'2019-01-28 23:21:55'),('HK/DLX/R/MF/308/0752',323,22,1,0,'2',649,'2019-01-29',NULL,'2019-01-28 23:23:08'),('HK/DLX/R/MF/309/0753',323,22,1,0,'2',650,'2019-01-29',NULL,'2019-01-28 23:24:24'),('HK/DLX/R/MF/310/0754',323,22,1,0,'2',651,'2019-01-29',NULL,'2019-01-28 23:25:12'),('HK/DLX/R/BED/301/0756',327,22,1,0,'2',652,'2019-01-29',NULL,'2019-01-28 23:30:29'),('HK/DLX/R/BED/302/0757',327,22,1,0,'2',653,'2019-01-29',NULL,'2019-01-28 23:31:43'),('HK/DLX/R/BED/303/0758',327,22,1,0,'2',654,'2019-01-29',NULL,'2019-01-28 23:32:54'),('HK/DLX/R/304/0759',327,22,1,0,'2',655,'2019-01-29',NULL,'2019-01-28 23:33:41'),('HK/DLX/R/BED/305/0760',327,22,1,0,'2',656,'2019-01-29',NULL,'2019-01-28 23:34:31'),('HK/DLX/R/306/0761',327,22,1,0,'2',657,'2019-01-29',NULL,'2019-01-28 23:35:16'),('HK/DLX/R/307/0762',327,22,1,0,'2',658,'2019-01-29',NULL,'2019-01-28 23:36:04'),('HK/DLX/R/BED/308/0763',327,22,1,0,'2',659,'2019-01-29',NULL,'2019-01-28 23:36:51'),('HK/DLX/R/309/0764',327,22,1,0,'2',660,'2019-01-29',NULL,'2019-01-28 23:37:34'),('HK/DLX/R/BED/310/0765',327,22,1,0,'2',661,'2019-01-29',NULL,'2019-01-28 23:38:20'),('HK/DLX/R/WSB/301/0767',333,22,1,0,'2',662,'2019-01-29',NULL,'2019-01-29 02:33:04'),('HK/DLX/R/WSB/302/0768',333,22,1,0,'2',663,'2019-01-29',NULL,'2019-01-29 02:34:05'),('HK/DLX/R/WSB/303/0769',333,22,1,0,'2',664,'2019-01-29',NULL,'2019-01-29 02:37:04'),('HK/DLX/R/WSB/304/0770',333,22,1,0,'2',665,'2019-02-02',NULL,'2019-02-02 00:57:46'),('HK/DLX/R/WSB/305/0771',333,22,1,0,'2',666,'2019-02-02',NULL,'2019-02-02 00:59:59'),('HK/DLX/R/WSB/306/0772',333,22,1,0,'2',667,'2019-02-02',NULL,'2019-02-02 01:01:58'),('HK/DLX/R/WSB/307/0773',333,22,1,0,'2',668,'2019-02-02',NULL,'2019-02-02 01:03:40'),('HK/DLX/R/WSB/308/0774',333,22,1,0,'2',669,'2019-02-02',NULL,'2019-02-02 01:05:17'),('HK/DLX/R/WSB/309/0775',333,22,1,0,'2',670,'2019-02-02',NULL,'2019-02-02 01:06:49'),('HK/DLX/R/WSB/310/0776',333,22,1,0,'2',671,'2019-02-02',NULL,'2019-02-02 01:08:13'),('HK/DLX/R/COM/301/0778',334,22,1,0,'2',672,'2019-02-02',NULL,'2019-02-02 01:12:06'),('HK/DLX/R/COM/303/0780',334,22,1,0,'2',673,'2019-02-02',NULL,'2019-02-02 01:14:24'),('HK/DLX/R/COM/304/0781',334,22,1,0,'2',674,'2019-02-02',NULL,'2019-02-02 01:16:18'),('HK/DLX/R/COM/305/0782',334,22,1,0,'2',675,'2019-02-02',NULL,'2019-02-02 01:26:40'),('HK/DLX/R/COM/306/0783',334,22,1,0,'2',676,'2019-02-02',NULL,'2019-02-02 01:28:48'),('HK/DLX/R/COM/307/0784',334,22,1,0,'2',677,'2019-02-02',NULL,'2019-02-02 01:30:33'),('HK/DLX/R/COM/308/0785',334,22,1,0,'2',678,'2019-02-02',NULL,'2019-02-02 01:31:57'),('HK/DLX/R/COM/309/0786',334,22,1,0,'2',679,'2019-02-02',NULL,'2019-02-02 01:33:15'),('HK/DLX/R/COM/310/0787',334,22,1,0,'2',680,'2019-02-02',NULL,'2019-02-02 01:34:43'),('HK/DLX/R/CEL/301/0811',339,22,1,0,'2',681,'2019-02-07',NULL,'2019-02-06 23:37:54'),('HK/DLX/R/CEL/302/0812',339,22,1,0,'2',682,'2019-02-07',NULL,'2019-02-06 23:45:48'),('HK/DLX/R/CEL/303/0813',339,22,1,0,'2',683,'2019-02-07',NULL,'2019-02-06 23:47:45'),('HK/DLX/R/CEL/304/0814',339,22,1,0,'2',684,'2019-02-07',NULL,'2019-02-06 23:52:51'),('HK/DLX/R/CEL/305/0815',339,22,1,0,'2',685,'2019-02-07',NULL,'2019-02-06 23:54:13'),('HK/DLX/R/CEL/306/0816',339,22,1,0,'2',686,'2019-02-07',NULL,'2019-02-06 23:55:22'),('HK/DLX/R/CEL/307/0817',339,22,1,0,'2',687,'2019-02-07',NULL,'2019-02-06 23:56:36'),('HK/DLX/R/CEL/308/0818',339,22,1,0,'2',688,'2019-02-07',NULL,'2019-02-06 23:59:46'),('HK/DLX/R/CEL/309/0819',339,22,1,0,'2',689,'2019-02-07',NULL,'2019-02-07 00:01:08'),('HK/DLX/R/CEL/310/0820',339,22,1,0,'2',690,'2019-02-07',NULL,'2019-02-07 00:02:35'),('HK/DLX/R/HB/301/0822',69,22,1,0,'2',691,'2019-02-07',NULL,'2019-02-07 00:16:22'),('HK/DLX/R/HB/302/0823',69,22,1,0,'2',692,'2019-02-07',NULL,'2019-02-07 00:17:37'),('HK/DLX/R/HB/303/0824',69,22,1,0,'2',693,'2019-02-07',NULL,'2019-02-07 00:27:13'),('HK/DLX/R/HB/304/0825',69,22,1,0,'2',694,'2019-02-07',NULL,'2019-02-07 00:29:31'),('HK/DLX/R/HB/305/0826',69,22,1,0,'2',695,'2019-02-07',NULL,'2019-02-07 00:30:51'),('HK/DLX/R/HB/306/0827',69,22,1,0,'2',696,'2019-02-07',NULL,'2019-02-07 00:32:20'),('HK/DLX/R/HB/307/0828',69,22,1,0,'2',697,'2019-02-07',NULL,'2019-02-07 00:33:55'),('HK/DLX/R/HB/308/0829',69,22,1,0,'2',698,'2019-02-07',NULL,'2019-02-07 00:37:30'),('HK/DLX/R/HB/309/0830',69,22,1,0,'2',699,'2019-02-07',NULL,'2019-02-07 00:38:50'),('HK/DLX/R/HB/310/0831',69,22,1,0,'2',700,'2019-02-07',NULL,'2019-02-07 00:40:16'),('HK/DLX/R/BT/301/0833',326,22,1,0,'2',701,'2019-02-07',NULL,'2019-02-07 01:52:30'),('HK/DLX/R/BT/302/0834',326,22,1,0,'2',702,'2019-02-07',NULL,'2019-02-07 01:54:46'),('HK/DLX/R/BT/303/0835',326,22,1,0,'2',703,'2019-02-07',NULL,'2019-02-07 01:56:44'),('HK/DLX/R/BT/304/0836',326,22,1,0,'2',704,'2019-02-07',NULL,'2019-02-07 01:58:09'),('HK/DLX/R/BT/305/0837',326,22,1,0,'2',705,'2019-02-07',NULL,'2019-02-07 02:06:40'),('HK/DLX/R/BT/306/0838',326,22,1,0,'2',706,'2019-02-07',NULL,'2019-02-07 02:08:04'),('HK/DLX/R/BT/307/0839',326,22,1,0,'2',707,'2019-02-07',NULL,'2019-02-07 02:30:19'),('HK/DLX/R/BT/308/0840',326,22,1,0,'2',708,'2019-02-07',NULL,'2019-02-07 02:32:49'),('HK/DLX/R/BT/309/0841',326,22,1,0,'2',709,'2019-02-07',NULL,'2019-02-07 02:34:53'),('HK/DLX/R/BT/310/0842',326,22,1,0,'2',710,'2019-02-07',NULL,'2019-02-07 02:36:47'),('HK/DLX/R/BL/301/0844',340,22,1,0,'2',711,'2019-02-08',NULL,'2019-02-07 21:08:04'),('HK/DLX/R/BL/302/0845',340,22,1,0,'2',712,'2019-02-08',NULL,'2019-02-07 21:13:10'),('HK/DLX/R/BL/303/0846',340,22,1,0,'2',713,'2019-02-08',NULL,'2019-02-07 21:17:30'),('HK/DLX/R/BL/304/0847',340,22,1,0,'2',714,'2019-02-08',NULL,'2019-02-07 21:20:45'),('HK/DLX/R/BL/305/0848',340,22,1,0,'2',715,'2019-02-08',NULL,'2019-02-07 21:22:08'),('HK/DLX/R/BL/306/0849',340,22,1,0,'2',716,'2019-02-08',NULL,'2019-02-07 21:25:02'),('HK/DLX/R/BL/307/0850',340,22,1,0,'2',717,'2019-02-08',NULL,'2019-02-07 21:26:24'),('HK/DLX/R/BL/308/0851',340,22,1,0,'2',718,'2019-02-08',NULL,'2019-02-07 21:28:55'),('HK/DLX/R/BL/309/0852',340,22,1,0,'2',719,'2019-02-08',NULL,'2019-02-07 21:32:30'),('HK/DLX/R/BL/310/0853',340,22,1,0,'2',720,'2019-02-08',NULL,'2019-02-07 21:33:59'),('HK/DLX/R/CH/301/0855',72,22,1,0,'2',721,'2019-02-08',NULL,'2019-02-07 23:25:36'),('HK/DLX/R/CH/302/0856',72,22,1,0,'2',722,'2019-02-08',NULL,'2019-02-07 23:28:49'),('HK/DLX/R/CH/303/0857',72,22,1,0,'2',723,'2019-02-08',NULL,'2019-02-07 23:33:26'),('HK/DLX/R/CH/304/0858',72,22,1,0,'2',724,'2019-02-08',NULL,'2019-02-07 23:38:20'),('HK/DLX/R/CH/305/0859',72,22,1,0,'2',725,'2019-02-08',NULL,'2019-02-07 23:39:42'),('HK/DLX/R/CH/306/0860',72,22,1,0,'2',726,'2019-02-08',NULL,'2019-02-07 23:40:48'),('HK/DLX/R/CH/307/0861',72,22,1,0,'2',727,'2019-02-08',NULL,'2019-02-07 23:42:37'),('HK/DLX/R/CH/308/0862',72,22,1,0,'2',728,'2019-02-08',NULL,'2019-02-07 23:44:13'),('HK/DLX/R/CH/309/0863',72,22,1,0,'2',729,'2019-02-08',NULL,'2019-02-07 23:45:16'),('HK/DLX/R/CH/310/0864',72,22,1,0,'2',730,'2019-02-08',NULL,'2019-02-07 23:47:04'),('HK/DLX/R/KET/301/0866',341,22,1,0,'2',731,'2019-02-08',NULL,'2019-02-08 01:55:41'),('HK/DLX/R/KET/302/0867',341,22,1,0,'2',732,'2019-02-08',NULL,'2019-02-08 02:03:17'),('HK/DLX/R/KET/303/0868',341,22,1,0,'2',733,'2019-02-08',NULL,'2019-02-08 02:05:05'),('HK/DLX/R/KET/304/0869',341,22,1,0,'2',734,'2019-02-08',NULL,'2019-02-08 02:43:43'),('HK/DLX/R/KET/305/0870',341,22,1,0,'2',735,'2019-02-08',NULL,'2019-02-08 02:45:11'),('HK/DLX/R/KET/306/0871',341,22,1,0,'2',736,'2019-02-08',NULL,'2019-02-08 02:46:34'),('HK/DLX/R/KET/307//0872',341,22,1,0,'2',737,'2019-02-08',NULL,'2019-02-08 02:48:18'),('HK/DLX/R/KET/308/0873',341,22,1,0,'2',738,'2019-02-08',NULL,'2019-02-08 02:49:54'),('HK/DLX/R/KET/309/0874',341,22,1,0,'2',739,'2019-02-08',NULL,'2019-02-08 02:51:50'),('HK/DLX/R/KET/310/0875',341,22,1,0,'2',740,'2019-02-08',NULL,'2019-02-08 02:53:57'),('HK/STA/R/CH/44/0876',72,22,1,0,'2',741,'2019-02-09',NULL,'2019-02-09 01:56:49'),('HK/STA/R/BED/22/0877',327,22,1,0,'2',742,'2019-02-09',NULL,'2019-02-09 01:58:35'),('HK/STA/R/WL/66/0878',60,22,1,0,'2',743,'2019-02-09',NULL,'2019-02-09 02:01:10'),('HK/STA/R/DT/22/0879',64,22,1,0,'2',744,'2019-02-09',NULL,'2019-02-09 02:02:22'),('HK/STA/R/MIR/22/0880',65,22,1,0,'2',745,'2019-02-09',NULL,'2019-02-09 02:03:42'),('HK/STA/R/CL/22/0881',339,22,1,0,'2',746,'2019-02-09',NULL,'2019-02-09 02:08:50'),('HK/STA/R/HB/22/0882',69,22,1,0,'2',747,'2019-02-09',NULL,'2019-02-09 02:09:59'),('HK/STA/R/BT/22/0883',326,22,1,0,'2',748,'2019-02-09',NULL,'2019-02-09 02:12:14'),('HK/STA/R/TT/22/0884',346,22,1,0,'2',749,'2019-02-09',NULL,'2019-02-09 02:13:38'),('HK/STA/R/BM/22/0885',81,22,1,0,'2',750,'2019-02-09',NULL,'2019-02-09 02:14:57'),('HK/STA/R/HS/22/0886',85,22,1,0,'2',751,'2019-02-09',NULL,'2019-02-09 02:23:12'),('HK/STA/R/SH/22/0887',89,22,1,0,'2',752,'2019-02-09',NULL,'2019-02-09 02:24:26'),('HK/STA/R/WB/22/0888',333,22,1,0,'2',753,'2019-02-09',NULL,'2019-02-09 02:25:32'),('HK/STA/R/COM/22/0889',334,22,1,0,'2',754,'2019-02-09',NULL,'2019-02-09 02:26:44'),('HK/STA/R/METT/42/0890',319,22,1,0,'2',755,'2019-02-09',NULL,'2019-02-09 02:29:20'),('HK/STA/R/METT/203/0891',70,22,1,0,'2',756,'2019-02-09',NULL,'2019-02-09 02:30:23'),('HK/STA/R/CF/209/0892',14,22,1,0,'2',757,'2019-02-09',NULL,'2019-02-09 02:32:56'),('HK/STA/R/CF/210/0893',14,22,1,0,'2',758,'2019-02-09',NULL,'2019-02-09 02:34:31'),('HK/STA/R/CF/211/0894',14,22,1,0,'2',759,'2019-02-09',NULL,'2019-02-09 02:35:51'),('HK/STA/R/CF/212/0895',14,22,1,0,'2',760,'2019-02-09',NULL,'2019-02-09 02:37:07'),('HK/STA/R/CF/214/0896',14,22,1,0,'2',761,'2019-02-09',NULL,'2019-02-09 02:38:42'),('HK/STA/R/BOX/208/0897',336,22,1,0,'2',762,'2019-02-09',NULL,'2019-02-09 02:43:38'),('HK/STA/R/BOX/210/0898',336,22,1,0,'2',763,'2019-02-09',NULL,'2019-02-09 02:45:08'),('HK/STA/R/BOX/211/0899',336,22,1,0,'2',764,'2019-02-09',NULL,'2019-02-09 02:46:09'),('HK/STA/R/BOX/212/0900',336,22,1,0,'2',765,'2019-02-09',NULL,'2019-02-09 02:47:08'),('HK/STA/R/BOX/214/0901',336,22,1,0,'2',766,'2019-02-09',NULL,'2019-02-09 02:48:18'),('HK/STA/R/LCD/209/0902',336,22,1,0,'2',767,'2019-02-09',NULL,'2019-02-09 02:50:45'),('HK/STA/R/LCD/205/0903',336,22,1,0,'2',768,'2019-02-09',NULL,'2019-02-09 02:52:11'),('HK/STA/R/LCD204/0904',336,22,1,0,'2',769,'2019-02-09',NULL,'2019-02-09 02:53:53'),('HK/STA/R/LED/102/0905',348,22,1,0,'2',770,'2019-02-09',NULL,'2019-02-09 03:05:02'),('HK/STA/R/LED/103/0906',348,22,1,0,'2',771,'2019-02-09',NULL,'2019-02-09 03:06:42'),('HK/STA/R/LED/12/0907',347,22,1,0,'2',772,'2019-02-09',NULL,'2019-02-09 03:08:11'),('HK/LAUN/WM/1000',349,22,1,0,'2',773,'2019-02-14',NULL,'2019-02-13 21:42:36'),('HK/PBA/FLPOL/1004',350,22,1,0,'2',774,'2019-02-14',NULL,'2019-02-13 21:53:48'),('HK/DQ/BED/1005',327,22,1,0,'2',775,'2019-02-15',NULL,'2019-02-15 00:15:56'),('HK/DQ/METT/1006',319,22,1,0,'2',776,'2019-02-15',NULL,'2019-02-15 00:20:35'),('HK/DQ/CEFAN/1007',14,22,1,0,'2',777,'2019-02-15',NULL,'2019-02-15 00:22:14'),('HK/DQ/COMM/1008',334,22,1,0,'2',778,'2019-02-15',NULL,'2019-02-15 00:23:43'),('HK/DQ/WASBA/1009',333,22,1,0,'2',779,'2019-02-15',NULL,'2019-02-15 00:28:02'),('HK/DQ/HSHOW/1010',85,22,1,0,'2',780,'2019-02-15',NULL,'2019-02-15 00:42:10'),('HK/DQ/TV/LCD/1011',336,22,1,0,'2',781,'2019-02-15',NULL,'2019-02-15 00:46:48'),('FB/RES/COFJG/02/0292',438,5,1,0,'2',782,'2019-02-23',NULL,'2019-02-23 00:22:21'),('KI/KIT/KTO/MIX/0474',439,16,1,0,'2',783,'2019-02-23',NULL,'2019-02-23 00:30:48'),('FO/FOI/SAFE/0051',440,19,1,0,'2',784,'2019-02-23',NULL,'2019-02-23 00:57:06'),('FB/GL/NRWIN/SV/6/1500',351,5,1,0,'2',785,'2019-03-02',NULL,'2019-03-02 03:29:43'),('FB/GL/ORWIN/SV/10/1501',352,5,1,0,'2',786,'2019-03-02',NULL,'2019-03-02 04:14:46'),('FB/GL/ORWIN/ST/35/1501',352,5,1,0,'2',787,'2019-03-02',NULL,'2019-03-02 04:16:12'),('FB/NWWIN/SV/17/1502',353,5,1,0,'2',788,'2019-03-02',NULL,'2019-03-02 04:18:23'),('FB/GL/OWWIN/SV/20/1503',354,5,1,0,'2',789,'2019-03-02',NULL,'2019-03-02 04:26:02'),('FB/GL/OWWIN/ST/14/1503',354,5,1,0,'2',790,'2019-03-02',NULL,'2019-03-02 04:27:18'),('FB/GL/MAGA/SV/11/1504',355,5,1,0,'2',791,'2019-03-02',NULL,'2019-03-02 04:29:09'),('FB/GL/TEQ/SV58/1505',356,5,1,0,'2',792,'2019-03-02',NULL,'2019-03-02 04:30:47'),('FB/GL/WHIS/SV/181/1506',357,5,1,0,'2',793,'2019-03-02',NULL,'2019-03-02 04:32:51'),('FB/GL/WHIS/ST/6/1506',357,5,1,0,'2',794,'2019-03-02',NULL,'2019-03-02 04:34:46'),('FB/GL/BEPL/SV/18/1507',358,5,1,0,'2',795,'2019-03-02',NULL,'2019-03-02 04:38:40'),('FB/GL/BEPLC/ST/12/1508',359,5,1,0,'2',796,'2019-03-06',NULL,'2019-03-05 23:10:40'),('FB/GL/BEMUG/SV/52/1509',360,5,1,0,'2',797,'2019-03-06',NULL,'2019-03-05 23:13:13'),('FB/GL/BEMUG/ST/13/1509',360,5,1,0,'2',798,'2019-03-06',NULL,'2019-03-05 23:15:17'),('FB/GL/BRAB/SV/11/1510',361,5,1,0,'2',799,'2019-03-06',NULL,'2019-03-05 23:17:34'),('FB/GL/ALJUC/SV/27/1511',362,5,1,0,'2',800,'2019-03-06',NULL,'2019-03-05 23:19:33'),('FB/GL/ALJUC/ST/12/1511',362,5,1,0,'2',801,'2019-03-06',NULL,'2019-03-05 23:20:56'),('FB/GL/MARTG/SV/05/1512',363,5,1,0,'2',802,'2019-03-06',NULL,'2019-03-05 23:25:49'),('FB/GL/JUC/SV/26/1513',364,5,1,0,'2',803,'2019-03-06',NULL,'2019-03-05 23:27:48'),('FB/GL/JUC/ST/05/1513',364,5,1,0,'2',804,'2019-03-06',NULL,'2019-03-05 23:29:09'),('FB/GL/WELG/SV/175/1514',365,5,1,0,'2',805,'2019-03-06',NULL,'2019-03-05 23:30:57'),('FB/GL/HIBO/SV/411/1515',366,5,1,0,'2',806,'2019-03-06',NULL,'2019-03-05 23:38:50'),('FB/GL/OLHIBO/ST/201/1516',367,5,1,0,'2',807,'2019-03-06',NULL,'2019-03-05 23:48:03'),('FB/GL/WGOB/SV/47/1517',368,5,1,0,'2',808,'2019-03-06',NULL,'2019-03-06 00:02:37'),('FB/GL/CHPFL/SV/199/1518',369,5,1,0,'2',809,'2019-03-07',NULL,'2019-03-06 23:30:02'),('FB/GL/CHAPFL/ST/02/1518',369,5,1,0,'2',810,'2019-03-07',NULL,'2019-03-06 23:33:48'),('FB/GL/CHAPSC/SV/26/1519',371,5,1,0,'2',811,'2019-03-07',NULL,'2019-03-06 23:35:07'),('FB/GL/CHAPSC/ST/53/1519',371,5,1,0,'2',812,'2019-03-07',NULL,'2019-03-06 23:36:32'),('FB/GL/DESGL/SV/04/1520',372,5,1,0,'2',813,'2019-03-07',NULL,'2019-03-07 01:01:23'),('FB/GL/DESGL/ST/44/1520',372,5,1,0,'2',814,'2019-03-07',NULL,'2019-03-07 01:03:14'),('FB/GL/BJUCGL/SV/182/1521',373,5,1,0,'2',815,'2019-03-07',NULL,'2019-03-07 01:11:58'),('FB/GL/BJUCGL/ST/16/1521',373,5,1,0,'2',816,'2019-03-07',NULL,'2019-03-07 01:13:30'),('FB/GL/PINGL/SV/02/1522',374,5,1,0,'2',817,'2019-03-07',NULL,'2019-03-07 01:15:43'),('FB/GL/PINGL/ST/07/1522',374,5,1,0,'2',818,'2019-03-07',NULL,'2019-03-07 01:17:27'),('FB/GL/CHEGL/SV/02/1523',375,5,1,0,'2',819,'2019-03-07',NULL,'2019-03-07 02:23:35'),('FB/GL/CHEGL/ST/01/1523',375,5,1,0,'2',820,'2019-03-07',NULL,'2019-03-07 02:25:18'),('FB/GL/LPILS/SV/22/1524',376,5,1,0,'2',821,'2019-03-07',NULL,'2019-03-07 02:38:40'),('FB/GL/SPILS/SV/09/1525',377,5,1,0,'2',822,'2019-03-08',NULL,'2019-03-07 21:21:04'),('FB/GL/WISGLP/SV/19/1526',378,5,1,0,'2',823,'2019-03-08',NULL,'2019-03-07 21:23:04'),('FB/GL/BEPILP/SV/03/1527',379,5,1,0,'2',824,'2019-03-08',NULL,'2019-03-07 21:25:40'),('FB/GL/BEPILP/ST/01/1527',379,5,1,0,'2',825,'2019-03-08',NULL,'2019-03-07 21:26:54'),('FB/GL/PINCOP/SV/06/1528',380,5,1,0,'2',826,'2019-03-08',NULL,'2019-03-07 21:29:36'),('FB/CRM/HFPL/SV/560/1550',381,5,1,0,'2',827,'2019-03-08',NULL,'2019-03-07 21:45:54'),('FB/CRM/HFPL/ST/03/1550',381,5,1,0,'2',828,'2019-03-08',NULL,'2019-03-07 21:55:21'),('FB/CRM/SIDPL/SV/148/1551',382,5,1,0,'2',829,'2019-03-08',NULL,'2019-03-07 21:58:13'),('FB/CRM/SIDPL/ST/14/1551',382,5,1,0,'2',830,'2019-03-08',NULL,'2019-03-07 22:00:13'),('FB/CRM/MEPLNW/SV/550/1552',383,5,1,0,'2',831,'2019-03-08',NULL,'2019-03-07 22:03:36'),('FB/CRM/MEPLN/ST/14/1552',383,5,1,0,'2',832,'2019-03-08',NULL,'2019-03-07 22:05:25'),('FB/CRM/MEPLO/ST/359/1553',384,5,1,0,'2',833,'2019-03-08',NULL,'2019-03-08 04:43:55'),('FB/CRM/TCUP/SV/334/1554',385,5,1,0,'2',834,'2019-03-09',NULL,'2019-03-08 21:24:23'),('FB/CRM/TCUP/ST/08/1554',385,5,1,0,'2',835,'2019-03-09',NULL,'2019-03-08 21:25:54'),('FB/CRM/TCUPO/ST/10/1555',386,5,1,0,'2',836,'2019-03-09',NULL,'2019-03-08 21:27:25'),('FB/CRM/TSCR/SV/227/1556',387,5,1,0,'2',837,'2019-03-09',NULL,'2019-03-08 21:29:33'),('FB/CRM/TSCR/ST/269/1556',387,5,1,0,'2',838,'2019-03-09',NULL,'2019-03-08 21:31:09'),('FB/CRM/TPLID/SV/08/1557',388,5,1,0,'2',839,'2019-03-09',NULL,'2019-03-08 21:33:06'),('FB/CRM/TPLID/ST/14/1557',388,5,1,0,'2',840,'2019-03-09',NULL,'2019-03-08 21:34:40'),('FB/CRM/TPWOLID/SV/04/1558',389,5,1,0,'2',841,'2019-03-09',NULL,'2019-03-08 21:36:52'),('FB/CRM/COFP/SV/03/1559',390,5,1,0,'2',842,'2019-03-09',NULL,'2019-03-08 21:42:29'),('FB/CRM/SUCBOT/SV/11/1560',391,5,1,0,'2',843,'2019-03-09',NULL,'2019-03-08 21:44:01'),('FB/CRM/DVBOT/SV/30/1561',392,5,1,0,'2',844,'2019-03-09',NULL,'2019-03-08 21:48:47'),('FB/CRM/DVBOTL/ST/11/1562',393,5,1,0,'2',845,'2019-03-09',NULL,'2019-03-08 21:50:54'),('FB/CRM/DVBOTS/ST/09/1563',394,5,1,0,'2',846,'2019-03-09',NULL,'2019-03-08 21:52:43'),('FB/CRM/CRYDISL/SV/45/1564',395,5,1,0,'2',847,'2019-03-09',NULL,'2019-03-08 21:55:19'),('FB/CRM/CRYDISS/SV/25/1565',396,5,1,0,'2',848,'2019-03-09',NULL,'2019-03-08 21:59:14'),('FB/CRM/ALPLT/SV/67/1566',397,5,1,0,'2',849,'2019-03-09',NULL,'2019-03-08 22:00:56'),('FB/CRM/RPLT/SV/37/1567',398,5,1,0,'2',850,'2019-03-09',NULL,'2019-03-08 23:44:55'),('FB/CRM/RPLTS/ST/09/1568',399,5,1,0,'2',851,'2019-03-09',NULL,'2019-03-08 23:46:46'),('FB/CRM/RPLTL/ST/07/1569',400,5,1,0,'2',852,'2019-03-09',NULL,'2019-03-08 23:48:16'),('FB/CRM/OVPLT/ST/01/1570',401,5,1,0,'2',853,'2019-03-09',NULL,'2019-03-08 23:49:39'),('FB/CRM/SALBW/SV/07/1571',402,5,1,0,'2',854,'2019-03-09',NULL,'2019-03-08 23:51:21'),('FB/CRM/SALBW/ST/24/1571',402,5,1,0,'2',855,'2019-03-09',NULL,'2019-03-08 23:52:43'),('FB/CRM/SALPLT/SV/05/1572',403,5,1,0,'2',856,'2019-03-09',NULL,'2019-03-08 23:54:23'),('FB/CRM/EGCUP/SV/04/1573',404,5,1,0,'2',857,'2019-03-09',NULL,'2019-03-08 23:56:23'),('FB/CRM/EGCUP/ST/32/1573',404,5,1,0,'2',858,'2019-03-09',NULL,'2019-03-09 00:00:42'),('FB/CRM/DSPLT/SV/65/1574',405,5,1,0,'2',859,'2019-03-09',NULL,'2019-03-09 00:02:36'),('FB/CRM/DSPLTSQ/ST/27/1575',406,5,1,0,'2',860,'2019-03-09',NULL,'2019-03-09 00:04:40'),('FB/CRM/DSPLTOL/ST/50/1576',407,5,1,0,'2',861,'2019-03-09',NULL,'2019-03-09 00:06:19'),('FB/CRM/CANPLT/SV/25/1577',408,5,1,0,'2',862,'2019-03-09',NULL,'2019-03-09 00:07:57'),('FB/CRM/TPICHO/SV/08/1578',409,5,1,0,'2',863,'2019-03-09',NULL,'2019-03-09 00:10:16'),('FB/CRM/SUGBW/SV/08/1579',410,5,1,0,'2',864,'2019-03-09',NULL,'2019-03-09 00:12:09'),('FB/CRM/SUGBW/ST/12/1579',410,5,1,0,'2',865,'2019-03-09',NULL,'2019-03-09 00:13:25'),('FB/CRM/SUPCUP/SV/127/1580',411,5,1,0,'2',866,'2019-03-09',NULL,'2019-03-09 00:15:32'),('FB/CRM/SUPCUP/ST/30/1580',411,5,1,0,'2',867,'2019-03-09',NULL,'2019-03-09 00:16:48'),('FB/CRM/SPCUPOL/ST/47/1581',412,5,1,0,'2',868,'2019-03-09',NULL,'2019-03-09 00:18:41'),('FB/CRM/SUPSC/SV/121/1582',413,5,1,0,'2',869,'2019-03-09',NULL,'2019-03-09 00:20:50'),('FB/CRM/SUPSC/ST/08/1582',413,5,1,0,'2',870,'2019-03-09',NULL,'2019-03-09 00:23:26'),('FB/CRM/FINBW/SV/77/1583',414,5,1,0,'2',871,'2019-03-09',NULL,'2019-03-09 00:25:35'),('FB/CRM/FINBWS/ST/106/1584',415,5,1,0,'2',872,'2019-03-09',NULL,'2019-03-09 00:31:10'),('FB/CRM/FINBWL/ST/105/1585',416,5,1,0,'2',873,'2019-03-09',NULL,'2019-03-09 00:32:57'),('FB/CRM/FINBWSC/ST/160/1586',417,5,1,0,'2',874,'2019-03-09',NULL,'2019-03-09 00:34:43'),('FB/CRM/COFSC/ST/136/1587',418,5,1,0,'2',875,'2019-03-09',NULL,'2019-03-09 00:36:32'),('FB/CRM/COFCUP/ST/14/1588',419,5,1,0,'2',876,'2019-03-09',NULL,'2019-03-09 00:38:37'),('FB/CRM/COFCPS/ST/11/1589',420,5,1,0,'2',877,'2019-03-09',NULL,'2019-03-09 00:40:18'),('FB/CRM/CURBWSC/ST/24/1590',421,5,1,0,'2',878,'2019-03-09',NULL,'2019-03-09 00:43:45'),('FB/CRM/SUGBWHN/ST/06/1591',422,5,1,0,'2',879,'2019-03-09',NULL,'2019-03-09 00:45:59'),('FB/CRM/PASPLT/ST/11/1592',423,5,1,0,'2',880,'2019-03-09',NULL,'2019-03-09 00:47:45'),('FB/CRM/CREMER/ST/10/1593',424,5,1,0,'2',881,'2019-03-09',NULL,'2019-03-09 00:50:12'),('FB/CRM/CRUT/SV/05/1594',425,5,1,0,'2',882,'2019-03-09',NULL,'2019-03-09 00:57:58'),('FB/CUT/TKNIF/SV/237/1600',426,5,1,0,'2',883,'2019-03-09',NULL,'2019-03-09 01:40:11'),('FB/CUT/TSPOO/SV/279/1601',427,5,1,0,'2',884,'2019-03-09',NULL,'2019-03-09 01:41:59'),('FB/CUT/TFORK/SV/424/1602',428,5,1,0,'2',885,'2019-03-09',NULL,'2019-03-09 01:43:20'),('FB/CUT/DFORK/SV/155/1603',429,5,1,0,'2',886,'2019-03-09',NULL,'2019-03-09 01:44:39'),('FB/CUT/DSPOO/SV/48/1604',430,5,1,0,'2',887,'2019-03-09',NULL,'2019-03-09 01:46:11'),('FB/CUT/DKIF/SV/84/1605',431,5,1,0,'2',888,'2019-03-09',NULL,'2019-03-09 01:47:41'),('FB/CUT/DKNIFOL/ST/288/1606',432,5,1,0,'2',889,'2019-03-09',NULL,'2019-03-09 01:51:41'),('FB/CUT/FISFOR/SV/26/1607',433,5,1,0,'2',890,'2019-03-09',NULL,'2019-03-09 01:54:32'),('FB/CUT/FISKNIF/SV/28/1608',434,5,1,0,'2',891,'2019-03-09',NULL,'2019-03-09 01:56:15'),('FB/CUT/SVFORK/SV/12/1609',435,5,1,0,'2',892,'2019-03-09',NULL,'2019-03-09 01:57:46'),('FB/CUT/SVFORK/ST/01/1609',435,5,1,0,'2',893,'2019-03-09',NULL,'2019-03-09 02:00:04'),('FB/CUT/SVSPOO/SV/11/1610',436,5,1,0,'2',894,'2019-03-09',NULL,'2019-03-09 02:01:40'),('FB/CUT/SUSPOO/SV/129/1611',437,5,1,0,'2',895,'2019-03-09',NULL,'2019-03-09 02:03:15'),('FB/GL/COFJUG/SV/02/1529',438,5,1,0,'2',896,'2019-03-09',NULL,'2019-03-09 02:10:43'),('FB/CUT/BUTKNIF/SV/60/1612',441,5,1,0,'2',897,'2019-03-09',NULL,'2019-03-09 02:13:39'),('FB/CUT/TSPOO/SV/304/1613',442,5,1,0,'2',898,'2019-03-09',NULL,'2019-03-09 02:15:12'),('FB/CUT/TSPOO/ST/29/1613',442,5,1,0,'2',899,'2019-03-09',NULL,'2019-03-09 02:16:24'),('FB/CUT/TONG/SV/06/1614',444,5,1,0,'2',900,'2019-03-09',NULL,'2019-03-09 02:18:35'),('FB/CUT/CRHAND/ST/23/1615',445,5,1,0,'2',901,'2019-03-09',NULL,'2019-03-09 02:20:45'),('FB/CUT/MXKNIF/ST/44/1616',448,5,1,0,'2',902,'2019-03-09',NULL,'2019-03-09 02:27:44'),('FB/CUT/MXFORK/ST/96/1617',449,5,1,0,'2',903,'2019-03-09',NULL,'2019-03-09 02:30:12'),('FB/CUT/MXSPOO/ST/79/1618',450,5,1,0,'2',904,'2019-03-09',NULL,'2019-03-09 02:31:43'),('FB/CUT/MXTSPO/ST/102/1619',451,5,1,0,'2',905,'2019-03-09',NULL,'2019-03-09 02:33:25'),('FB/GL/SHOTGL/144/1530',452,5,1,0,'2',906,'2019-03-23',NULL,'2019-03-23 04:53:04'),('FB/GL/SHOTGL/48/1531',453,5,1,0,'2',907,'2019-03-23',NULL,'2019-03-23 04:54:46'),('HK/BANQ/NAPK/184/0908',454,5,1,0,'2',908,'2019-06-12',NULL,'2019-06-11 22:33:45'),('KI/KIT/ELE/SCAIL/0500',455,16,1,0,'2',909,'2019-06-12',NULL,'2019-06-12 02:53:01'),('FO/FOI/PHOTO/0051',456,19,1,0,'2',910,'2019-07-18',NULL,'2019-07-18 01:24:43'),('FO/FOI/CASH/0052',457,19,1,0,'2',911,'2019-07-18',NULL,'2019-07-18 01:26:49');

/*Table structure for table `t_trans_code` */

DROP TABLE IF EXISTS `t_trans_code`;

CREATE TABLE `t_trans_code` (
  `code` tinyint(4) NOT NULL,
  `description` varchar(50) NOT NULL,
  PRIMARY KEY (`code`)
) ENGINE=InnoDB DEFAULT CHARSET=latin1;

/*Data for the table `t_trans_code` */

insert  into `t_trans_code`(`code`,`description`) values (1,'OP-BALANCE'),(2,'OP-STOCK'),(3,'PURCHASE'),(4,'TRANSFER'),(5,'CREDIT-SALES'),(6,'HP-SALES'),(7,'INTERNAL'),(8,'SRN'),(9,'SALES'),(10,'PRN'),(11,'DISPATCH-OUT'),(12,'DISPATCH-IN'),(13,'DISPATCH'),(14,'DAMAGE-NOTE'),(15,'STOCK-ADJ'),(16,'RECEIPT'),(17,'CREDIT-NOTE'),(18,'DEBIT-NOTE'),(19,'VOUCHER'),(20,'JOURNAL-ENTRY'),(21,'DEBTOR-SETTLE'),(22,'CREDITOR-SETTLE'),(23,'PO-MAIN-STORE'),(24,'ADVANCE-PAY'),(25,'INSTALLMENT'),(26,'CAPITAL'),(27,'INTEREST'),(28,'GIFT-VOUCHER'),(29,'PRICE-CHANGE'),(30,'QUTATION'),(31,'PURCHASE-REQUISITION'),(32,'PURCHASE-REQUISITION-APPROVE'),(33,'PO'),(34,'SPECIAL-DISCOUNT-SALES'),(35,'PAYABLE-INV'),(36,'RECEIVABLE-INV'),(37,'JOURNAL-ENTRY'),(38,'PETTY-CASH'),(39,'SERIAL-ADJ'),(40,'USER-MODULES'),(41,'SYSTEM-USERS'),(42,'INT-TRANSFER'),(43,'INT-TRANSFER-RECEIVE'),(44,'INT-TRANSFER-RETURN'),(45,'INT-TRANSFER-ORDER'),(46,'PO-DIRECT'),(47,'DAY-PROCESS'),(48,'VOUCHER GL'),(49,'RECEIPT GL'),(50,'DAILY-SUMMERY'),(51,'CHQ-ACKNOWLEDGEMENT'),(52,'BANK-ENTRY'),(53,'CHQ-DEPOSIT'),(54,'CHQ-WITHDRAW'),(55,'BULCK-FOC-SALE'),(56,'BULCK-FOC-PURCHASE'),(57,'CHEQUE-WRITING'),(58,'CREDIT-CARD-RECONCIL'),(59,'GROUP-SALES-BUDGET'),(60,'PURCHASE-GIFT-VOUCHER'),(61,'GIFT-VOUCHER-INTERNEL-TRANSFER-ORDER'),(62,'GIFT-VOUCHER-INTERNEL-TRANSFER'),(63,'GIFT-VOUCHER-SALES'),(64,'GIFT-VOUCHER-INTERNEL-TRANSFER-RECEIVE'),(65,'GIFT-VOUCHER-TRANSFER-RETURN'),(66,'HP INSTALLEMENT'),(67,'HP OTHER CHARGERS'),(68,'SALES ORDER'),(69,'CASH AND CARD SALES'),(70,'SALES ORDER SALES'),(71,'DELIVERY NOTE'),(72,'REBATE APPROVE'),(73,'SEETTU INVOICE'),(74,'SETTU'),(75,'SEETTU ITEM SETUP'),(76,'PENALTY TRANS'),(77,'SETTU LOADING'),(78,'SETTU LOADING REQUEST'),(79,'SETTU UNLOADING'),(80,'INTERNAL TRANSFER RETURN'),(81,'SETTU SALE'),(82,'CHEQUE BOOKS'),(83,'CHEQUE BOOKS ISSUE'),(84,'BANK RECONCILATION'),(85,'UNDIFINED BANK DEPOSIT'),(86,'ERROR MADE BY THE BANK'),(87,'POS CASH SALE'),(88,'CHEQUE RECEIPT RETURN'),(89,'CHEQUE PAYMENT RETURN'),(90,'SERVICE JOB'),(91,'SEND TO SUPPLIER'),(92,'ISSUE RAW METERIALS'),(93,'DAILY ATTENDANCE'),(94,'BANK CHARGERS'),(95,'HP EARLY SETTLEMENT'),(96,'FUND TRANSFER'),(97,'FUND RECEIVE'),(98,'JOB REJECT'),(99,'ADVANCE DOWN PAYMENT'),(100,'HP DOCUMENT CHARGERS RECEIPT'),(101,'HP PENDING APPROVALS'),(102,'JOB ISSUE'),(103,'JOB RECEIVE'),(104,'SERVICE DASH BOARD'),(105,'USED PHONE PURCHASE'),(106,'APPROVE SPECIAL PERMISSION'),(107,'HP RETURN'),(108,'INTERNAL TRANSFER RECEIPT'),(109,'NEW PRODUCT'),(110,'EMPTY ITEM'),(111,'SALES ORDER COMPLETE'),(112,'DELIVERY NOTE'),(113,'ADVANCE REFUND'),(114,'SALES ORDER ADVANCE REFUND '),(115,'ITEM DISPOSE'),(116,'HP SEIZE'),(117,'GIFT VOUCHER PURCHASE RETURN'),(118,'SEIZED ITEMS TO MAIN STORE'),(119,'RIVERT ITEMS TO CUSTOMER'),(120,'DIRECT TRANSFER'),(121,'DIRECT TRANSFER RECEIVE'),(122,'RUNNING CHART'),(123,'PRN CORRECTION'),(124,'MOBILE HP INSTALLMENT'),(125,'STOCK - TRANSFER');

/*Table structure for table `t_transfer_det` */

DROP TABLE IF EXISTS `t_transfer_det`;

CREATE TABLE `t_transfer_det` (
  `code` int(11) DEFAULT NULL,
  `item_code` int(11) DEFAULT NULL,
  `from_location` int(11) DEFAULT NULL,
  `to_location` int(11) DEFAULT NULL,
  `note` varchar(500) DEFAULT NULL,
  `create_datetime` timestamp NULL DEFAULT CURRENT_TIMESTAMP,
  `modify_datetime` datetime DEFAULT NULL,
  KEY `code` (`code`),
  CONSTRAINT `t_transfer_det_ibfk_1` FOREIGN KEY (`code`) REFERENCES `t_transfer_sum` (`code`)
) ENGINE=InnoDB DEFAULT CHARSET=latin1;

/*Data for the table `t_transfer_det` */

insert  into `t_transfer_det`(`code`,`item_code`,`from_location`,`to_location`,`note`,`create_datetime`,`modify_datetime`) values (1,1,2,3,'11111111','2018-06-18 06:19:25',NULL);

/*Table structure for table `t_transfer_other_det` */

DROP TABLE IF EXISTS `t_transfer_other_det`;

CREATE TABLE `t_transfer_other_det` (
  `nno` int(11) DEFAULT NULL,
  `code` int(11) DEFAULT NULL,
  `qty` int(3) DEFAULT NULL
) ENGINE=InnoDB DEFAULT CHARSET=utf8 COLLATE=utf8_unicode_ci;

/*Data for the table `t_transfer_other_det` */

insert  into `t_transfer_other_det`(`nno`,`code`,`qty`) values (1,201,25),(2,102,20),(3,301,3);

/*Table structure for table `t_transfer_other_sum` */

DROP TABLE IF EXISTS `t_transfer_other_sum`;

CREATE TABLE `t_transfer_other_sum` (
  `nno` int(11) NOT NULL,
  `ddate` date DEFAULT NULL,
  `from_location` int(11) DEFAULT NULL,
  `to_location` int(11) DEFAULT NULL,
  `memo` varchar(100) COLLATE utf8_unicode_ci DEFAULT NULL,
  `oc` varchar(20) COLLATE utf8_unicode_ci DEFAULT NULL,
  `action_date` timestamp NOT NULL DEFAULT CURRENT_TIMESTAMP ON UPDATE CURRENT_TIMESTAMP,
  PRIMARY KEY (`nno`)
) ENGINE=InnoDB DEFAULT CHARSET=utf8 COLLATE=utf8_unicode_ci;

/*Data for the table `t_transfer_other_sum` */

insert  into `t_transfer_other_sum`(`nno`,`ddate`,`from_location`,`to_location`,`memo`,`oc`,`action_date`) values (1,'2019-08-26',4,5,'rtycfh','17','2019-08-26 05:00:48'),(2,'2019-08-26',3,5,'tes','17','2019-08-26 05:03:12'),(3,'2019-08-26',9,10,'','17','2019-08-26 05:06:09');

/*Table structure for table `t_transfer_sum` */

DROP TABLE IF EXISTS `t_transfer_sum`;

CREATE TABLE `t_transfer_sum` (
  `code` int(11) NOT NULL,
  `date` date DEFAULT NULL,
  `serial_no` varchar(100) DEFAULT NULL,
  `item_code` int(11) DEFAULT NULL,
  `oc` int(3) DEFAULT NULL,
  `create_datetime` timestamp NULL DEFAULT CURRENT_TIMESTAMP,
  `modify_datetime` datetime DEFAULT NULL,
  PRIMARY KEY (`code`)
) ENGINE=InnoDB DEFAULT CHARSET=latin1;

/*Data for the table `t_transfer_sum` */

insert  into `t_transfer_sum`(`code`,`date`,`serial_no`,`item_code`,`oc`,`create_datetime`,`modify_datetime`) values (1,'2018-06-18','1',1,17,'2018-06-18 11:19:25','2018-06-18 11:19:25');

/*Table structure for table `users` */

DROP TABLE IF EXISTS `users`;

CREATE TABLE `users` (
  `id` int(10) unsigned NOT NULL AUTO_INCREMENT,
  `name` varchar(255) COLLATE utf8mb4_unicode_ci NOT NULL,
  `branch` varchar(20) COLLATE utf8mb4_unicode_ci DEFAULT NULL,
  `username` varbinary(20) DEFAULT NULL,
  `password` varchar(255) COLLATE utf8mb4_unicode_ci NOT NULL,
  `remember_token` varchar(100) COLLATE utf8mb4_unicode_ci DEFAULT NULL,
  `created_at` timestamp NULL DEFAULT NULL,
  `updated_at` timestamp NULL DEFAULT NULL,
  PRIMARY KEY (`id`),
  UNIQUE KEY `uq` (`username`)
) ENGINE=InnoDB AUTO_INCREMENT=18 DEFAULT CHARSET=utf8mb4 COLLATE=utf8mb4_unicode_ci;

/*Data for the table `users` */

insert  into `users`(`id`,`name`,`branch`,`username`,`password`,`remember_token`,`created_at`,`updated_at`) values (17,'User 1','KN','user1','$2y$10$bE7KvMxa.xn1sJXazd4JJ.5Ri8W.i.7zgxsP3uAW0jLcXLTkiAPMC','YpVxEVVBnI2sGqYYAeIZmKTru5ZeraWcziEtKMKCQ2x1nuo34GylBLyR8oOW','2018-02-09 08:51:50','2018-02-09 08:51:50');

/*!40101 SET SQL_MODE=@OLD_SQL_MODE */;
/*!40014 SET FOREIGN_KEY_CHECKS=@OLD_FOREIGN_KEY_CHECKS */;
/*!40014 SET UNIQUE_CHECKS=@OLD_UNIQUE_CHECKS */;
/*!40111 SET SQL_NOTES=@OLD_SQL_NOTES */;
